Player,Team,Matches,Runs,Balls Faced,Batting_50s,Batting_100s,T(4s),T(6s),Overs,Runs_Given,Wickets,Batting_Average,StrikeRate,Bowling_Average,Bowling_SR,Economy
SC Ganguly,Kolkata Knight Riders,0.0,6,6,0,0,0,1,46.0,370,10,0.0,151.68968557155452,37.0,27.6,8.458106098165592
P Kumar,Royal Challengers Bangalore,0.0,2,2,0,0,0,0,417.0,3342,89,0.0,74.64788732394366,37.550561797752806,28.1123595505618,8.841524573721163
Z Khan,Royal Challengers Bangalore,0.0,1,1,0,0,0,0,364.0,2860,101,0.0,128.2035561005518,28.316831683168317,21.623762376237625,8.647058823529411
AA Noffke,Royal Challengers Bangalore,0.0,0,0,0,0,0,0,4.0,41,1,0.0,100.0,41.0,24.0,6.670520231213873
JH Kallis,Royal Challengers Bangalore,0.0,8,9,0,0,1,0,290.0,2348,64,0.0,137.63066202090593,36.6875,27.1875,9.230769230769232
SB Joshi,Royal Challengers Bangalore,0.0,0,0,0,0,0,0,9.0,82,1,0.0,0.0,82.0,54.0,10.021739130434783
DJ Hussey,Kolkata Knight Riders,0.0,6,5,0,0,1,0,52.0,485,8,0.0,50.0,60.625,39.0,7.936320754716981
CL White,Royal Challengers Bangalore,0.0,9,3,0,0,2,0,7.0,86,1,0.0,130.76923076923077,86.0,42.0,10.173913043478262
Mohammad Hafeez,Kolkata Knight Riders,8.0,0,0,0,0,0,0,10.0,71,2,0.0,140.50632911392404,35.5,30.0,10.0
AB Dinda,Kolkata Knight Riders,0.0,0,0,0,0,0,0,251.0,2103,69,0.0,86.36363636363636,30.47826086956522,21.82608695652174,6.884615384615385
I Sharma,Kolkata Knight Riders,0.0,0,0,0,0,0,0,383.0,3255,92,0.0,103.33333333333334,35.380434782608695,24.97826086956522,7.630283483279579
V Kohli,Royal Challengers Bangalore,0.0,19,18,0,0,1,1,40.0,371,4,0.0,116.46447140381282,92.75,60.0,8.443667763157896
AB Agarkar,Kolkata Knight Riders,0.0,2,3,0,0,0,0,130.0,1174,28,0.0,116.1676646706587,41.92857142857143,27.857142857142858,8.666666666666666
B Akhil,Royal Challengers Bangalore,0.0,0,0,0,0,0,0,31.0,246,6,0.0,137.3846153846154,41.0,31.0,6.738816738816739
LR Shukla,Kolkata Knight Riders,0.0,0,0,0,0,0,0,51.0,458,14,0.0,106.4516129032258,32.714285714285715,21.857142857142858,7.462686567164179
B Lee,Kings XI Punjab,0.0,0,1,0,0,0,0,145.0,1126,23,0.0,138.46153846153845,48.95652173913044,37.82608695652174,9.221902017291066
S Sreesanth,Kings XI Punjab,0.0,0,0,0,0,0,0,145.0,1221,38,0.0,138.39464882943145,32.13157894736842,22.894736842105264,9.56802063185042
JR Hopes,Kings XI Punjab,0.0,0,1,0,0,0,0,60.0,562,13,0.0,79.3103448275862,43.23076923076923,27.692307692307693,8.799772468714448
IK Pathan,Kings XI Punjab,0.0,1,3,0,0,0,0,334.0,2711,77,0.0,126.5734265734266,35.20779220779221,26.025974025974026,8.8
SK Raina,Chennai Super Kings,0.0,23,21,0,0,2,1,148.0,1139,22,0.0,62.5,51.77272727272727,40.36363636363637,9.916666666666666
PP Chawla,Kings XI Punjab,0.0,1,2,0,0,0,0,637.0,5179,185,0.0,137.5,27.994594594594595,20.65945945945946,7.985074626865671
WA Mota,Kings XI Punjab,0.0,0,0,0,0,0,0,12.0,98,4,0.0,154.54545454545453,24.5,18.0,7.58761206193969
JDP Oram,Chennai Super Kings,0.0,0,1,0,0,0,0,39.0,362,8,0.0,124.17582417582418,45.25,29.25,7.882822902796272
MS Gony,Chennai Super Kings,0.0,0,1,0,0,0,0,148.0,1317,35,0.0,100.0,37.628571428571426,25.37142857142857,8.675742574257425
M Muralitharan,Chennai Super Kings,0.0,0,1,0,0,0,0,253.0,1765,63,0.0,133.33333333333331,28.015873015873016,24.095238095238095,10.516129032258064
Joginder Sharma,Chennai Super Kings,5.0,0,0,0,0,0,0,42.0,421,12,0.0,131.35593220338984,35.083333333333336,21.0,8.43661971830986
Yuvraj Singh,Kings XI Punjab,126.0,12,7,0,0,2,0,144.0,1091,34,0.09523809523809523,50.0,32.088235294117645,25.41176470588235,7.255567338282079
GD McGrath,Delhi Daredevils,0.0,0,0,0,0,0,0,54.0,366,12,0.0,123.42215988779805,30.5,27.0,8.1421647819063
YK Pathan,Rajasthan Royals,0.0,12,12,0,0,0,0,190.0,1443,40,0.0,57.14285714285714,36.075,28.5,8.428571428571429
SR Watson,Rajasthan Royals,0.0,16,12,0,0,3,0,335.0,2742,90,0.0,116.23376623376625,30.466666666666665,22.333333333333332,8.8909541511772
MF Maharoof,Delhi Daredevils,0.0,0,0,0,0,0,0,70.0,532,27,0.0,170.0,19.703703703703702,15.555555555555555,8.114583333333334
R Bhatia,Delhi Daredevils,0.0,0,0,0,0,0,0,271.0,2059,69,0.0,160.0,29.840579710144926,23.565217391304348,8.649940262843488
RA Jadeja,Rajasthan Royals,0.0,17,13,0,0,0,1,633.0,4917,153,0.0,80.0,32.13725490196079,24.823529411764707,8.95
DL Vettori,Delhi Daredevils,0.0,0,1,0,0,0,0,128.0,894,28,0.0,102.5,31.928571428571427,27.428571428571427,7.595399895452169
D Salunkhe,Rajasthan Royals,0.0,0,0,0,0,0,0,7.0,80,1,0.0,91.83673469387756,80.0,42.0,7.41565452091768
SK Warne,Rajasthan Royals,0.0,1,1,0,0,0,0,199.0,1465,52,0.0,141.98250728862973,28.173076923076923,22.96153846153846,9.007936507936508
SK Trivedi,Rajasthan Royals,0.0,0,1,0,0,0,0,248.0,1944,63,0.0,110.34482758620688,30.857142857142858,23.61904761904762,7.347417840375587
MM Patel,Rajasthan Royals,0.0,0,0,0,0,0,0,224.0,1733,71,0.0,125.42372881355932,24.408450704225352,18.929577464788732,8.800468110005852
V Sehwag,Delhi Daredevils,0.0,15,15,0,0,1,1,22.0,236,6,0.0,105.26315789473684,39.333333333333336,22.0,9.1
S Dhawan,Delhi Daredevils,0.0,33,22,0,0,5,1,8.0,72,4,0.0,71.42857142857143,18.0,12.0,9.33415536374846
ST Jayasuriya,Mumbai Indians,0.0,8,3,0,0,0,1,49.0,396,13,0.0,84.375,30.46153846153846,22.615384615384617,8.331838565022421
DJ Thornely,Mumbai Indians,0.0,0,0,0,0,0,0,7.0,40,2,0.0,110.57692307692308,20.0,21.0,10.452488687782806
R Vinay Kumar,Royal Challengers Bangalore,0.0,0,0,0,0,0,0,351.0,3041,101,0.0,127.54473452625405,30.10891089108911,20.85148514851485,8.849182313749242
AM Nayar,Mumbai Indians,0.0,8,4,0,0,1,0,38.0,323,9,0.0,90.9307875894988,35.888888888888886,25.333333333333332,7.032998565279771
SM Pollock,Mumbai Indians,0.0,0,0,0,0,0,0,46.0,307,11,0.0,84.48275862068965,27.90909090909091,25.09090909090909,7.686185332575326
Harbhajan Singh,Mumbai Indians,88.0,9,5,0,0,2,0,568.0,4101,138,0.10227272727272728,20.0,29.717391304347824,24.695652173913043,8.90310786106033
A Nehra,Mumbai Indians,0.0,2,2,0,0,0,0,316.0,2537,104,0.0,57.14285714285714,24.39423076923077,18.23076923076923,8.55776306107432
DS Kulkarni,Mumbai Indians,0.0,0,0,0,0,0,0,294.0,2513,82,0.0,174.0,30.646341463414632,21.51219512195122,7.0
AC Gilchrist,Deccan Chargers,0.0,23,12,0,0,5,0,0.0,0,1,0.0,116.98113207547168,0.0,0.0,11.23404255319149
Y Venugopal Rao,Deccan Chargers,0.0,5,4,0,0,1,0,36.0,338,6,0.0,123.0,56.333333333333336,36.0,8.633279483037157
A Symonds,Deccan Chargers,0.0,1,5,0,0,0,0,87.0,694,19,0.0,129.86666666666667,36.526315789473685,27.473684210526315,8.216046615867324
M Kartik,Kolkata Knight Riders,0.0,1,1,0,0,0,0,191.0,1418,29,0.0,119.73684210526316,48.89655172413793,39.51724137931034,8.636363636363637
RG Sharma,Deccan Chargers,0.0,42,18,0,0,4,3,56.0,462,14,0.0,125.91304347826086,33.0,24.0,8.338068181818182
SB Styris,Deccan Chargers,0.0,0,1,0,0,0,0,36.0,278,8,0.0,125.0,34.75,27.0,9.049180327868852
SB Bangar,Deccan Chargers,0.0,0,0,0,0,0,0,25.0,221,4,0.0,74.46808510638297,55.25,37.5,13.86861313868613
WPUJC Vaas,Deccan Chargers,0.0,6,1,0,0,0,1,47.0,364,18,0.0,95.45454545454544,20.22222222222222,15.666666666666666,7.463352453792224
RP Singh,Deccan Chargers,28.0,0,0,0,0,0,0,293.0,2417,88,0.0,109.09090909090908,27.46590909090909,19.977272727272727,7.92989417989418
PP Ojha,Deccan Chargers,0.0,0,1,0,0,0,0,314.0,2399,89,0.0,100.0,26.95505617977528,21.168539325842698,9.5
Pankaj Singh,Rajasthan Royals,5.0,0,0,0,0,0,0,50.0,472,11,0.0,63.41463414634146,42.90909090909091,27.272727272727273,9.235294117647058
Mohammad Asif,Delhi Daredevils,2.0,0,0,0,0,0,0,32.0,307,7,0.0,129.8507462686567,43.857142857142854,27.428571428571427,7.3377028714107375
VY Mahesh,Delhi Daredevils,0.0,0,0,0,0,0,0,56.0,511,21,0.0,77.77777777777779,24.333333333333332,16.0,9.174603174603174
Shahid Afridi,Deccan Chargers,9.0,0,0,0,0,0,0,30.0,237,9,0.0,122.93577981651376,26.333333333333332,20.0,8.663755458515285
DJ Bravo,Mumbai Indians,0.0,14,8,0,0,1,1,513.0,4436,172,0.0,109.75609756097562,25.790697674418606,17.8953488372093,6.977928692699491
MA Khote,Mumbai Indians,0.0,0,0,0,0,0,0,5.0,52,2,0.0,115.78947368421052,26.0,15.0,8.366013071895425
D Kalyankrishna,Deccan Chargers,0.0,0,0,0,0,0,0,8.0,88,2,0.0,109.52380952380952,44.0,24.0,8.160377358490566
VRV Singh,Kings XI Punjab,0.0,0,0,0,0,0,0,60.0,549,12,0.0,76.59574468085107,45.75,30.0,7.555555555555555
Sohail Tanvir,Rajasthan Royals,5.0,1,1,0,0,0,0,41.0,275,22,0.2,114.4736842105263,12.5,11.181818181818182,9.14516129032258
A Kumble,Royal Challengers Bangalore,0.0,0,0,0,0,0,0,159.0,1089,44,0.0,87.5,24.75,21.681818181818183,8.23076923076923
DNT Zoysa,Deccan Chargers,0.0,0,0,0,0,0,0,11.0,100,1,0.0,144.44444444444443,100.0,66.0,8.612521150592217
AM Rahane,Mumbai Indians,0.0,2,4,0,0,0,0,1.0,5,1,0.0,125.64102564102564,5.0,6.0,7.377928814165623
SD Chitnis,Mumbai Indians,0.0,6,1,0,0,0,1,6.0,62,2,0.0,120.0,31.0,18.0,8.67403314917127
Shoaib Malik,Delhi Daredevils,5.0,1,1,0,0,0,0,8.0,87,1,0.2,67.56756756756756,87.0,48.0,11.666666666666666
MK Tiwary,Delhi Daredevils,0.0,10,5,0,0,2,0,7.0,83,1,0.0,100.0,83.0,42.0,7.876680574872507
DW Steyn,Royal Challengers Bangalore,0.0,0,0,0,0,0,0,361.0,2583,94,0.0,169.56521739130434,27.47872340425532,23.04255319148936,8.035961272475793
JA Morkel,Chennai Super Kings,0.0,8,4,0,0,0,1,286.0,2409,82,0.0,66.12903225806451,29.378048780487806,20.926829268292682,8.5
CRD Fernando,Mumbai Indians,0.0,0,0,0,0,0,0,39.0,306,16,0.0,145.0777202072539,19.125,14.625,9.52
Umar Gul,Kolkata Knight Riders,4.0,0,0,0,0,0,0,22.0,198,12,0.0,90.0,16.5,11.0,8.435897435897436
BJ Hodge,Kolkata Knight Riders,0.0,1,6,0,0,0,0,39.0,310,17,0.0,54.166666666666664,18.235294117647058,13.764705882352942,8.7192851824274
S Vidyut,Chennai Super Kings,0.0,0,0,0,0,0,0,2.0,22,1,0.0,112.64044943820224,22.0,12.0,9.015384615384615
PJ Sangwan,Delhi Daredevils,0.0,0,0,0,0,0,0,142.0,1267,38,0.0,30.0,33.3421052631579,22.42105263157895,8.26530612244898
M Ntini,Chennai Super Kings,0.0,0,0,0,0,0,0,35.0,257,7,0.0,144.1860465116279,36.714285714285715,30.0,14.5
DB Ravi Teja,Deccan Chargers,0.0,2,2,0,0,0,0,3.0,28,1,0.0,155.0,28.0,18.0,7.841004184100418
DP Vijaykumar,Deccan Chargers,0.0,0,0,0,0,0,0,25.0,205,4,0.0,130.81180811808116,51.25,37.5,9.62264150943396
RR Raje,Mumbai Indians,0.0,0,0,0,0,0,0,22.0,214,6,0.0,132.11920529801324,35.666666666666664,22.0,6.666666666666667
L Balaji,Chennai Super Kings,0.0,0,0,0,0,0,0,248.0,2083,74,0.0,81.17647058823529,28.14864864864865,20.10810810810811,8.004434589800443
DR Smith,Mumbai Indians,0.0,6,9,0,0,1,0,89.0,825,26,0.0,128.05280528052805,31.73076923076923,20.53846153846154,8.2
AD Mascarenhas,Rajasthan Royals,0.0,0,0,0,0,0,0,51.0,365,18,0.0,70.0,20.27777777777778,17.0,9.869565217391305
TM Dilshan,Delhi Daredevils,0.0,15,6,0,0,3,0,45.0,368,5,0.0,138.1818181818182,73.6,54.0,7.773809523809524
A Mishra,Delhi Daredevils,0.0,1,2,0,0,0,0,559.0,4193,170,0.0,71.42857142857143,24.66470588235294,19.729411764705883,9.566787003610107
Iqbal Abdulla,Kolkata Knight Riders,13.0,1,2,0,0,0,0,152.0,1125,38,0.07692307692307693,91.42857142857144,29.605263157894736,24.0,8.028776978417266
Shoaib Akhtar,Kolkata Knight Riders,1.0,0,0,0,0,0,0,7.0,54,5,0.0,168.79432624113474,10.8,8.4,8.468441519593181
RR Powar,Kings XI Punjab,0.0,0,0,0,0,0,0,71.0,538,13,0.0,114.28571428571428,41.38461538461539,32.76923076923077,8.460354118552733
PM Sarvesh Kumar,Deccan Chargers,1.0,0,0,0,0,0,0,5.0,42,1,0.0,38.46153846153847,42.0,30.0,6.25
BAW Mendis,Kolkata Knight Riders,0.0,0,0,0,0,0,0,40.0,306,7,0.0,137.85714285714286,43.714285714285715,34.285714285714285,9.325664418881397
T Thushara,Chennai Super Kings,0.0,0,0,0,0,0,0,22.0,164,8,0.0,133.9541547277937,20.5,16.5,10.541666666666666
A Flintoff,Chennai Super Kings,0.0,0,0,0,0,0,0,11.0,106,1,0.0,33.33333333333333,106.0,66.0,8.89655172413793
JP Duminy,Mumbai Indians,0.0,3,5,0,0,0,0,112.0,847,21,0.0,145.0261780104712,40.333333333333336,32.0,8.75
SL Malinga,Mumbai Indians,0.0,0,0,0,0,0,0,464.0,3486,164,0.0,111.55378486055776,21.25609756097561,16.975609756097562,9.68421052631579
JD Ryder,Royal Challengers Bangalore,0.0,8,3,0,0,2,0,39.0,314,8,0.0,85.71428571428571,39.25,29.25,13.25
KP Pietersen,Royal Challengers Bangalore,0.0,1,1,0,0,0,0,29.0,218,7,0.0,95.28619528619528,31.142857142857142,24.857142857142858,7.901498929336188
Kamran Khan,Rajasthan Royals,1.0,0,0,0,0,0,0,27.0,248,10,0.0,250.0,24.8,16.2,8.026565464895635
T Henderson,Rajasthan Royals,0.0,0,1,0,0,0,0,6.0,41,1,0.0,110.61946902654869,41.0,36.0,7.821428571428571
RS Bopara,Kings XI Punjab,0.0,0,0,0,0,0,0,34.0,301,8,0.0,152.03252032520325,37.625,25.5,9.671440606571188
DP Nannes,Delhi Daredevils,0.0,0,0,0,0,0,0,106.0,815,27,0.0,94.5945945945946,30.185185185185187,23.555555555555557,10.098039215686274
YA Abdulla,Kings XI Punjab,0.0,0,0,0,0,0,0,34.0,311,15,0.0,163.63636363636363,20.733333333333334,13.6,8.140576869224308
VS Malik,Kings XI Punjab,0.0,0,0,0,0,0,0,34.0,268,6,0.0,125.22361359570662,44.666666666666664,34.0,11.01522842639594
FH Edwards,Deccan Chargers,0.0,0,0,0,0,0,0,22.0,160,5,0.0,100.0,32.0,26.4,7.705882352941177
CH Gayle,Kolkata Knight Riders,0.0,41,15,0,0,1,5,90.0,755,18,0.0,131.74748398902105,41.94444444444444,30.0,8.513513513513512
Harmeet Singh,Deccan Chargers,4.0,0,0,0,0,0,0,90.0,747,25,0.0,127.83505154639174,29.88,21.6,7.545454545454546
MC Henriques,Kolkata Knight Riders,0.0,4,3,0,0,1,0,157.0,1302,41,0.0,83.76068376068376,31.75609756097561,22.975609756097562,6.846153846153846
KV Sharma,Royal Challengers Bangalore,0.0,0,0,0,0,0,0,244.0,2130,73,0.0,160.2836879432624,29.17808219178082,20.054794520547944,7.9187455452601565
PC Valthaty,Rajasthan Royals,0.0,6,4,0,0,1,0,25.0,207,7,0.0,126.35761589403972,29.571428571428573,21.428571428571427,8.94308943089431
Anureet Singh,Kings XI Punjab,8.0,0,0,0,0,0,0,67.0,636,18,0.0,163.06306306306303,35.333333333333336,22.333333333333332,9.25373134328358
KP Appanna,Royal Challengers Bangalore,3.0,0,0,0,0,0,0,36.0,291,9,0.0,69.56521739130434,32.333333333333336,24.0,9.333333333333334
Shoaib Ahmed,Deccan Chargers,3.0,0,0,0,0,0,0,17.0,154,5,0.0,153.84615384615387,30.8,20.4,14.0
RE van der Merwe,Royal Challengers Bangalore,0.0,0,0,0,0,0,0,73.0,515,19,0.0,110.95890410958904,27.105263157894736,23.05263157894737,5.238095238095238
TL Suman,Deccan Chargers,0.0,0,2,0,0,0,0,25.0,198,6,0.0,78.94736842105263,33.0,25.0,9.0
S Tyagi,Chennai Super Kings,0.0,0,0,0,0,0,0,35.0,304,6,0.0,88.88888888888889,50.666666666666664,35.0,10.0
GR Napier,Mumbai Indians,0.0,0,0,0,0,0,0,4.0,28,1,0.0,64.51612903225806,28.0,24.0,8.894736842105264
SM Harwood,Rajasthan Royals,0.0,1,1,0,0,0,0,10.0,74,3,0.0,0.0,24.666666666666668,20.0,8.075772681954138
LA Carseldine,Rajasthan Royals,0.0,1,2,0,0,0,0,1.0,6,1,0.0,99.74424552429667,6.0,6.0,7.785714285714286
SB Jakati,Chennai Super Kings,0.0,0,0,0,0,0,0,180.0,1474,45,0.0,112.66666666666669,32.75555555555555,24.0,8.656126482213438
D du Preez,Royal Challengers Bangalore,0.0,0,0,0,0,0,0,7.0,56,4,0.0,148.96489648964896,14.0,10.5,10.06079027355623
RJ Harris,Deccan Chargers,0.0,1,1,0,0,0,0,138.0,1085,43,0.0,105.1948051948052,25.232558139534884,19.25581395348837,8.25
A Singh,Rajasthan Royals,0.0,0,1,0,0,0,0,77.0,639,28,0.0,140.63492063492063,22.821428571428573,16.5,7.0
M Morkel,Rajasthan Royals,0.0,4,1,0,0,1,0,271.0,2136,77,0.0,155.27638190954772,27.74025974025974,21.116883116883116,7.069767441860465
A Mithun,Royal Challengers Bangalore,0.0,0,0,0,0,0,0,48.0,477,7,0.0,101.29870129870127,68.14285714285714,41.142857142857146,9.0
C Nanda,Mumbai Indians,0.0,0,0,0,0,0,0,8.0,58,2,0.0,53.333333333333336,29.0,24.0,12.333333333333334
AD Mathews,Kolkata Knight Riders,0.0,2,2,0,0,0,0,131.0,1095,27,0.0,113.88888888888889,40.55555555555556,29.11111111111111,9.433962264150944
J Botha,Rajasthan Royals,0.0,1,1,0,0,0,0,115.0,818,23,0.0,125.531914893617,35.56521739130435,30.0,9.657039711191336
AB McDonald,Delhi Daredevils,0.0,0,0,0,0,0,0,31.0,263,11,0.0,134.66666666666666,23.90909090909091,16.90909090909091,7.0
Y Nagar,Delhi Daredevils,0.0,0,0,0,0,0,0,11.0,125,3,0.0,127.18676122931444,41.666666666666664,22.0,8.0
CK Langeveldt,Kolkata Knight Riders,0.0,0,0,0,0,0,0,26.0,199,13,0.0,116.16161616161617,15.307692307692308,12.0,8.272727272727273
R Ashwin,Chennai Super Kings,0.0,1,1,0,0,0,0,750.0,5435,174,0.0,104.375,31.235632183908045,25.862068965517242,10.8
Jaskaran Singh,Deccan Chargers,4.0,0,0,0,0,0,0,17.0,174,6,0.0,79.16666666666666,29.0,17.0,9.333333333333334
SW Tait,Rajasthan Royals,0.0,0,0,0,0,0,0,78.0,668,22,0.0,58.333333333333336,30.363636363636363,21.272727272727273,11.31868131868132
A Uniyal,Rajasthan Royals,0.0,0,0,0,0,0,0,6.0,67,2,0.0,119.25133689839572,33.5,18.0,8.714153561517115
AA Jhunjhunwala,Rajasthan Royals,0.0,0,1,0,0,0,0,14.0,130,1,0.0,109.9009900990099,130.0,84.0,9.533527696793003
R Sathish,Mumbai Indians,0.0,1,1,0,0,0,0,23.0,233,2,0.0,100.0,116.5,69.0,8.431637981048155
R McLaren,Mumbai Indians,0.0,0,0,0,0,0,0,59.0,558,12,0.0,107.07964601769912,46.5,29.5,9.540229885057473
AG Murtaza,Mumbai Indians,0.0,0,0,0,0,0,0,44.0,322,9,0.0,122.40663900414938,35.77777777777778,29.333333333333332,9.5
JM Kemp,Chennai Super Kings,0.0,0,0,0,0,0,0,7.0,58,3,0.0,120.0,19.333333333333332,14.0,8.716666666666667
S Ladda,Delhi Daredevils,0.0,0,0,0,0,0,0,23.0,225,5,0.0,100.0,45.0,27.6,7.406839105655415
Bipul Sharma,Kings XI Punjab,17.0,0,0,0,0,0,0,70.0,581,17,0.0,0.0,34.1764705882353,24.705882352941178,9.825783972125434
SE Bond,Kolkata Knight Riders,0.0,0,0,0,0,0,0,31.0,225,8,0.0,75.0,28.125,23.25,9.942028985507246
KA Pollard,Mumbai Indians,0.0,26,14,0,0,1,3,244.0,2200,62,0.0,100.0,35.483870967741936,23.612903225806452,11.866666666666667
S Narwal,Rajasthan Royals,0.0,0,0,0,0,0,0,17.0,203,5,0.0,122.97674418604652,40.6,20.4,7.777777777777778
UT Yadav,Delhi Daredevils,0.0,0,0,0,0,0,0,507.0,4442,142,0.0,138.3987761346252,31.281690140845072,21.422535211267604,9.019488428745433
SJ Srivastava,Kings XI Punjab,0.0,0,0,0,0,0,0,47.0,444,13,0.0,139.91688538932635,34.15384615384615,21.692307692307693,8.727272727272727
R Sharma,Deccan Chargers,0.0,0,0,0,0,0,0,154.0,1100,38,0.0,146.53465346534654,28.94736842105263,24.31578947368421,10.88888888888889
J Theron,Kings XI Punjab,0.0,0,0,0,0,0,0,36.0,311,11,0.0,85.48387096774194,28.272727272727273,19.636363636363637,8.958442924776435
NLTC Perera,Kochi Tuskers Kerala,0.0,3,3,0,0,0,0,114.0,1031,31,0.0,93.87755102040816,33.25806451612903,22.06451612903226,7.719298245614035
PD Collingwood,Delhi Daredevils,0.0,0,0,0,0,0,0,14.0,101,4,0.0,100.0,25.25,21.0,10.727969348659004
SB Wagh,Pune Warriors,0.0,0,0,0,0,0,0,17.0,147,5,0.0,116.47509578544062,29.4,20.4,9.34959349593496
DE Bollinger,Chennai Super Kings,0.0,0,1,0,0,0,0,95.0,716,35,0.0,135.59322033898303,20.457142857142856,16.285714285714285,8.587719298245615
JD Unadkat,Royal Challengers Bangalore,0.0,0,0,0,0,0,0,352.0,3219,93,0.0,128.6549707602339,34.61290322580645,22.70967741935484,9.3598233995585
AP Dole,Rajasthan Royals,0.0,0,0,0,0,0,0,11.0,114,5,0.0,125.39159109645507,22.8,13.2,8.847402597402597
AN Ahmed,Mumbai Indians,0.0,0,0,0,0,0,0,57.0,515,12,0.0,141.28440366972478,42.916666666666664,28.5,8.820512820512821
MR Marsh,Deccan Chargers,0.0,0,0,0,0,0,0,92.0,803,37,0.0,100.0,21.7027027027027,14.91891891891892,12.555555555555555
L Ablish,Kings XI Punjab,0.0,0,0,0,0,0,0,7.0,76,3,0.0,142.47787610619469,25.333333333333332,14.0,60.0
AJ Finch,Rajasthan Royals,0.0,9,9,0,0,0,1,7.0,67,1,0.0,96.29629629629628,67.0,42.0,8.75
STR Binny,Mumbai Indians,0.0,1,1,0,0,0,0,99.0,763,22,0.0,172.72727272727272,34.68181818181818,27.0,8.583175205566098
ND Doshi,Rajasthan Royals,0.0,0,0,0,0,0,0,9.0,79,2,0.0,76.47058823529412,39.5,27.0,26.666666666666668
TG Southee,Rajasthan Royals,0.0,0,1,0,0,0,0,201.0,1774,45,0.0,133.33333333333331,39.422222222222224,26.8,9.27777777777778
S Randiv,Chennai Super Kings,0.0,0,0,0,0,0,0,29.0,223,6,0.0,76.92307692307693,37.166666666666664,29.0,10.0
DT Christian,Deccan Chargers,0.0,8,4,0,0,0,1,145.0,1218,36,0.0,101.28205128205128,33.833333333333336,24.166666666666668,8.6
AL Menaria,Rajasthan Royals,0.0,6,2,0,0,0,1,18.0,144,2,0.0,132.70643549808992,72.0,54.0,13.0
RV Gomez,Kochi Tuskers Kerala,0.0,0,0,0,0,0,0,16.0,130,5,0.0,137.5,26.0,19.2,9.066666666666666
JEC Franklin,Mumbai Indians,0.0,0,1,0,0,0,0,25.0,225,9,0.0,30.76923076923077,25.0,16.666666666666668,13.5
AC Thomas,Pune Warriors,0.0,0,0,0,0,0,0,52.0,416,14,0.0,124.08759124087592,29.714285714285715,22.285714285714285,7.0
WD Parnell,Pune Warriors,0.0,0,0,0,0,0,0,118.0,968,34,0.0,37.5,28.470588235294116,20.823529411764707,8.707865168539325
RN ten Doeschate,Kolkata Knight Riders,0.0,0,0,0,0,0,0,13.0,94,1,0.0,73.58490566037736,94.0,78.0,7.666666666666667
S Nadeem,Delhi Daredevils,0.0,0,0,0,0,0,0,234.0,1800,43,0.0,33.33333333333333,41.86046511627907,32.651162790697676,11.555555555555555
BA Bhatt,Kings XI Punjab,0.0,0,0,0,0,0,0,48.0,408,11,0.0,91.30434782608695,37.09090909090909,26.181818181818183,8.108791903858318
JJ van der Wath,Royal Challengers Bangalore,0.0,0,0,0,0,0,0,12.0,134,3,0.0,133.33333333333331,44.666666666666664,24.0,7.5625
S Aravind,Royal Challengers Bangalore,0.0,0,0,0,0,0,0,126.0,1057,42,0.0,153.57142857142858,25.166666666666668,18.0,9.0
R Ninan,Royal Challengers Bangalore,0.0,0,1,0,0,0,0,6.0,65,3,0.0,157.14285714285714,21.666666666666668,12.0,6.333333333333333
Shakib Al Hasan,Kolkata Knight Riders,52.0,7,4,0,0,1,0,246.0,1864,61,0.1346153846153846,118.29652996845424,30.557377049180328,24.19672131147541,11.5
J Syed Mohammad,Royal Challengers Bangalore,0.0,0,0,0,0,0,0,32.0,286,8,0.0,129.56810631229237,35.75,24.0,8.690654672663669
VR Aaron,Delhi Daredevils,0.0,1,1,0,0,0,0,163.0,1527,44,0.0,135.20408163265304,34.70454545454545,22.227272727272727,7.451377633711508
JE Taylor,Pune Warriors,0.0,0,0,0,0,0,0,19.0,167,6,0.0,171.42857142857142,27.833333333333332,19.0,9.0
KMDN Kulasekara,Chennai Super Kings,0.0,0,0,0,0,0,0,17.0,122,4,0.0,122.6003490401396,30.5,25.5,9.451219512195122
P Parameswaran,Kochi Tuskers Kerala,0.0,0,0,0,0,0,0,25.0,226,8,0.0,137.1069182389937,28.25,18.75,11.025641025641024
B Kumar,Pune Warriors,0.0,0,1,0,0,0,0,647.0,5051,175,0.0,73.68421052631578,28.86285714285714,22.18285714285714,7.333333333333333
AA Chavan,Rajasthan Royals,0.0,0,0,0,0,0,0,41.0,339,8,0.0,134.14475819539112,42.375,30.75,7.195767195767195
JP Faulkner,Kings XI Punjab,0.0,3,5,0,0,0,0,201.0,1849,61,0.0,105.78034682080926,30.311475409836067,19.770491803278688,8.013268156424582
GJ Maxwell,Delhi Daredevils,0.0,8,8,0,0,2,0,156.0,1311,37,0.0,107.6923076923077,35.432432432432435,25.2972972972973,8.168567807351078
M de Lange,Mumbai Indians,0.0,0,0,0,0,0,0,18.0,171,5,0.0,143.90243902439025,34.2,21.6,7.882352941176471
MN Samuels,Pune Warriors,0.0,0,0,0,0,0,0,35.0,285,9,0.0,23.076923076923077,31.666666666666668,23.333333333333332,9.607142857142858
KK Cooper,Rajasthan Royals,0.0,1,1,0,0,0,0,96.0,789,32,0.0,80.0,24.65625,18.0,9.05
DAJ Bracewell,Delhi Daredevils,0.0,0,0,0,0,0,0,4.0,32,3,0.0,123.88366627497062,10.666666666666666,8.0,8.046181172291297
HV Patel,Royal Challengers Bangalore,0.0,0,0,0,0,0,0,356.0,3215,133,0.0,121.875,24.172932330827066,16.06015037593985,9.75
Ankit Sharma,Deccan Chargers,10.0,0,0,0,0,0,0,61.0,453,12,0.0,50.0,37.75,30.5,8.349645629429633
SP Narine,Kolkata Knight Riders,0.0,2,1,0,0,0,0,679.0,4672,171,0.0,157.6231884057971,27.321637426900583,23.82456140350877,8.296296296296296
GB Hogg,Rajasthan Royals,0.0,0,0,0,0,0,0,76.0,585,23,0.0,80.0,25.434782608695652,19.82608695652174,7.797619047619047
P Awana,Kings XI Punjab,0.0,0,0,0,0,0,0,124.0,1046,39,0.0,118.1818181818182,26.82051282051282,19.076923076923077,8.504504504504505
V Pratap Singh,Deccan Chargers,0.0,0,0,0,0,0,0,34.0,300,10,0.0,111.76470588235294,30.0,20.4,8.989071038251366
CJ McKay,Mumbai Indians,0.0,0,0,0,0,0,0,7.0,60,1,0.0,110.62874251497006,60.0,42.0,10.666666666666666
AD Russell,Delhi Daredevils,0.0,23,16,0,0,3,1,278.0,2691,109,0.0,93.75,24.68807339449541,15.302752293577981,9.0
A Ashish Reddy,Deccan Chargers,0.0,0,0,0,0,0,0,42.0,400,17,0.0,121.09004739336493,23.529411764705884,14.823529411764707,10.636363636363637
Azhar Mahmood,Kings XI Punjab,21.0,0,0,0,0,0,0,87.0,707,28,0.0,40.0,25.25,18.642857142857142,7.085091420534459
P Negi,Delhi Daredevils,0.0,1,1,0,0,0,0,119.0,954,32,0.0,88.47352024922118,29.8125,22.3125,8.199445983379501
A Chandila,Rajasthan Royals,0.0,0,0,0,0,0,0,39.0,245,6,0.0,137.9139072847682,40.833333333333336,39.0,7.588260314759676
LJ Wright,Pune Warriors,0.0,4,1,0,0,1,0,11.0,125,2,0.0,145.86228679722046,62.5,33.0,9.06515580736544
RJ Peterson,Mumbai Indians,0.0,0,0,0,0,0,0,8.0,70,3,0.0,42.857142857142854,23.333333333333332,16.0,8.8
R Shukla,Rajasthan Royals,0.0,0,0,0,0,0,0,20.0,217,5,0.0,150.0,43.4,24.0,6.935840707964601
MJ Clarke,Pune Warriors,0.0,0,0,0,0,0,0,11.0,72,2,0.0,116.1764705882353,36.0,33.0,9.23950056753689
Gurkeerat Singh,Kings XI Punjab,0.0,0,0,0,0,0,0,13.0,97,5,0.0,112.94117647058825,19.4,15.6,9.724137931034482
MG Johnson,Mumbai Indians,0.0,1,1,0,0,0,0,204.0,1740,62,0.0,123.3766233766234,28.06451612903226,19.741935483870968,10.333333333333334
JJ Bumrah,Mumbai Indians,0.0,0,1,0,0,0,0,509.0,3840,164,0.0,20.0,23.414634146341463,18.621951219512194,9.6
GH Vihari,Sunrisers Hyderabad,0.0,3,2,0,0,0,0,7.0,48,1,0.0,128.26086956521738,48.0,42.0,10.0
S Badree,Royal Challengers Bangalore,0.0,0,0,0,0,0,0,43.0,329,11,0.0,66.66666666666666,29.90909090909091,23.454545454545453,20.0
AS Rajpoot,Chennai Super Kings,0.0,0,0,0,0,0,0,88.0,844,23,0.0,141.76904176904176,36.69565217391305,22.956521739130434,7.975929978118161
B Laughlin,Chennai Super Kings,0.0,0,0,0,0,0,0,27.0,284,10,0.0,165.8064516129032,28.4,16.2,7.453333333333333
Mohammed Shami,Kolkata Knight Riders,23.0,0,0,0,0,0,0,403.0,3486,125,0.0,109.78934324659232,27.888,19.344,8.512747875354107
BMAJ Mendis,Delhi Daredevils,0.0,0,0,0,0,0,0,5.0,36,1,0.0,101.53846153846152,36.0,30.0,9.225806451612904
CH Morris,Chennai Super Kings,0.0,6,1,0,0,0,1,287.0,2377,94,0.0,89.1891891891892,25.28723404255319,18.319148936170212,8.745387453874539
S Kaul,Delhi Daredevils,0.0,0,0,0,0,0,0,198.0,1772,58,0.0,104.76190476190476,30.551724137931036,20.482758620689655,9.652173913043478
R Dhawan,Mumbai Indians,0.0,0,0,0,0,0,0,110.0,922,25,0.0,120.40169133192389,36.88,26.4,13.0
MM Sharma,Chennai Super Kings,0.0,0,0,0,0,0,0,370.0,3278,128,0.0,41.17647058823529,25.609375,17.34375,8.960674157303373
R Rampaul,Royal Challengers Bangalore,0.0,1,1,0,0,0,0,44.0,319,16,0.0,134.2576545349509,19.9375,16.5,7.187700192184499
SMSM Senanayake,Kolkata Knight Riders,0.0,0,1,0,0,0,0,32.0,211,9,0.0,175.0,23.444444444444443,21.333333333333332,8.342857142857143
JO Holder,Sunrisers Hyderabad,0.0,0,2,0,0,0,0,164.0,1489,53,0.0,78.35051546391753,28.09433962264151,18.566037735849058,14.0
IC Pandey,Pune Warriors,0.0,0,0,0,0,0,0,77.0,609,18,0.0,90.32258064516128,33.833333333333336,25.666666666666668,6.714285714285714
Sandeep Sharma,Kings XI Punjab,25.0,1,1,0,0,0,0,468.0,3758,133,0.04,0.0,28.25563909774436,21.112781954887218,7.656565656565657
YS Chahal,Royal Challengers Bangalore,0.0,0,0,0,0,0,0,584.0,4681,201,0.0,136.36363636363637,23.28855721393035,17.432835820895523,7.87751677852349
DJG Sammy,Sunrisers Hyderabad,0.0,0,0,0,0,0,0,39.0,354,11,0.0,98.14814814814817,32.18181818181818,21.272727272727273,8.875
KW Richardson,Pune Warriors,0.0,0,0,0,0,0,0,55.0,479,18,0.0,109.22592259225922,26.61111111111111,18.333333333333332,7.420031463030939
PV Tambe,Rajasthan Royals,0.0,0,1,0,0,0,0,110.0,866,25,0.0,100.0,34.64,26.4,8.814814814814815
Parvez Rasool,Pune Warriors,4.0,0,0,0,0,0,0,33.0,273,4,0.0,114.75409836065572,68.25,49.5,13.5
Sachin Baby,Rajasthan Royals,11.0,2,3,0,0,0,0,1.0,8,2,0.18181818181818182,111.53846153846156,4.0,3.0,9.066985645933013
NM Coulter-Nile,Mumbai Indians,0.0,0,0,0,0,0,0,142.0,1125,45,0.0,135.47557840616966,25.0,18.933333333333334,30.0
CJ Anderson,Mumbai Indians,0.0,0,2,0,0,0,0,48.0,525,11,0.0,108.63787375415282,47.72727272727273,26.181818181818183,6.710963455149502
MA Starc,Royal Challengers Bangalore,0.0,0,0,0,0,0,0,137.0,1175,50,0.0,136.27450980392155,23.5,16.44,9.076923076923077
JDS Neesham,Delhi Daredevils,0.0,0,0,0,0,0,0,36.0,342,8,0.0,98.9247311827957,42.75,27.0,11.4
AR Patel,Kings XI Punjab,0.0,10,4,0,0,0,1,515.0,3824,116,0.0,115.38461538461536,32.96551724137931,26.637931034482758,9.666666666666666
R Tewatia,Rajasthan Royals,0.0,2,4,0,0,0,0,140.0,1117,32,0.0,72.72727272727273,34.90625,26.25,7.9
Shivam Sharma,Kings XI Punjab,2.0,0,0,0,0,0,0,19.0,165,4,0.0,66.66666666666666,41.25,28.5,9.42714819427148
Imran Tahir,Delhi Daredevils,8.0,0,0,0,0,0,0,217.0,1729,77,0.0,122.74881516587676,22.454545454545453,16.90909090909091,7.960819234194122
LMP Simmons,Mumbai Indians,0.0,0,4,0,0,0,0,3.0,34,1,0.0,138.6004514672686,34.0,18.0,7.983063895304079
V Shankar,Sunrisers Hyderabad,0.0,5,2,0,0,1,0,38.0,344,8,0.0,84.84848484848484,43.0,28.5,8.442926273840024
BCJ Cutting,Rajasthan Royals,0.0,0,0,0,0,0,0,46.0,430,10,0.0,133.33333333333331,43.0,27.6,8.310546875
S Gopal,Mumbai Indians,0.0,0,0,0,0,0,0,165.0,1358,45,0.0,111.11111111111111,30.177777777777777,22.0,8.333333333333334
BE Hendricks,Kings XI Punjab,0.0,0,0,0,0,0,0,25.0,239,9,0.0,123.57142857142858,26.555555555555557,16.666666666666668,10.254545454545454
PJ Cummins,Kolkata Knight Riders,0.0,5,2,0,0,0,0,218.0,1976,63,0.0,124.02200488997556,31.365079365079364,20.761904761904763,6.333333333333333
Karanveer Singh,Kings XI Punjab,4.0,0,0,0,0,0,0,34.0,323,12,0.0,85.18518518518519,26.916666666666668,17.0,11.75
DJ Muthuswami,Delhi Daredevils,0.0,0,0,0,0,0,0,14.0,108,4,0.0,100.0,27.0,21.0,7.453287197231834
DJ Hooda,Rajasthan Royals,0.0,11,5,0,0,2,0,62.0,535,10,0.0,131.87772925764193,53.5,37.2,10.593047034764826
TA Boult,Kolkata Knight Riders,0.0,0,0,0,0,0,0,386.0,3286,118,0.0,62.5,27.847457627118644,19.627118644067796,9.0
KC Cariappa,Kings XI Punjab,5.0,0,0,0,0,0,0,36.0,349,7,0.0,159.23753665689148,49.857142857142854,30.857142857142858,11.857142857142858
J Suchith,Mumbai Indians,0.0,0,0,0,0,0,0,70.0,604,18,0.0,0.0,33.55555555555556,23.333333333333332,7.406749555950267
RG More,Chennai Super Kings,0.0,0,0,0,0,0,0,5.0,63,1,0.0,66.66666666666666,63.0,30.0,9.161764705882351
D Wiese,Royal Challengers Bangalore,0.0,1,1,0,0,0,0,49.0,447,15,0.0,155.46875,29.8,19.6,7.364975450081832
HH Pandya,Mumbai Indians,0.0,13,9,0,0,1,0,234.0,2196,57,0.0,120.0,38.526315789473685,24.63157894736842,12.714285714285714
MJ McClenaghan,Mumbai Indians,0.0,1,1,0,0,0,0,211.0,1839,70,0.0,113.9275766016713,26.271428571428572,18.085714285714285,11.333333333333334
SN Thakur,Kings XI Punjab,0.0,1,1,0,0,0,0,306.0,2908,90,0.0,112.5,32.31111111111111,20.4,8.727272727272727
J Yadav,Delhi Daredevils,0.0,0,0,0,0,0,0,65.0,447,6,0.0,142.65193370165744,74.5,65.0,8.219936708860759
BB Sran,Sunrisers Hyderabad,0.0,1,1,0,0,0,0,80.0,767,18,0.0,148.32029452369994,42.611111111111114,26.666666666666668,10.657894736842106
M Ashwin,Rising Pune Supergiants,0.0,0,0,0,0,0,0,144.0,1182,34,0.0,67.85714285714286,34.76470588235294,25.41176470588235,7.865699873896595
CR Brathwaite,Delhi Daredevils,0.0,1,1,0,0,0,0,41.0,384,13,0.0,101.29870129870127,29.53846153846154,18.923076923076923,8.101983002832862
MP Stoinis,Kings XI Punjab,0.0,10,6,0,0,2,0,131.0,1300,43,0.0,108.33333333333331,30.232558139534884,18.27906976744186,8.226190476190474
P Sahu,Kings XI Punjab,0.0,0,0,0,0,0,0,17.0,152,3,0.0,114.28571428571428,50.666666666666664,34.0,7.426470588235294
Mustafizur Rahman,Mumbai Indians,6.0,0,0,0,0,0,0,211.0,1792,59,0.0,134.42040684533418,30.372881355932204,21.45762711864407,7.755248091603055
AF Milne,Royal Challengers Bangalore,0.0,0,0,0,0,0,0,34.0,339,7,0.0,0.0,48.42857142857143,29.142857142857142,8.695945945945946
Kuldeep Yadav,Kolkata Knight Riders,27.0,0,0,0,0,0,0,290.0,2413,80,0.0,50.0,30.1625,21.75,8.735294117647058
KH Pandya,Mumbai Indians,0.0,4,1,0,0,1,0,353.0,2644,70,0.0,103.91061452513964,37.77142857142857,30.257142857142856,9.05027932960894
KJ Abbott,Kings XI Punjab,0.0,0,0,0,0,0,0,16.0,182,2,0.0,66.66666666666666,91.0,48.0,8.038781163434903
TM Head,Royal Challengers Bangalore,0.0,5,3,0,0,1,0,8.0,113,2,0.0,164.1025641025641,56.5,24.0,7.609409190371992
T Shamsi,Rajasthan Royals,0.0,0,0,0,0,0,0,20.0,185,2,0.0,60.0,92.5,60.0,7.257853403141361
S Kaushik,Gujarat Lions,0.0,0,0,0,0,0,0,34.0,304,6,0.0,92.3076923076923,50.666666666666664,34.0,10.0
Swapnil Singh,Kings XI Punjab,4.0,0,0,0,0,0,0,27.0,241,6,0.0,126.03479304139172,40.166666666666664,27.0,7.4186046511627906
CJ Jordan,Royal Challengers Bangalore,0.0,0,0,0,0,0,0,112.0,1111,29,0.0,94.37229437229438,38.310344827586206,23.17241379310345,7.543314082629942
A Zampa,Rising Pune Supergiants,0.0,0,0,0,0,0,0,69.0,562,29,0.0,64.0,19.379310344827587,14.275862068965518,8.20532319391635
N Rana,Mumbai Indians,0.0,15,6,0,0,2,1,29.0,253,10,0.0,70.58823529411765,25.3,17.4,8.77158362111495
DL Chahar,Rising Pune Supergiant,0.0,0,0,0,0,0,0,277.0,2243,75,0.0,114.6953405017921,29.906666666666666,22.16,10.5
TS Mills,Royal Challengers Bangalore,0.0,0,0,0,0,0,0,34.0,349,11,0.0,81.25,31.727272727272727,18.545454545454547,3.75
A Choudhary,Royal Challengers Bangalore,0.0,0,0,0,0,0,0,16.0,144,5,0.0,127.75405636208367,28.8,19.2,12.0
Rashid Khan,Sunrisers Hyderabad,50.0,9,6,0,0,2,0,476.0,3340,147,0.18,123.13965341488276,22.72108843537415,19.428571428571427,7.955801104972375
BA Stokes,Rising Pune Supergiant,0.0,1,3,0,0,0,0,114.0,1023,28,0.0,75.0,36.535714285714285,24.428571428571427,7.839597514057414
CR Woakes,Kolkata Knight Riders,0.0,0,0,0,0,0,0,73.0,674,29,0.0,111.11111111111111,23.24137931034483,15.10344827586207,8.022598870056498
T Natarajan,Sunrisers Hyderabad,2.0,0,0,0,0,0,0,221.0,2001,66,0.0,134.72409152086138,30.318181818181817,20.09090909090909,14.2
RD Chahar,Rising Pune Supergiant,0.0,0,0,0,0,0,0,275.0,2165,71,0.0,170.58823529411765,30.492957746478872,23.239436619718308,7.944274549779137
B Stanlake,Sunrisers Hyderabad,0.0,0,0,0,0,0,0,24.0,200,7,0.0,14.285714285714285,28.571428571428573,20.571428571428573,7.0212765957446805
Basil Thampi,Gujarat Lions,7.0,0,0,0,0,0,0,85.0,862,21,0.0,147.3229706390328,41.04761904761905,24.285714285714285,7.5
C de Grandhomme,Kolkata Knight Riders,0.0,6,1,0,0,0,1,35.0,323,6,0.0,133.33333333333331,53.833333333333336,35.0,7.480314960629921
AJ Tye,Gujarat Lions,0.0,0,1,0,0,0,0,114.0,1005,41,0.0,166.89189189189187,24.51219512195122,16.682926829268293,9.73913043478261
LH Ferguson,Rising Pune Supergiant,0.0,4,1,0,0,1,0,157.0,1451,48,0.0,133.3920704845815,30.229166666666668,19.625,8.439306358381502
Mohammad Nabi,Sunrisers Hyderabad,14.0,6,1,0,0,0,1,68.0,527,15,0.42857142857142855,0.0,35.13333333333333,27.2,9.209302325581396
Mohammed Siraj,Royal Challengers Bangalore,19.0,0,2,0,0,0,0,325.0,2894,92,0.0,77.71428571428571,31.456521739130434,21.195652173913043,8.212121212121213
K Rabada,Delhi Daredevils,0.0,0,1,0,0,0,0,301.0,2652,116,0.0,0.0,22.862068965517242,15.568965517241379,7.754545454545455
Washington Sundar,Rising Pune Supergiant,37.0,1,1,0,0,0,0,175.0,1335,35,0.02702702702702703,75.0,38.142857142857146,30.0,7.699963140434942
Ankit Soni,Gujarat Lions,3.0,0,0,0,0,0,0,18.0,145,2,0.0,121.19252873563218,72.5,54.0,11.0625
Avesh Khan,Delhi Capitals,7.0,0,0,0,0,0,0,221.0,2010,72,0.0,107.6923076923077,27.916666666666668,18.416666666666668,8.80415944540728
MA Wood,Chennai Super Kings,0.0,0,0,0,0,0,0,20.0,192,11,0.0,162.5,17.454545454545453,10.909090909090908,10.043290043290042
M Markande,Mumbai Indians,0.0,0,0,0,0,0,0,120.0,1081,36,0.0,118.1818181818182,30.02777777777778,20.0,8.228113010115102
Mujeeb Ur Rahman,Kings XI Punjab,6.0,0,0,0,0,0,0,72.0,598,19,0.0,144.106463878327,31.473684210526315,22.736842105263158,7.461538461538462
DJM Short,Rajasthan Royals,0.0,0,0,0,0,0,0,3.0,23,1,0.0,73.46938775510205,23.0,18.0,7.714285714285714
K Gowtham,Rajasthan Royals,0.0,0,0,0,0,0,0,98.0,825,20,0.0,106.11510791366908,41.25,29.4,8.953771289537713
TK Curran,Kolkata Knight Riders,0.0,0,0,0,0,0,0,38.0,432,13,0.0,88.88888888888889,33.23076923076923,17.53846153846154,5.714285714285714
Shivam Mavi,Kolkata Knight Riders,11.0,0,0,0,0,0,0,108.0,958,29,0.0,115.71428571428572,33.03448275862069,22.344827586206897,8.166666666666666
JC Archer,Rajasthan Royals,0.0,13,4,0,0,0,2,156.0,1210,45,0.0,119.11764705882352,26.88888888888889,20.8,7.391442155309034
LE Plunkett,Delhi Daredevils,0.0,0,0,0,0,0,0,25.0,228,4,0.0,126.6431924882629,57.0,37.5,7.214285714285714
IS Sodhi,Rajasthan Royals,0.0,0,0,0,0,0,0,30.0,204,9,0.0,165.6,22.666666666666668,20.0,7.675324675324675
MK Lomror,Rajasthan Royals,0.0,1,1,0,0,0,0,15.0,127,1,0.0,33.33333333333333,127.0,90.0,9.441176470588236
KM Asif,Rajasthan Royals,1.0,0,0,0,0,0,0,22.0,232,7,0.0,100.0,33.142857142857146,18.857142857142858,8.538011695906432
DJ Willey,Royal Challengers Bangalore,0.0,0,0,0,0,0,0,36.0,277,6,0.0,148.88888888888889,46.166666666666664,36.0,8.706293706293707
M Prasidh Krishna,Kolkata Knight Riders,0.0,0,0,0,0,0,0,190.0,1741,50,0.0,0.0,34.82,22.8,8.928571428571427
MM Ali,Royal Challengers Bangalore,0.0,2,3,0,0,0,0,125.0,900,33,0.0,122.7642276422764,27.272727272727273,22.727272727272727,9.4375
JPR Scantlebury-Searles,Kolkata Knight Riders,0.0,0,0,0,0,0,0,7.0,89,2,0.0,100.0,44.5,21.0,8.68421052631579
Abhishek Sharma,Delhi Daredevils,45.0,8,4,0,0,0,1,45.0,396,11,0.17777777777777778,176.66666666666666,36.0,24.545454545454547,6.932409012131715
S Lamichhane,Delhi Capitals,0.0,0,0,0,0,0,0,35.0,297,12,0.0,134.81012658227849,24.75,17.5,7.188796680497925
KK Ahmed,Sunrisers Hyderabad,0.0,0,0,0,0,0,0,210.0,1918,74,0.0,135.91869483819204,25.91891891891892,17.027027027027028,10.727272727272728
S Dube,Royal Challengers Bangalore,0.0,3,2,0,0,0,0,18.0,190,5,0.0,100.0,38.0,21.6,8.13888888888889
Navdeep Saini,Royal Challengers Bangalore,7.0,0,0,0,0,0,0,108.0,968,24,0.0,123.25581395348836,40.333333333333336,27.0,10.25
Rasikh Salam,Mumbai Indians,2.0,0,0,0,0,0,0,32.0,341,9,0.0,79.71014492753623,37.888888888888886,21.333333333333332,7.230769230769231
KMA Paul,Delhi Capitals,0.0,0,0,0,0,0,0,27.0,239,9,0.0,131.8032786885246,26.555555555555557,18.0,9.38888888888889
SM Curran,Kings XI Punjab,0.0,9,4,0,0,2,0,195.0,1924,57,0.0,61.111111111111114,33.75438596491228,20.526315789473685,9.4
CV Varun,Kolkata Knight Riders,0.0,0,0,0,0,0,0,264.0,2042,80,0.0,130.63932448733414,25.525,19.8,7.909604519774011
GC Viljoen,Kings XI Punjab,0.0,0,0,0,0,0,0,23.0,229,7,0.0,122.91066282420748,32.714285714285715,19.714285714285715,7.90144727773949
MJ Santner,Chennai Super Kings,0.0,1,1,0,0,0,0,61.0,428,14,0.0,120.9656925031766,30.571428571428573,26.142857142857142,7.033678756476684
JP Behrendorff,Mumbai Indians,0.0,0,0,0,0,0,0,61.0,563,19,0.0,116.97722567287784,29.63157894736842,19.263157894736842,8.27835880933226
AS Joseph,Mumbai Indians,0.0,0,0,0,0,0,0,71.0,707,20,0.0,139.43661971830986,35.35,21.3,8.082901554404145
HF Gurney,Kolkata Knight Riders,0.0,0,0,0,0,0,0,27.0,239,7,0.0,97.65625,34.142857142857146,23.142857142857142,7.251828631138976
R Parag,Rajasthan Royals,0.0,0,3,0,0,0,0,29.0,307,4,0.0,113.67521367521368,76.75,43.5,7.725806451612903
LS Livingstone,Rajasthan Royals,0.0,16,7,0,0,2,1,42.0,395,9,0.0,50.0,43.888888888888886,28.0,6.687697160883281
Arshdeep Singh,Kings XI Punjab,10.0,0,0,0,0,0,0,223.0,2097,72,0.0,90.56603773584906,29.125,18.583333333333332,8.629343629343628
SE Rutherford,Delhi Capitals,0.0,0,0,0,0,0,0,6.0,60,1,0.0,140.62797335870602,60.0,36.0,9.36111111111111
Harpreet Brar,Kings XI Punjab,17.0,0,0,0,0,0,0,113.0,907,25,0.0,127.50809061488673,36.28,27.12,6.8663594470046085
Y Prithvi Raj,Kolkata Knight Riders,0.0,0,0,0,0,0,0,5.0,57,1,0.0,150.0,57.0,30.0,8.0
AS Roy,Kolkata Knight Riders,0.0,0,0,0,0,0,0,22.0,191,4,0.0,93.6046511627907,47.75,33.0,10.4
JL Pattinson,Mumbai Indians,0.0,0,0,0,0,0,0,35.0,321,11,0.0,137.75510204081633,29.181818181818183,19.09090909090909,7.885416666666667
SS Cottrell,Kings XI Punjab,0.0,0,0,0,0,0,0,20.0,177,6,0.0,100.0,29.5,20.0,11.333333333333334
Ravi Bishnoi,Kings XI Punjab,11.0,0,0,0,0,0,0,234.0,1861,61,0.0,137.51552795031057,30.508196721311474,23.016393442622952,7.5
A Nortje,Delhi Capitals,0.0,0,0,0,0,0,0,174.0,1614,59,0.0,127.17391304347828,27.35593220338983,17.694915254237287,9.028571428571428
I Udana,Royal Challengers Bangalore,0.0,0,0,0,0,0,0,29.0,286,8,0.0,104.67836257309942,35.75,21.75,11.25
TU Deshpande,Delhi Capitals,0.0,0,0,0,0,0,0,128.0,1275,42,0.0,133.659289758106,30.357142857142858,18.285714285714285,7.653958944281524
KL Nagarkoti,Kolkata Knight Riders,0.0,0,0,0,0,0,0,30.0,287,5,0.0,114.28571428571428,57.4,36.0,7.525773195876289
Abdul Samad,Sunrisers Hyderabad,27.0,5,3,0,0,1,0,9.0,113,2,0.18518518518518517,123.40425531914892,56.5,27.0,8.971722365038561
Kartik Tyagi,Rajasthan Royals,6.0,0,0,0,0,0,0,70.0,720,15,0.0,104.25531914893618,48.0,28.0,12.285714285714286
DR Sams,Delhi Capitals,0.0,0,0,0,0,0,0,60.0,528,14,0.0,122.64267990074444,37.714285714285715,25.714285714285715,8.178082191780822
Shahbaz Ahmed,Royal Challengers Bangalore,25.0,1,2,0,0,0,0,89.0,850,20,0.04,94.8051948051948,42.5,26.7,7.622097678142514
JR Hazlewood,Royal Challengers Bangalore,0.0,0,0,0,0,0,0,100.0,830,34,0.0,143.29896907216494,24.41176470588235,17.647058823529413,7.3433115060804495
P Dubey,Delhi Capitals,0.0,0,0,0,0,0,0,11.0,91,1,0.0,144.44444444444443,91.0,66.0,7.565028901734104
KA Jamieson,Royal Challengers Bangalore,0.0,0,0,0,0,0,0,28.0,271,9,0.0,101.82926829268293,30.11111111111111,18.666666666666668,8.11529933481153
M Jansen,Mumbai Indians,0.0,0,0,0,0,0,0,75.0,732,20,0.0,125.05175983436854,36.6,22.5,8.194622279129321
C Sakariya,Rajasthan Royals,0.0,0,1,0,0,0,0,71.0,610,20,0.0,121.42857142857142,30.5,21.3,7.2
JA Richardson,Punjab Kings,0.0,0,0,0,0,0,0,15.0,162,3,0.0,103.7037037037037,54.0,30.0,9.186440677966102
RP Meredith,Mumbai Indians,0.0,0,0,0,0,0,0,62.0,621,19,0.0,97.95918367346938,32.68421052631579,19.57894736842105,8.04180418041804
Lalit Yadav,Delhi Capitals,19.0,11,5,0,0,1,1,48.0,430,9,0.5789473684210527,109.36170212765956,47.77777777777778,32.0,8.204081632653061
FA Allen,Punjab Kings,0.0,1,1,0,0,0,0,15.0,136,2,0.0,143.015214384509,68.0,45.0,9.43661971830986
PWH de Silva,Royal Challengers Bangalore,0.0,0,0,0,0,0,0,92.0,758,33,0.0,20.0,22.96969696969697,16.727272727272727,8.84375
VR Iyer,Kolkata Knight Riders,0.0,6,1,0,0,0,1,13.0,145,3,0.0,50.0,48.333333333333336,26.0,6.53125
Umran Malik,Sunrisers Hyderabad,5.0,6,1,0,0,0,1,82.0,785,27,1.2,77.10843373493977,29.074074074074073,18.22222222222222,6.205128205128205
GD Phillips,Rajasthan Royals,0.0,0,1,0,0,0,0,5.0,40,2,0.0,103.6,20.0,15.0,8.451443569553806
AK Markram,Punjab Kings,0.0,0,3,0,0,0,0,20.0,173,1,0.0,151.26050420168067,173.0,120.0,8.419354838709678
GHS Garton,Royal Challengers Bangalore,0.0,0,0,0,0,0,0,15.0,136,3,0.0,93.67088607594935,45.333333333333336,30.0,7.912621359223301
K Yadav,Rajasthan Royals,0.0,0,0,0,0,0,0,9.0,85,2,0.0,87.38738738738738,42.5,27.0,10.491071428571429
NT Ellis,Punjab Kings,0.0,0,0,0,0,0,0,59.0,514,17,0.0,50.0,30.235294117647058,20.823529411764707,8.840245775729647
AU Rashid,Sunrisers Hyderabad,0.0,1,1,0,0,0,0,10.0,91,2,0.0,103.38983050847456,45.5,30.0,6.953125
R Powell,Delhi Capitals,0.0,0,0,0,0,0,0,3.0,35,1,0.0,113.9423076923077,35.0,18.0,6.775510204081633
OF Smith,Punjab Kings,0.0,0,0,0,0,0,0,15.0,179,6,0.0,100.0,29.833333333333332,15.0,7.125
Akash Deep,Royal Challengers Bangalore,2.0,0,0,0,0,0,0,26.0,324,6,0.0,126.9035532994924,54.0,26.0,10.782608695652174
A Badoni,Lucknow Super Giants,0.0,1,1,0,0,0,0,4.0,37,1,0.0,140.0,37.0,24.0,7.113636363636363
PVD Chameera,Lucknow Super Giants,0.0,0,0,0,0,0,0,47.0,442,9,0.0,126.51515151515152,49.111111111111114,31.333333333333332,8.135245901639344
Mohsin Khan,Lucknow Super Giants,4.0,0,0,0,0,0,0,81.0,698,27,0.0,80.0,25.85185185185185,18.0,7.88
R Shepherd,Sunrisers Hyderabad,0.0,0,1,0,0,0,0,21.0,260,4,0.0,100.0,65.0,31.5,11.609195402298852
D Pretorius,Chennai Super Kings,0.0,0,0,0,0,0,0,25.0,242,6,0.0,77.77777777777779,40.333333333333336,25.0,9.0
Mukesh Choudhary,Chennai Super Kings,2.0,0,0,0,0,0,0,46.0,452,16,0.0,95.1219512195122,28.25,17.25,15.5
VG Arora,Punjab Kings,0.0,0,0,0,0,0,0,63.0,598,19,0.0,104.62962962962963,31.473684210526315,19.894736842105264,12.0
D Brevis,Mumbai Indians,0.0,0,0,0,0,0,0,0.0,8,1,0.0,121.87063750581666,8.0,0.0,9.833333333333334
DG Nalkande,Gujarat Titans,0.0,0,0,0,0,0,0,13.0,150,6,0.0,70.0,25.0,13.0,8.0625
M Theekshana,Chennai Super Kings,0.0,0,0,0,0,0,0,104.0,814,25,0.0,109.09090909090908,32.56,24.96,7.769230769230769
Ramandeep Singh,Mumbai Indians,4.0,6,2,0,0,0,1,6.0,64,5,1.5,56.52173913043478,12.8,7.2,0.0
KR Sen,Rajasthan Royals,0.0,0,0,0,0,0,0,39.0,396,13,0.0,66.66666666666666,30.46153846153846,18.0,8.764940239043824
Yash Dayal,Gujarat Titans,1.0,0,0,0,0,0,0,96.0,933,28,0.0,118.35491241431836,33.32142857142857,20.571428571428573,7.248953974895397
Shashank Singh,Sunrisers Hyderabad,5.0,0,0,0,0,0,0,3.0,25,1,0.0,110.20408163265304,25.0,18.0,8.167330677290837
OC McCoy,Rajasthan Royals,0.0,0,0,0,0,0,0,26.0,255,11,0.0,113.88888888888889,23.181818181818183,14.181818181818182,7.938540332906531
HR Shokeen,Mumbai Indians,0.0,0,0,0,0,0,0,34.0,320,5,0.0,76.0,64.0,40.8,8.0
DJ Mitchell,Rajasthan Royals,0.0,0,0,0,0,0,0,8.0,97,1,0.0,118.1818181818182,97.0,48.0,6.819239720713731
Harshit Rana,Kolkata Knight Riders,3.0,0,0,0,0,0,0,64.0,590,24,0.0,100.0,24.583333333333332,16.0,8.666666666666666
K Kartikeya,Mumbai Indians,0.0,0,0,0,0,0,0,39.0,334,10,0.0,89.1891891891892,33.4,23.4,11.929824561403509
Simarjeet Singh,Chennai Super Kings,3.0,0,0,0,0,0,0,30.0,265,9,0.0,76.19047619047619,29.444444444444443,20.0,16.0
Fazalhaq Farooqi,Sunrisers Hyderabad,2.0,0,0,0,0,0,0,25.0,229,6,0.0,0.0,38.166666666666664,25.0,7.729591836734693
R Sai Kishore,Gujarat Titans,0.0,0,0,0,0,0,0,31.0,259,12,0.0,145.18072289156626,21.583333333333332,15.5,7.413793103448276
T Stubbs,Mumbai Indians,0.0,6,1,0,0,0,1,4.0,29,4,0.0,95.23809523809524,7.25,6.0,17.5
Sikandar Raza,Punjab Kings,7.0,0,0,0,0,0,0,14.0,146,3,0.0,156.79012345679013,48.666666666666664,28.0,7.912087912087912
Mukesh Kumar,Delhi Capitals,3.0,0,0,0,0,0,0,66.0,707,22,0.0,62.0,32.13636363636363,18.0,7.0588235294117645
RJW Topley,Royal Challengers Bengaluru,0.0,0,0,0,0,0,0,17.0,182,5,0.0,101.68067226890756,36.4,20.4,8.86323268206039
C Green,Mumbai Indians,0.0,8,3,0,0,0,1,73.0,675,16,0.0,99.29078014184395,42.1875,27.375,9.36
MG Bracewell,Royal Challengers Bangalore,0.0,0,0,0,0,0,0,11.0,95,6,0.0,135.24504692387904,15.833333333333334,11.0,8.571428571428571
Arshad Khan,Mumbai Indians,3.0,0,0,0,0,0,0,21.0,282,5,0.0,88.88888888888889,56.4,25.2,7.944444444444445
Vijaykumar Vyshak,Royal Challengers Bangalore,2.0,0,0,0,0,0,0,38.0,396,13,0.0,166.66666666666669,30.46153846153846,17.53846153846154,8.705882352941176
Yudhvir Singh,Lucknow Super Giants,2.0,0,0,0,0,0,0,12.0,125,4,0.0,122.22222222222224,31.25,18.0,11.363636363636363
Arjun Tendulkar,Mumbai Indians,1.0,0,0,0,0,0,0,11.0,117,3,0.0,160.0,39.0,22.0,7.762906309751434
Noor Ahmad,Gujarat Titans,3.0,0,0,0,0,0,0,80.0,672,23,0.0,115.90909090909092,29.217391304347824,20.869565217391305,7.891304347826087
Naveen-ul-Haq,Lucknow Super Giants,3.0,0,1,0,0,0,0,63.0,602,25,0.0,130.0771208226221,24.08,15.12,8.75
Mayank Dagar,Royal Challengers Bengaluru,0.0,0,0,0,0,0,0,22.0,205,2,0.0,50.0,102.5,66.0,8.25
AJ Hosein,Sunrisers Hyderabad,0.0,0,0,0,0,0,0,4.0,41,1,0.0,100.0,41.0,24.0,10.0
Akash Madhwal,Mumbai Indians,0.0,0,0,0,0,0,0,43.0,431,19,0.0,58.333333333333336,22.68421052631579,13.578947368421053,6.090909090909091
Nithish Kumar Reddy,Sunrisers Hyderabad,0.0,0,0,0,0,0,0,18.0,208,3,0.0,92.02898550724638,69.33333333333333,36.0,9.148936170212766
L Wood,Mumbai Indians,0.0,0,0,0,0,0,0,6.0,94,1,0.0,146.15384615384613,94.0,36.0,8.818897637795274
Azmatullah Omarzai,Gujarat Titans,0.0,0,0,0,0,0,0,21.0,194,4,0.0,120.78032230703984,48.5,31.5,25.0
G Coetzee,Mumbai Indians,0.0,0,0,0,0,0,0,33.0,357,12,0.0,85.0,29.75,16.5,7.422535211267606
SH Johnson,Gujarat Titans,0.0,0,0,0,0,0,0,16.0,155,3,0.0,35.714285714285715,51.666666666666664,32.0,15.666666666666666
KA Maharaj,Rajasthan Royals,0.0,0,0,0,0,0,0,6.0,39,2,0.0,152.20883534136547,19.5,18.0,7.689655172413793
WG Jacks,Royal Challengers Bengaluru,0.0,6,1,0,0,0,1,9.0,100,2,0.0,130.12820512820514,50.0,27.0,7.271356783919598
LB Williams,Delhi Capitals,0.0,0,0,0,0,0,0,6.0,74,1,0.0,120.8133971291866,74.0,36.0,8.058823529411764
RJ Gleeson,Chennai Super Kings,0.0,0,0,0,0,0,0,8.0,72,1,0.0,126.29757785467127,72.0,48.0,6.0
A Kamboj,Mumbai Indians,0.0,0,0,0,0,0,0,10.0,115,2,0.0,50.0,57.5,30.0,6.333333333333333
V Viyaskanth,Sunrisers Hyderabad,0.0,0,0,0,0,0,0,10.0,90,1,0.0,163.90977443609023,90.0,60.0,9.333333333333334
