fullName,T50s,T100s,TRuns,TBF,Avg_Run,Avg_SR,Matches,Dismissals,DuckOuts,MostCommonPosition,Fours,Sixes,RF(50s),RF(100s),DuckOutPercentage,StrikeRate
AB de Villiers,40,3,5162.0,3403.0,30.36470588235294,133.2460588235294,170,130,10,1,413.0,251.0,0.23529411764705882,0.01764705882352941,5.88235294117647,151.68968557155452
Aakash Chopra,0,0,53.0,71.0,8.833333333333334,61.72666666666667,6,6,0,1,7.0,0.0,0.0,0.0,0.0,74.64788732394366
Aaron Finch,15,0,2091.0,1631.0,23.233333333333334,112.10877777777779,90,84,8,1,214.0,78.0,0.16666666666666666,0.0,8.88888888888889,128.2035561005518
Abdul Basith,0,0,1.0,1.0,1.0,100.0,1,0,0,2,0.0,0.0,0.0,0.0,0.0,100.0
Abdul Samad,0,0,395.0,287.0,14.62962962962963,124.71962962962962,27,20,2,2,22.0,25.0,0.0,0.0,7.4074074074074066,137.63066202090593
Abdur Razzak,0,0,0.0,2.0,0.0,0.0,1,0,1,2,0.0,0.0,0.0,0.0,100.0,0.0
Abhijeet Tomar,0,0,4.0,8.0,4.0,50.0,1,1,0,2,1.0,0.0,0.0,0.0,0.0,50.0
Abhimanyu Mithun,0,0,34.0,26.0,5.666666666666667,117.55833333333334,6,5,1,2,4.0,1.0,0.0,0.0,16.666666666666664,130.76923076923077
Abhinav Manohar,0,0,222.0,158.0,17.076923076923077,117.12615384615384,13,12,1,1,20.0,10.0,0.0,0.0,7.6923076923076925,140.50632911392404
Abhinav Mukund,0,0,19.0,22.0,9.5,45.235,2,2,1,1,1.0,0.0,0.0,0.0,50.0,86.36363636363636
Abhishek Jhunjhunwala,1,0,217.0,210.0,14.466666666666667,98.536,15,13,1,2,19.0,5.0,0.06666666666666667,0.0,6.666666666666667,103.33333333333334
Abhishek Nayar,0,0,672.0,577.0,13.44,96.6342,50,38,4,2,55.0,20.0,0.0,0.0,8.0,116.46447140381282
Abhishek Raut,0,0,194.0,167.0,12.125,92.8675,16,9,1,1,13.0,7.0,0.0,0.0,6.25,116.1676646706587
Abhishek Sharma,4,0,893.0,650.0,19.844444444444445,116.77866666666667,45,39,2,2,92.0,31.0,0.08888888888888889,0.0,4.444444444444445,137.3846153846154
Abishek Porel,0,0,33.0,31.0,8.25,88.85249999999999,4,4,0,1,1.0,2.0,0.0,0.0,0.0,106.4516129032258
Abu Nechim,0,0,36.0,26.0,6.0,190.9333333333333,6,1,0,2,4.0,1.0,0.0,0.0,0.0,138.46153846153845
Adam Gilchrist,11,2,2069.0,1495.0,25.8625,118.646875,80,76,7,1,239.0,92.0,0.1375,0.025,8.75,138.39464882943145
Adam Milne,0,0,23.0,29.0,3.8333333333333335,54.85999999999999,6,4,2,2,0.0,1.0,0.0,0.0,33.33333333333333,79.3103448275862
Adam Voges,0,0,181.0,143.0,25.857142857142858,124.40714285714286,7,4,0,1,15.0,3.0,0.0,0.0,0.0,126.57342657342659
Adam Zampa,0,0,15.0,24.0,3.0,56.504,5,5,1,2,1.0,0.0,0.0,0.0,20.0,62.5
Adil Rashid,0,0,22.0,16.0,11.0,135.895,2,2,0,1,2.0,1.0,0.0,0.0,0.0,137.5
Aditya Dole,0,0,34.0,22.0,17.0,133.32999999999998,2,2,0,1,3.0,1.0,0.0,0.0,0.0,154.54545454545453
Aditya Tare,1,0,339.0,273.0,12.555555555555555,118.83592592592593,27,24,5,1,40.0,11.0,0.037037037037037035,0.0,18.51851851851852,124.17582417582418
Adrian Barath,0,0,42.0,42.0,14.0,77.40666666666667,3,2,0,2,5.0,1.0,0.0,0.0,0.0,100.0
Aiden Blizzard,1,0,120.0,90.0,17.142857142857142,98.00571428571428,7,7,1,2,21.0,2.0,0.14285714285714285,0.0,14.285714285714285,133.33333333333331
Aiden Markram,4,0,775.0,590.0,25.0,122.82032258064515,31,24,1,2,55.0,31.0,0.12903225806451613,0.0,3.225806451612903,131.35593220338984
Ajantha Mendis,0,0,3.0,6.0,1.0,50.0,3,2,1,2,0.0,0.0,0.0,0.0,33.33333333333333,50.0
Ajinkya Rahane,30,2,4400.0,3565.0,27.67295597484277,105.01641509433962,159,142,13,2,455.0,96.0,0.18867924528301888,0.012578616352201259,8.176100628930817,123.42215988779803
Ajit  Chandila,0,0,4.0,7.0,2.0,33.33,2,0,1,1,0.0,0.0,0.0,0.0,50.0,57.14285714285714
Ajit Agarkar,0,0,179.0,154.0,9.944444444444445,120.93277777777777,18,9,0,1,13.0,5.0,0.0,0.0,0.0,116.23376623376625
Akash Deep,0,0,17.0,10.0,8.5,106.25,2,2,1,2,2.0,1.0,0.0,0.0,50.0,170.0
Akeal Hosein,0,0,16.0,10.0,16.0,160.0,1,0,0,1,1.0,1.0,0.0,0.0,0.0,160.0
Akila Dananjaya,0,0,4.0,5.0,4.0,80.0,1,0,0,1,0.0,0.0,0.0,0.0,0.0,80.0
Akshath Reddy,0,0,164.0,160.0,16.4,91.888,10,10,0,2,15.0,2.0,0.0,0.0,0.0,102.49999999999999
Akshdeep Nath,0,0,90.0,98.0,9.0,75.28200000000001,10,10,1,1,7.0,2.0,0.0,0.0,10.0,91.83673469387756
Albie Morkel,3,0,974.0,686.0,14.537313432835822,137.1717910447761,67,40,3,1,61.0,55.0,0.04477611940298507,0.0,4.477611940298507,141.98250728862973
Alex Carey,0,0,32.0,29.0,10.666666666666666,106.79333333333334,3,2,0,1,0.0,1.0,0.0,0.0,0.0,110.34482758620689
Alex Hales,0,0,148.0,118.0,24.666666666666668,112.82,6,6,0,1,13.0,6.0,0.0,0.0,0.0,125.42372881355932
Alfonso Thomas,0,0,20.0,19.0,5.0,74.9975,4,2,1,2,1.0,1.0,0.0,0.0,25.0,105.26315789473684
Ali Murtaza,0,0,10.0,14.0,3.3333333333333335,75.0,3,1,0,2,1.0,0.0,0.0,0.0,0.0,71.42857142857143
Alzarri Joseph,0,0,27.0,32.0,5.4,70.74199999999999,5,1,1,2,3.0,0.0,0.0,0.0,20.0,84.375
Aman Hakim Khan,1,0,115.0,104.0,11.5,107.58699999999999,10,9,1,2,8.0,6.0,0.1,0.0,10.0,110.57692307692308
Ambati Rayudu,22,1,4348.0,3409.0,23.502702702702702,114.82356756756757,185,153,13,1,359.0,173.0,0.11891891891891893,0.005405405405405406,7.027027027027027,127.54473452625403
Amit Mishra,0,0,381.0,419.0,6.927272727272728,89.99363636363636,55,30,8,2,31.0,5.0,0.0,0.0,14.545454545454545,90.9307875894988
Amit Paunikar,0,0,49.0,58.0,9.8,65.55199999999999,5,5,1,1,9.0,0.0,0.0,0.0,20.0,84.48275862068965
Amit Singh,0,0,2.0,10.0,0.4,20.0,5,4,3,2,0.0,0.0,0.0,0.0,60.0,20.0
Amit Uniyal,0,0,4.0,7.0,2.0,33.33,2,1,1,1,0.0,0.0,0.0,0.0,50.0,57.14285714285714
Andre Russell,10,0,2262.0,1300.0,23.810526315789474,146.74789473684208,95,78,5,2,150.0,193.0,0.10526315789473684,0.0,5.263157894736842,174.0
Andrew Flintoff,0,0,62.0,53.0,20.666666666666668,122.56,3,2,0,2,5.0,2.0,0.0,0.0,0.0,116.98113207547169
Andrew McDonald,0,0,123.0,100.0,13.666666666666666,109.16666666666667,9,5,1,1,9.0,4.0,0.0,0.0,11.11111111111111,123.0
Andrew Symonds,5,1,974.0,750.0,27.055555555555557,116.86805555555556,36,27,0,1,74.0,41.0,0.1388888888888889,0.027777777777777776,0.0,129.86666666666667
Andrew Tye,0,0,91.0,76.0,7.0,95.38384615384615,13,9,3,1,6.0,5.0,0.0,0.0,23.076923076923077,119.73684210526316
Angelo Mathews,1,0,724.0,575.0,17.658536585365855,117.66512195121952,41,30,2,1,44.0,29.0,0.024390243902439025,0.0,4.878048780487805,125.91304347826086
Aniket Choudhary,0,0,25.0,20.0,8.333333333333334,163.88666666666666,3,1,0,2,1.0,1.0,0.0,0.0,0.0,125.0
Anil Kumble,0,0,35.0,47.0,2.3333333333333335,80.85533333333333,15,3,1,2,3.0,0.0,0.0,0.0,6.666666666666667,74.46808510638297
Anirudh Singh,0,0,63.0,66.0,15.75,69.39,4,4,1,1,6.0,1.0,0.0,0.0,25.0,95.45454545454545
Ankeet Chavan,0,0,12.0,11.0,4.0,116.66333333333334,3,2,0,1,2.0,0.0,0.0,0.0,0.0,109.09090909090908
Ankit Bawne,0,0,12.0,12.0,12.0,100.0,1,0,0,1,1.0,0.0,0.0,0.0,0.0,100.0
Ankit Rajpoot,0,0,26.0,41.0,3.7142857142857144,61.33571428571429,7,5,0,2,2.0,1.0,0.0,0.0,0.0,63.41463414634146
Ankit Sharma,0,0,87.0,67.0,8.7,103.85999999999999,10,7,1,1,7.0,4.0,0.0,0.0,10.0,129.8507462686567
Ankit Soni,0,0,7.0,9.0,2.3333333333333335,116.66666666666667,3,2,2,1,0.0,1.0,0.0,0.0,66.66666666666666,77.77777777777779
Anmolpreet Singh,0,0,134.0,109.0,19.142857142857142,119.67428571428572,7,7,0,2,18.0,3.0,0.0,0.0,0.0,122.93577981651376
Anrich Nortje,0,0,45.0,41.0,4.090909090909091,107.35727272727273,11,4,2,2,6.0,0.0,0.0,0.0,18.181818181818183,109.75609756097562
Anuj Rawat,1,0,220.0,190.0,13.75,94.251875,16,12,4,1,16.0,11.0,0.0625,0.0,25.0,115.78947368421053
Anukul Roy,0,0,23.0,21.0,4.6,73.14200000000001,5,3,2,1,3.0,0.0,0.0,0.0,40.0,109.52380952380953
Anureet Singh,0,0,36.0,47.0,4.5,64.58250000000001,8,4,4,2,2.0,1.0,0.0,0.0,50.0,76.59574468085107
Anustup Majumdar,0,0,87.0,76.0,21.75,114.75,4,4,0,2,7.0,2.0,0.0,0.0,0.0,114.4736842105263
Arindam Ghosh,0,0,7.0,8.0,3.5,50.0,2,2,1,1,1.0,0.0,0.0,0.0,50.0,87.5
Arjun Tendulkar,0,0,13.0,9.0,13.0,144.44,1,1,0,2,0.0,1.0,0.0,0.0,0.0,144.44444444444443
Arjun Yadav,0,0,49.0,39.0,8.166666666666666,104.03166666666668,6,5,1,1,5.0,2.0,0.0,0.0,16.666666666666664,125.64102564102564
Arshad Khan,0,0,18.0,15.0,6.0,88.88666666666666,3,2,0,1,0.0,1.0,0.0,0.0,0.0,120.0
Arshdeep Singh,0,0,25.0,37.0,2.5,56.96,10,4,4,1,3.0,0.0,0.0,0.0,40.0,67.56756756756756
Arun Karthik,0,0,51.0,51.0,6.375,82.5,8,5,1,2,4.0,1.0,0.0,0.0,12.5,100.0
Asad Pathan,0,0,39.0,23.0,5.571428571428571,131.66571428571427,7,5,2,2,5.0,2.0,0.0,0.0,28.57142857142857,169.56521739130434
Ashish Nehra,0,0,41.0,62.0,2.411764705882353,37.64705882352941,17,7,7,1,3.0,1.0,0.0,0.0,41.17647058823529,66.12903225806451
Ashish Reddy,0,0,280.0,193.0,12.173913043478262,137.5604347826087,23,15,0,1,17.0,14.0,0.0,0.0,0.0,145.0777202072539
Ashley Noffke,0,0,9.0,10.0,9.0,90.0,1,1,0,2,1.0,0.0,0.0,0.0,0.0,90.0
Ashok Dinda,0,0,26.0,48.0,1.625,48.958125,16,10,6,2,2.0,0.0,0.0,0.0,37.5,54.166666666666664
Ashok Menaria,0,0,401.0,356.0,17.434782608695652,96.68826086956521,23,21,1,1,24.0,18.0,0.0,0.0,4.3478260869565215,112.64044943820224
Ashton Turner,0,0,3.0,10.0,0.75,10.7125,4,3,3,2,0.0,0.0,0.0,0.0,75.0,30.0
Atharva Taide,2,0,186.0,129.0,26.571428571428573,131.38000000000002,7,7,1,2,20.0,6.0,0.2857142857142857,0.0,14.285714285714285,144.1860465116279
Avesh Khan,0,0,31.0,20.0,4.428571428571429,148.57,7,2,1,2,2.0,3.0,0.0,0.0,14.285714285714285,155.0
Axar Patel,1,0,1418.0,1084.0,14.18,126.6992,100,69,6,2,88.0,69.0,0.01,0.0,6.0,130.81180811808116
Ayush Badoni,2,0,399.0,302.0,17.347826086956523,124.31739130434784,23,18,1,2,24.0,19.0,0.08695652173913043,0.0,4.3478260869565215,132.11920529801324
Azhar Bilakhia,0,0,69.0,85.0,9.857142857142858,81.84285714285714,7,5,0,2,5.0,0.0,0.0,0.0,0.0,81.17647058823529
Azhar Mahmood,2,0,388.0,303.0,18.476190476190474,107.31380952380952,21,19,2,1,39.0,13.0,0.09523809523809523,0.0,9.523809523809524,128.05280528052805
Baba Indrajith,0,0,21.0,30.0,7.0,56.25,3,3,1,2,2.0,0.0,0.0,0.0,33.33333333333333,70.0
Balachandra Akhil,0,0,76.0,55.0,6.909090909090909,115.22909090909091,11,6,2,2,5.0,5.0,0.0,0.0,18.181818181818183,138.1818181818182
Barinder Sran,0,0,10.0,14.0,1.4285714285714286,77.14285714285714,7,1,1,2,0.0,0.0,0.0,0.0,14.285714285714285,71.42857142857143
Basil Thampi,0,0,32.0,35.0,4.571428571428571,73.21428571428571,7,1,1,1,1.0,1.0,0.0,0.0,14.285714285714285,91.42857142857143
Ben Cutting,0,0,238.0,141.0,14.0,147.58764705882353,17,11,1,1,15.0,19.0,0.0,0.0,5.88235294117647,168.79432624113474
Ben Dunk,0,0,40.0,35.0,13.333333333333334,116.59333333333332,3,3,0,2,7.0,0.0,0.0,0.0,0.0,114.28571428571428
Ben Laughlin,0,0,5.0,13.0,1.25,20.8325,4,2,2,2,0.0,0.0,0.0,0.0,50.0,38.46153846153847
Ben Rohrer,1,0,193.0,140.0,24.125,142.32125,8,6,0,2,21.0,5.0,0.125,0.0,0.0,137.85714285714286
Ben Stokes,2,2,935.0,698.0,21.74418604651163,116.10093023255814,43,38,3,2,81.0,32.0,0.046511627906976744,0.046511627906976744,6.976744186046512,133.9541547277937
Beuran Hendricks,0,0,1.0,3.0,0.5,25.0,2,1,1,1,0.0,0.0,0.0,0.0,50.0,33.33333333333333
Bhanuka Rajapaksa,1,0,277.0,191.0,21.307692307692307,132.23538461538462,13,13,1,1,22.0,15.0,0.07692307692307693,0.0,7.6923076923076925,145.0261780104712
Bharat Chipli,1,0,280.0,251.0,13.333333333333334,98.62285714285714,21,15,0,1,28.0,7.0,0.047619047619047616,0.0,0.0,111.55378486055776
Bhargav Bhatt,0,0,6.0,7.0,3.0,150.0,2,1,1,1,0.0,1.0,0.0,0.0,50.0,85.71428571428571
Bhuvneshwar Kumar,0,0,283.0,297.0,4.716666666666667,87.64283333333333,60,32,7,2,27.0,3.0,0.0,0.0,11.666666666666666,95.28619528619528
Billy Stanlake,0,0,5.0,2.0,5.0,250.0,1,0,0,2,1.0,0.0,0.0,0.0,0.0,250.0
Biplab Samantray,1,0,125.0,113.0,15.625,110.02,8,5,1,1,13.0,2.0,0.125,0.0,12.5,110.61946902654867
Bipul Sharma,0,0,187.0,123.0,11.0,133.82529411764708,17,8,0,1,11.0,9.0,0.0,0.0,0.0,152.03252032520325
Bodapati Sumanth,0,0,35.0,37.0,8.75,124.3025,4,1,0,1,3.0,0.0,0.0,0.0,0.0,94.5945945945946
Brad Haddin,0,0,18.0,11.0,18.0,163.63,1,1,0,1,2.0,1.0,0.0,0.0,0.0,163.63636363636365
Brad Hodge,6,0,1400.0,1118.0,22.22222222222222,106.94825396825397,63,42,4,1,122.0,43.0,0.09523809523809523,0.0,6.349206349206349,125.22361359570662
Brad Hogg,0,0,22.0,22.0,5.5,114.545,4,3,0,2,1.0,0.0,0.0,0.0,0.0,100.0
Brendon McCullum,13,2,2880.0,2186.0,26.422018348623855,115.82715596330276,109,104,6,1,293.0,130.0,0.11926605504587157,0.01834862385321101,5.5045871559633035,131.74748398902105
Brett Lee,0,0,124.0,97.0,6.526315789473684,109.10263157894735,19,10,2,1,8.0,8.0,0.0,0.0,10.526315789473683,127.83505154639174
Callum Ferguson,0,0,98.0,117.0,12.25,87.07374999999999,8,6,0,1,9.0,0.0,0.0,0.0,0.0,83.76068376068376
Cameron Green,2,1,452.0,282.0,28.25,140.25,16,9,0,2,40.0,22.0,0.125,0.0625,0.0,160.2836879432624
Cameron White,6,0,954.0,755.0,21.2,104.57911111111112,45,36,4,1,76.0,36.0,0.13333333333333333,0.0,8.88888888888889,126.35761589403972
Carlos Brathwaite,0,0,181.0,111.0,12.928571428571429,149.89142857142858,14,13,0,1,10.0,16.0,0.0,0.0,0.0,163.06306306306305
Chamara Kapugedera,0,0,16.0,23.0,5.333333333333333,51.846666666666664,3,3,1,1,0.0,0.0,0.0,0.0,33.33333333333333,69.56521739130434
Chamara Silva,0,0,40.0,26.0,13.333333333333334,117.14,3,2,1,1,5.0,1.0,0.0,0.0,33.33333333333333,153.84615384615387
Chaminda Vaas,0,0,81.0,73.0,7.363636363636363,92.86545454545454,11,8,3,1,2.0,3.0,0.0,0.0,27.27272727272727,110.95890410958904
Chandan Madan,0,0,15.0,19.0,15.0,78.94,1,1,0,1,3.0,0.0,0.0,0.0,0.0,78.94736842105263
Charl Langeveldt,0,0,8.0,9.0,4.0,50.0,2,2,1,2,0.0,1.0,0.0,0.0,50.0,88.88888888888889
Chetan Sakariya,0,0,20.0,31.0,2.857142857142857,55.885714285714286,7,6,2,1,3.0,0.0,0.0,0.0,28.57142857142857,64.51612903225806
Chetanya Nanda,0,0,0.0,1.0,0.0,0.0,1,1,1,2,0.0,0.0,0.0,0.0,100.0,0.0
Cheteshwar Pujara,1,0,390.0,391.0,17.727272727272727,92.59136363636364,22,19,1,1,50.0,4.0,0.045454545454545456,0.0,4.545454545454546,99.74424552429667
Chidhambaram Gautam,0,0,169.0,150.0,13.0,104.61153846153846,13,10,0,2,17.0,6.0,0.0,0.0,0.0,112.66666666666667
Chris Gayle,31,6,4965.0,3333.0,35.212765957446805,128.7082978723404,141,125,8,1,404.0,357.0,0.2198581560283688,0.0425531914893617,5.673758865248227,148.96489648964896
Chris Jordan,0,0,81.0,77.0,6.75,90.80166666666666,12,10,1,1,3.0,3.0,0.0,0.0,8.333333333333332,105.1948051948052
Chris Lynn,10,0,1329.0,945.0,31.642857142857142,126.06285714285715,42,39,3,2,132.0,66.0,0.23809523809523808,0.0,7.142857142857142,140.63492063492063
Chris Morris,2,0,618.0,398.0,12.612244897959183,116.49795918367346,49,28,10,2,41.0,35.0,0.04081632653061224,0.0,20.408163265306122,155.27638190954772
Chris Woakes,0,0,78.0,77.0,6.5,92.6025,12,6,1,1,7.0,2.0,0.0,0.0,8.333333333333332,101.29870129870129
Clint McKay,0,0,8.0,15.0,8.0,53.33,1,1,0,1,0.0,0.0,0.0,0.0,0.0,53.333333333333336
Colin Ingram,0,0,205.0,180.0,13.666666666666666,109.22800000000001,15,12,0,2,22.0,5.0,0.0,0.0,0.0,113.88888888888889
Colin Munro,0,0,177.0,141.0,16.09090909090909,102.88909090909091,11,11,1,1,19.0,8.0,0.0,0.0,9.090909090909092,125.53191489361701
Colin de Grandhomme,0,0,303.0,225.0,14.428571428571429,107.41095238095238,21,16,3,2,18.0,18.0,0.0,0.0,14.285714285714285,134.66666666666666
Corey Anderson,3,0,538.0,423.0,18.551724137931036,103.23758620689655,29,22,2,1,40.0,31.0,0.10344827586206896,0.0,6.896551724137931,127.18676122931443
D'Arcy Short,0,0,115.0,99.0,16.428571428571427,117.57428571428571,7,7,0,1,11.0,5.0,0.0,0.0,0.0,116.16161616161615
Dale Steyn,0,0,167.0,160.0,5.0606060606060606,95.56666666666666,33,22,5,1,14.0,3.0,0.0,0.0,15.151515151515152,104.375
Damien Martyn,0,0,19.0,24.0,19.0,79.16,1,1,0,1,1.0,0.0,0.0,0.0,0.0,79.16666666666666
Dan Christian,0,0,14.0,24.0,2.0,41.07,7,6,1,1,1.0,0.0,0.0,0.0,14.285714285714285,58.333333333333336
Daniel Christian,0,0,446.0,374.0,13.117647058823529,118.21794117647059,34,25,1,1,22.0,19.0,0.0,0.0,2.941176470588235,119.25133689839573
Daniel Harris,0,0,111.0,101.0,27.75,109.2425,4,4,0,1,11.0,5.0,0.0,0.0,0.0,109.9009900990099
Daniel Sams,0,0,44.0,44.0,3.3846153846153846,122.11769230769231,13,9,4,2,1.0,3.0,0.0,0.0,30.76923076923077,100.0
Daniel Vettori,0,0,121.0,113.0,7.5625,94.89875,16,8,1,2,11.0,2.0,0.0,0.0,6.25,107.07964601769913
Daren Sammy,1,0,295.0,241.0,14.75,120.69200000000001,20,15,2,1,15.0,18.0,0.05,0.0,10.0,122.40663900414938
Darren Bravo,0,0,6.0,5.0,6.0,120.0,1,0,0,2,1.0,0.0,0.0,0.0,0.0,120.0
Darren Lehmann,0,0,18.0,18.0,9.0,78.125,2,2,0,1,3.0,0.0,0.0,0.0,0.0,100.0
Darshan Nalkande,0,0,0.0,1.0,0.0,0.0,1,1,1,2,0.0,0.0,0.0,0.0,100.0,0.0
Daryl Mitchell,0,0,33.0,44.0,16.5,75.83,2,2,0,1,1.0,0.0,0.0,0.0,0.0,75.0
Dasun Shanaka,0,0,26.0,26.0,8.666666666666666,78.27333333333333,3,2,1,2,2.0,1.0,0.0,0.0,33.33333333333333,100.0
David Hussey,5,0,1322.0,1075.0,21.672131147540984,106.86868852459015,61,49,5,1,90.0,60.0,0.08196721311475409,0.0,8.19672131147541,122.97674418604652
David Miller,12,1,2714.0,1961.0,23.80701754385965,125.12535087719299,114,74,3,1,187.0,126.0,0.10526315789473684,0.008771929824561403,2.631578947368421,138.3987761346252
David Warner,61,4,6397.0,4572.0,36.34659090909091,121.78386363636363,176,154,11,2,646.0,226.0,0.3465909090909091,0.022727272727272728,6.25,139.91688538932635
David Wiese,0,0,148.0,101.0,13.454545454545455,149.56727272727272,11,5,0,2,12.0,7.0,0.0,0.0,0.0,146.53465346534654
David Willey,0,0,53.0,62.0,10.6,94.856,5,2,1,2,7.0,0.0,0.0,0.0,20.0,85.48387096774194
Davy Jacobs,0,0,92.0,98.0,13.142857142857142,81.61428571428571,7,7,1,1,10.0,4.0,0.0,0.0,14.285714285714285,93.87755102040816
Dawid Malan,0,0,26.0,26.0,26.0,100.0,1,1,0,1,1.0,1.0,0.0,0.0,0.0,100.0
Debabrata Das,0,0,304.0,261.0,13.818181818181818,123.35136363636364,22,14,1,2,23.0,16.0,0.0,0.0,4.545454545454546,116.47509578544062
Deepak Chahar,0,0,80.0,59.0,6.666666666666667,91.24916666666667,12,7,3,2,2.0,6.0,0.0,0.0,25.0,135.59322033898303
Deepak Hooda,7,0,1320.0,1026.0,15.172413793103448,116.5783908045977,87,72,3,1,80.0,58.0,0.08045977011494253,0.0,3.4482758620689653,128.6549707602339
Devdutt Padikkal,9,1,1521.0,1213.0,26.68421052631579,107.89315789473685,57,55,3,1,166.0,42.0,0.15789473684210525,0.017543859649122806,5.263157894736842,125.39159109645507
Devon Conway,9,0,924.0,654.0,42.0,111.33000000000001,22,19,2,1,99.0,30.0,0.4090909090909091,0.0,9.090909090909092,141.28440366972478
Devraj Patil,0,0,13.0,13.0,6.5,237.5,2,2,0,1,1.0,0.0,0.0,0.0,0.0,100.0
Dewald Brevis,0,0,161.0,113.0,23.0,127.01,7,7,0,2,14.0,11.0,0.0,0.0,0.0,142.47787610619469
Dhawal Kulkarni,0,0,104.0,108.0,5.2,104.797,20,9,0,2,7.0,2.0,0.0,0.0,0.0,96.29629629629629
Dhruv Jurel,0,0,152.0,88.0,13.818181818181818,146.29545454545453,11,7,1,2,11.0,9.0,0.0,0.0,9.090909090909092,172.72727272727272
Dhruv Shorey,0,0,13.0,17.0,6.5,75.69,2,2,0,2,0.0,1.0,0.0,0.0,0.0,76.47058823529412
Dilhara Fernando,0,0,4.0,3.0,2.0,150.0,2,0,0,2,0.0,0.0,0.0,0.0,0.0,133.33333333333331
Dillon du Preez,0,0,10.0,13.0,10.0,76.92,1,1,0,1,0.0,0.0,0.0,0.0,0.0,76.92307692307693
Dimitri Mascarenhas,0,0,79.0,78.0,7.181818181818182,93.40818181818182,11,9,2,2,5.0,1.0,0.0,0.0,18.181818181818183,101.28205128205127
Dinesh Karthik,20,0,4516.0,3403.0,20.527272727272727,118.16018181818183,220,175,18,1,439.0,139.0,0.09090909090909091,0.0,8.181818181818182,132.70643549808992
Dinesh Salunkhe,0,0,33.0,24.0,11.0,143.33333333333334,3,2,0,2,5.0,0.0,0.0,0.0,0.0,137.5
Dirk Nannes,0,0,4.0,13.0,2.0,38.635,2,1,0,2,0.0,0.0,0.0,0.0,0.0,30.76923076923077
Dishant Yagnik,0,0,170.0,137.0,10.0,121.97117647058822,17,10,1,1,23.0,2.0,0.0,0.0,5.88235294117647,124.08759124087592
Doddapaneni Kalyankrishna,0,0,3.0,8.0,3.0,37.5,1,1,0,1,0.0,0.0,0.0,0.0,0.0,37.5
Dominic Thornely,0,0,39.0,53.0,9.75,46.525,4,3,1,1,2.0,2.0,0.0,0.0,25.0,73.58490566037736
Domnic Muthuswami,0,0,1.0,3.0,1.0,33.33,1,1,0,1,0.0,0.0,0.0,0.0,0.0,33.33333333333333
Doug Bollinger,0,0,21.0,23.0,5.25,60.235,4,1,1,1,1.0,1.0,0.0,0.0,25.0,91.30434782608695
Doug Bracewell,0,0,12.0,9.0,12.0,133.33,1,0,0,2,1.0,0.0,0.0,0.0,0.0,133.33333333333331
Dushmantha Chameera,0,0,43.0,28.0,6.142857142857143,109.14857142857143,7,4,2,2,3.0,3.0,0.0,0.0,28.57142857142857,153.57142857142858
Dwaine Pretorius,0,0,44.0,28.0,8.8,123.928,5,4,1,2,3.0,3.0,0.0,0.0,20.0,157.14285714285714
Dwaraka Ravi Teja,1,0,375.0,317.0,15.0,117.66959999999999,25,19,1,1,35.0,9.0,0.04,0.0,4.0,118.29652996845425
Dwayne Bravo,5,0,1560.0,1204.0,14.181818181818182,130.402,110,69,6,1,121.0,66.0,0.045454545454545456,0.0,5.454545454545454,129.56810631229237
Dwayne Smith,17,0,2385.0,1764.0,27.102272727272727,115.79659090909091,88,84,8,1,245.0,117.0,0.19318181818181818,0.0,9.090909090909092,135.20408163265304
Eklavya Dwivedi,0,0,24.0,14.0,12.0,155.555,2,2,0,1,2.0,2.0,0.0,0.0,0.0,171.42857142857142
Eoin Morgan,5,0,1405.0,1146.0,18.986486486486488,104.69243243243243,74,61,5,1,112.0,64.0,0.06756756756756757,0.0,6.756756756756757,122.6003490401396
Evin Lewis,4,0,654.0,477.0,25.153846153846153,113.28423076923076,26,24,2,1,62.0,36.0,0.15384615384615385,0.0,7.6923076923076925,137.1069182389937
Fabian Allen,0,0,14.0,19.0,4.666666666666667,56.27333333333333,3,2,1,2,1.0,0.0,0.0,0.0,33.33333333333333,73.68421052631578
Faf du Plessis,33,0,4133.0,3081.0,33.60162601626016,118.8409756097561,123,112,7,1,374.0,145.0,0.2682926829268293,0.0,5.691056910569105,134.14475819539112
Faiz Fazal,0,0,183.0,173.0,16.636363636363637,88.43727272727273,11,10,1,1,22.0,1.0,0.0,0.0,9.090909090909092,105.78034682080926
Farhaan Behardien,0,0,14.0,13.0,4.666666666666667,76.19,3,2,1,2,2.0,0.0,0.0,0.0,33.33333333333333,107.6923076923077
Farveez Maharoof,0,0,177.0,123.0,12.642857142857142,111.73642857142856,14,10,2,1,12.0,9.0,0.0,0.0,14.285714285714285,143.90243902439025
Fazalhaq Farooqi,0,0,3.0,13.0,1.5,22.5,2,0,0,2,0.0,0.0,0.0,0.0,0.0,23.076923076923077
Fidel Edwards,0,0,4.0,5.0,2.0,91.66499999999999,2,1,0,1,0.0,0.0,0.0,0.0,0.0,80.0
Gautam Gambhir,36,0,4217.0,3404.0,27.927152317880793,106.78635761589403,151,135,11,2,492.0,59.0,0.23841059602649006,0.0,7.28476821192053,123.88366627497062
George Bailey,2,0,663.0,544.0,18.416666666666668,110.84611111111111,36,27,1,1,59.0,19.0,0.05555555555555555,0.0,2.7777777777777777,121.875
George Garton,0,0,2.0,4.0,1.0,33.33,2,1,1,1,0.0,0.0,0.0,0.0,50.0,50.0
Glenn Maxwell,18,0,2719.0,1725.0,22.84873949579832,129.30176470588236,119,103,14,1,226.0,158.0,0.15126050420168066,0.0,11.76470588235294,157.6231884057971
Glenn McGrath,0,0,4.0,5.0,2.0,66.665,2,1,1,2,1.0,0.0,0.0,0.0,50.0,80.0
Glenn Phillips,0,0,65.0,55.0,8.125,114.11125,8,7,1,1,3.0,6.0,0.0,0.0,12.5,118.18181818181819
Gnaneswara Rao,0,0,19.0,17.0,19.0,111.76,1,1,0,2,3.0,0.0,0.0,0.0,0.0,111.76470588235294
Graeme Smith,4,0,739.0,668.0,25.482758620689655,82.03448275862068,29,26,3,2,94.0,9.0,0.13793103448275862,0.0,10.344827586206897,110.62874251497006
Graham Napier,0,0,15.0,16.0,15.0,93.75,1,1,0,1,1.0,0.0,0.0,0.0,0.0,93.75
Gurkeerat Singh Mann,2,0,511.0,422.0,15.96875,106.68125,32,24,4,1,55.0,11.0,0.0625,0.0,12.5,121.09004739336493
Halhadar Das,0,0,2.0,5.0,2.0,40.0,1,1,0,2,0.0,0.0,0.0,0.0,0.0,40.0
Hanuma Vihari,0,0,284.0,321.0,12.347826086956522,80.53869565217391,23,20,0,2,23.0,1.0,0.0,0.0,0.0,88.47352024922118
Harbhajan Singh,1,0,833.0,604.0,9.465909090909092,119.95602272727272,88,54,12,2,79.0,42.0,0.011363636363636364,0.0,13.636363636363635,137.91390728476821
Hardik Pandya,10,0,2309.0,1583.0,20.078260869565216,139.62608695652173,115,76,5,1,172.0,125.0,0.08695652173913043,0.0,4.3478260869565215,145.86228679722046
Hardus Viljoen,0,0,3.0,7.0,1.0,33.33,3,2,1,1,0.0,0.0,0.0,0.0,33.33333333333333,42.857142857142854
Harmeet Singh,0,0,18.0,12.0,4.5,102.08250000000001,4,3,1,2,3.0,0.0,0.0,0.0,25.0,150.0
Harpreet Brar,0,0,158.0,136.0,9.294117647058824,120.23764705882353,17,9,1,1,11.0,7.0,0.0,0.0,5.88235294117647,116.1764705882353
Harpreet Singh,0,0,96.0,85.0,16.0,109.88,6,5,0,2,8.0,3.0,0.0,0.0,0.0,112.94117647058823
Harry Brook,0,1,190.0,154.0,17.272727272727273,79.15363636363637,11,9,3,1,23.0,4.0,0.0,0.09090909090909091,27.27272727272727,123.37662337662339
Harry Gurney,0,0,1.0,5.0,1.0,20.0,1,0,0,1,0.0,0.0,0.0,0.0,0.0,20.0
Harshal Patel,0,0,236.0,184.0,7.151515151515151,111.24636363636364,33,23,7,2,15.0,14.0,0.0,0.0,21.21212121212121,128.26086956521738
Harshit Rana,0,0,2.0,3.0,0.6666666666666666,66.66666666666667,3,2,2,1,0.0,0.0,0.0,0.0,66.66666666666666,66.66666666666666
Hashim Amla,3,2,577.0,407.0,36.0625,105.454375,16,13,2,1,60.0,21.0,0.1875,0.125,12.5,141.76904176904176
Heinrich Klaasen,2,1,514.0,310.0,30.235294117647058,149.52882352941174,17,14,1,2,37.0,26.0,0.11764705882352941,0.058823529411764705,5.88235294117647,165.8064516129032
Herschelle Gibbs,6,0,886.0,807.0,24.61111111111111,95.48833333333333,36,32,4,1,83.0,31.0,0.16666666666666666,0.0,11.11111111111111,109.78934324659231
Hrithik Shokeen,0,0,66.0,65.0,13.2,96.676,5,3,1,1,9.0,0.0,0.0,0.0,20.0,101.53846153846153
Imran Tahir,0,0,33.0,37.0,4.125,80.385,8,4,1,2,5.0,0.0,0.0,0.0,12.5,89.1891891891892
Iqbal Abdulla,0,0,88.0,84.0,6.769230769230769,83.94461538461539,13,2,2,2,9.0,1.0,0.0,0.0,15.384615384615385,104.76190476190477
Irfan Pathan,1,0,1139.0,946.0,13.890243902439025,121.42560975609756,82,53,3,1,87.0,37.0,0.012195121951219513,0.0,3.6585365853658534,120.40169133192389
Ish Sodhi,0,0,7.0,17.0,3.5,35.6,2,2,0,1,0.0,0.0,0.0,0.0,0.0,41.17647058823529
Ishan Kishan,15,0,2324.0,1731.0,27.341176470588234,115.87529411764706,85,79,6,1,220.0,103.0,0.17647058823529413,0.0,7.0588235294117645,134.2576545349509
Ishan Malhotra,0,0,7.0,4.0,7.0,175.0,1,0,0,1,1.0,0.0,0.0,0.0,0.0,175.0
Ishank Jaggi,0,0,76.0,97.0,10.857142857142858,69.95714285714286,7,5,0,1,6.0,0.0,0.0,0.0,0.0,78.35051546391753
Ishant Sharma,0,0,56.0,62.0,2.9473684210526314,107.71894736842106,19,6,2,2,4.0,2.0,0.0,0.0,10.526315789473683,90.32258064516128
Ishwar Pandey,0,0,0.0,2.0,0.0,0.0,1,1,1,2,0.0,0.0,0.0,0.0,100.0,0.0
Isuru Udana,0,0,15.0,11.0,3.75,108.3325,4,3,1,1,1.0,1.0,0.0,0.0,25.0,136.36363636363635
Jacob Oram,0,0,106.0,108.0,9.636363636363637,94.2781818181818,11,8,1,1,6.0,5.0,0.0,0.0,9.090909090909092,98.14814814814815
Jacques Kallis,17,0,2427.0,2222.0,25.54736842105263,91.80642105263159,95,84,8,2,255.0,44.0,0.17894736842105263,0.0,8.421052631578947,109.22592259225922
Jagadeesh Arunkumar,0,0,23.0,23.0,7.666666666666667,54.24666666666667,3,3,1,2,5.0,0.0,0.0,0.0,33.33333333333333,100.0
Jagadeesha Suchith,0,0,70.0,61.0,7.777777777777778,93.75555555555555,9,4,2,2,6.0,3.0,0.0,0.0,22.22222222222222,114.75409836065573
Jamaluddin Syed Mohammad,0,0,29.0,26.0,5.8,152.362,5,2,0,2,4.0,0.0,0.0,0.0,0.0,111.53846153846155
James Faulkner,0,0,527.0,389.0,11.71111111111111,132.62488888888888,45,25,0,2,36.0,23.0,0.0,0.0,0.0,135.47557840616966
James Franklin,1,0,327.0,301.0,20.4375,103.64375,16,11,0,2,25.0,8.0,0.0625,0.0,0.0,108.63787375415282
James Hopes,4,0,417.0,306.0,21.94736842105263,131.4884210526316,19,16,1,2,49.0,11.0,0.21052631578947367,0.0,5.263157894736842,136.27450980392157
James Neesham,0,0,92.0,93.0,9.2,80.103,10,9,2,2,6.0,2.0,0.0,0.0,20.0,98.9247311827957
James Pattinson,0,0,15.0,13.0,7.5,108.75,2,1,0,1,2.0,0.0,0.0,0.0,0.0,115.38461538461537
Jaskaran Singh,0,0,8.0,11.0,2.0,62.5,4,1,1,2,0.0,0.0,0.0,0.0,25.0,72.72727272727273
Jason Behrendorff,0,0,6.0,9.0,3.0,67.5,2,0,0,2,0.0,0.0,0.0,0.0,0.0,66.66666666666666
Jason Holder,0,0,259.0,211.0,9.592592592592593,108.59703703703703,27,21,3,2,13.0,18.0,0.0,0.0,11.11111111111111,122.74881516587676
Jason Roy,4,0,614.0,443.0,29.238095238095237,124.36952380952383,21,19,0,1,75.0,21.0,0.19047619047619047,0.0,0.0,138.6004514672686
Jasprit Bumrah,0,0,56.0,66.0,2.5454545454545454,64.18636363636364,22,6,9,1,4.0,1.0,0.0,0.0,40.909090909090914,84.84848484848484
Javon Searles,0,0,8.0,6.0,4.0,320.0,2,1,0,1,0.0,1.0,0.0,0.0,0.0,133.33333333333331
Jayant Yadav,0,0,40.0,36.0,10.0,121.0725,4,4,0,1,2.0,1.0,0.0,0.0,0.0,111.11111111111111
Jaydev Unadkat,0,0,173.0,140.0,7.863636363636363,98.86227272727272,22,13,3,2,14.0,6.0,0.0,0.0,13.636363636363635,123.57142857142858
Jean-Paul Duminy,14,0,2029.0,1636.0,27.053333333333335,118.87493333333335,75,51,1,1,126.0,79.0,0.18666666666666668,0.0,1.3333333333333335,124.02200488997555
Jeevan Mendis,0,0,23.0,27.0,7.666666666666667,64.26666666666667,3,3,1,2,0.0,0.0,0.0,0.0,33.33333333333333,85.18518518518519
Jerome Taylor,0,0,3.0,3.0,1.5,125.0,2,1,0,1,0.0,0.0,0.0,0.0,0.0,100.0
Jesse Ryder,4,0,604.0,458.0,20.82758620689655,102.39793103448275,29,28,4,2,69.0,19.0,0.13793103448275862,0.0,13.793103448275861,131.87772925764193
Jhye Richardson,0,0,15.0,24.0,7.5,34.09,2,2,1,1,2.0,0.0,0.0,0.0,50.0,62.5
Jitesh Sharma,0,0,543.0,341.0,22.625,156.15208333333334,24,21,1,1,44.0,33.0,0.0,0.0,4.166666666666666,159.23753665689148
Joe Denly,0,0,0.0,1.0,0.0,0.0,1,1,1,1,0.0,0.0,0.0,0.0,100.0,0.0
Joe Root,0,0,10.0,15.0,10.0,66.66,1,1,0,2,1.0,0.0,0.0,0.0,0.0,66.66666666666666
Jofra Archer,0,0,199.0,128.0,8.652173913043478,127.37478260869565,23,13,3,2,11.0,14.0,0.0,0.0,13.043478260869565,155.46875
Joginder Sharma,0,0,36.0,30.0,7.2,79.998,5,4,2,2,1.0,2.0,0.0,0.0,40.0,120.0
Johan Botha,1,0,409.0,359.0,14.607142857142858,115.87892857142857,28,20,0,1,39.0,5.0,0.03571428571428571,0.0,0.0,113.9275766016713
Johan van der Wath,0,0,18.0,16.0,6.0,73.33333333333333,3,2,1,2,1.0,1.0,0.0,0.0,33.33333333333333,112.5
Jonny Bairstow,9,1,1291.0,905.0,33.1025641025641,127.37102564102565,39,36,2,2,133.0,55.0,0.23076923076923078,0.02564102564102564,5.128205128205128,142.65193370165744
Jos Buttler,19,5,3223.0,2173.0,33.92631578947368,129.31631578947366,95,85,6,2,319.0,149.0,0.2,0.05263157894736842,6.315789473684211,148.32029452369994
Josh Hazlewood,0,0,19.0,28.0,3.1666666666666665,67.045,6,0,1,1,1.0,0.0,0.0,0.0,16.666666666666664,67.85714285714286
Josh Philippe,0,0,78.0,77.0,15.6,72.26,5,4,1,1,9.0,1.0,0.0,0.0,20.0,101.29870129870129
Justin Kemp,0,0,26.0,24.0,13.0,93.75,2,2,0,2,1.0,1.0,0.0,0.0,0.0,108.33333333333333
KC Cariappa,0,0,24.0,21.0,4.8,110.66599999999998,5,3,0,2,0.0,2.0,0.0,0.0,0.0,114.28571428571428
KL Rahul,33,4,4163.0,3097.0,38.5462962962963,120.56203703703704,108,88,5,1,355.0,168.0,0.3055555555555556,0.037037037037037035,4.62962962962963,134.42040684533418
KM Asif,0,0,0.0,2.0,0.0,0.0,1,1,1,2,0.0,0.0,0.0,0.0,100.0,0.0
KP Appanna,0,0,2.0,4.0,0.6666666666666666,50.0,3,1,1,2,0.0,0.0,0.0,0.0,33.33333333333333,50.0
Kagiso Rabada,0,0,186.0,179.0,7.44,99.8044,25,15,6,2,16.0,6.0,0.0,0.0,24.0,103.91061452513965
Kamlesh Nagarkoti,0,0,22.0,33.0,3.142857142857143,66.1842857142857,7,4,2,1,1.0,0.0,0.0,0.0,28.57142857142857,66.66666666666666
Kamran Akmal,1,0,128.0,78.0,21.333333333333332,161.80333333333334,6,5,0,2,13.0,8.0,0.16666666666666666,0.0,0.0,164.1025641025641
Kamran Khan,0,0,3.0,5.0,3.0,60.0,1,1,0,2,0.0,0.0,0.0,0.0,0.0,60.0
Kane Richardson,0,0,36.0,39.0,9.0,82.5,4,3,0,1,2.0,1.0,0.0,0.0,0.0,92.3076923076923
Kane Williamson,18,0,2101.0,1667.0,28.39189189189189,114.43716216216217,74,57,1,2,181.0,64.0,0.24324324324324326,0.0,1.3513513513513513,126.03479304139171
Karan Goel,0,0,218.0,231.0,13.625,77.663125,16,14,1,1,17.0,9.0,0.0,0.0,6.25,94.37229437229438
Karan Sharma,0,0,16.0,25.0,5.333333333333333,72.08333333333333,3,3,0,2,1.0,0.0,0.0,0.0,0.0,64.0
Karanveer Singh,0,0,12.0,17.0,3.0,80.535,4,1,0,2,1.0,0.0,0.0,0.0,0.0,70.58823529411765
Karn Sharma,0,0,320.0,279.0,8.88888888888889,110.35777777777778,36,23,1,1,18.0,14.0,0.0,0.0,2.7777777777777777,114.6953405017921
Kartik Tyagi,0,0,13.0,16.0,2.1666666666666665,67.77499999999999,6,4,1,2,1.0,0.0,0.0,0.0,16.666666666666664,81.25
Karun Nair,10,0,1496.0,1171.0,22.0,111.06764705882354,68,63,3,1,161.0,39.0,0.14705882352941177,0.0,4.411764705882353,127.75405636208367
Kedar Jadhav,4,0,1208.0,981.0,14.91358024691358,111.02617283950619,81,54,6,1,102.0,40.0,0.04938271604938271,0.0,7.4074074074074066,123.13965341488277
Keemo Paul,0,0,18.0,24.0,3.6,80.57000000000001,5,4,1,1,1.0,1.0,0.0,0.0,20.0,75.0
Kemar Roach,0,0,10.0,9.0,10.0,111.11,1,1,0,2,1.0,0.0,0.0,0.0,0.0,111.11111111111111
Kevin Pietersen,4,1,1001.0,743.0,27.805555555555557,114.34166666666667,36,28,4,2,91.0,40.0,0.1111111111111111,0.027777777777777776,11.11111111111111,134.72409152086138
Kevon Cooper,0,0,116.0,68.0,9.666666666666666,157.29,12,9,1,1,9.0,8.0,0.0,0.0,8.333333333333332,170.58823529411765
Khaleel Ahmed,0,0,1.0,7.0,0.2,10.0,5,5,4,2,0.0,0.0,0.0,0.0,80.0,14.285714285714285
Kieron Pollard,16,0,3412.0,2316.0,20.30952380952381,135.5235119047619,168,119,6,1,218.0,223.0,0.09523809523809523,0.0,3.571428571428571,147.3229706390328
Krishnakant  Upadhyay,0,0,12.0,9.0,6.0,118.75,2,0,0,2,0.0,1.0,0.0,0.0,0.0,133.33333333333331
Krishnappa Gowtham,0,0,247.0,148.0,9.148148148148149,156.70407407407407,27,18,3,2,15.0,17.0,0.0,0.0,11.11111111111111,166.89189189189187
Krunal Pandya,1,0,1514.0,1135.0,15.770833333333334,123.4278125,96,71,7,1,136.0,56.0,0.010416666666666666,0.0,7.291666666666667,133.3920704845815
Kuldeep Sen,0,0,0.0,3.0,0.0,0.0,1,0,1,2,0.0,0.0,0.0,0.0,100.0,0.0
Kuldeep Yadav,0,0,136.0,175.0,5.037037037037037,70.77259259259259,27,8,7,2,10.0,2.0,0.0,0.0,25.925925925925924,77.71428571428571
Kuldip Yadav,0,0,0.0,4.0,0.0,0.0,1,0,1,1,0.0,0.0,0.0,0.0,100.0,0.0
Kumar Kartikeya,0,0,9.0,12.0,4.5,72.85499999999999,2,2,0,2,1.0,0.0,0.0,0.0,0.0,75.0
Kumar Sangakkara,10,0,1687.0,1392.0,24.808823529411764,108.81558823529411,68,65,4,1,195.0,27.0,0.14705882352941177,0.0,5.88235294117647,121.19252873563218
Kusal Perera,0,0,14.0,13.0,7.0,58.33,2,2,1,1,3.0,0.0,0.0,0.0,50.0,107.6923076923077
Kyle Abbott,0,0,13.0,8.0,4.333333333333333,100.0,3,1,1,1,0.0,1.0,0.0,0.0,33.33333333333333,162.5
Kyle Jamieson,0,0,65.0,55.0,9.285714285714286,130.0257142857143,7,4,0,1,5.0,3.0,0.0,0.0,0.0,118.18181818181819
Kyle Mayers,4,0,379.0,263.0,29.153846153846153,116.13461538461539,13,13,2,2,38.0,22.0,0.3076923076923077,0.0,15.384615384615385,144.106463878327
Lakshmipathy Balaji,0,0,36.0,49.0,2.769230769230769,70.46615384615384,13,7,5,1,2.0,1.0,0.0,0.0,38.46153846153847,73.46938775510205
Lalit Yadav,0,0,295.0,278.0,15.526315789473685,94.02684210526316,19,14,1,2,26.0,7.0,0.0,0.0,5.263157894736842,106.11510791366908
Lasith Malinga,0,0,88.0,99.0,4.4,78.974,20,14,6,2,6.0,5.0,0.0,0.0,30.0,88.88888888888889
Laxmi Shukla,0,0,405.0,350.0,12.272727272727273,108.71606060606061,33,27,3,1,33.0,15.0,0.0,0.0,9.090909090909092,115.71428571428572
Lee Carseldine,0,0,81.0,68.0,16.2,119.47200000000001,5,4,0,2,11.0,0.0,0.0,0.0,0.0,119.11764705882352
Lendl Simmons,11,1,1079.0,852.0,37.206896551724135,103.78551724137932,29,27,2,1,109.0,44.0,0.3793103448275862,0.034482758620689655,6.896551724137931,126.6431924882629
Liam Livingstone,6,0,828.0,500.0,25.875,137.7446875,32,28,0,1,58.0,59.0,0.1875,0.0,0.0,165.6
Liam Plunkett,0,0,1.0,3.0,0.5,25.0,2,1,1,1,0.0,0.0,0.0,0.0,50.0,33.33333333333333
Litton Das,0,0,4.0,4.0,4.0,100.0,1,1,0,1,1.0,0.0,0.0,0.0,0.0,100.0
Lockie Ferguson,0,0,67.0,45.0,11.166666666666666,122.27499999999999,6,2,1,1,6.0,2.0,0.0,0.0,16.666666666666664,148.88888888888889
Love Ablish,0,0,0.0,2.0,0.0,0.0,1,0,1,2,0.0,0.0,0.0,0.0,100.0,0.0
Luke Pomersbach,1,0,302.0,246.0,18.875,113.363125,16,11,0,2,25.0,13.0,0.0625,0.0,0.0,122.76422764227641
Luke Ronchi,0,0,34.0,34.0,6.8,80.468,5,5,1,1,6.0,1.0,0.0,0.0,20.0,100.0
Luke Wright,0,0,106.0,60.0,21.2,180.702,5,5,0,2,16.0,3.0,0.0,0.0,0.0,176.66666666666666
M Shahrukh Khan,0,0,426.0,316.0,14.2,138.21933333333334,30,21,2,1,26.0,28.0,0.0,0.0,6.666666666666667,134.81012658227849
MS Dhoni,24,0,5082.0,3739.0,23.419354838709676,127.59244239631337,217,131,6,1,349.0,239.0,0.11059907834101383,0.0,2.7649769585253456,135.91869483819204
Maheesh Theekshana,0,0,7.0,7.0,3.5,87.5,2,1,1,1,0.0,1.0,0.0,0.0,50.0,100.0
Mahela Jayawardene,10,1,1802.0,1462.0,23.102564102564102,111.89102564102564,78,63,2,2,200.0,39.0,0.1282051282051282,0.01282051282051282,2.564102564102564,123.25581395348837
Mahesh Rawat,0,0,55.0,69.0,5.0,69.87545454545455,11,5,1,2,4.0,1.0,0.0,0.0,9.090909090909092,79.71014492753623
Mahipal Lomror,1,0,402.0,305.0,16.08,117.49960000000002,25,21,1,1,24.0,21.0,0.04,0.0,4.0,131.80327868852459
Makhaya Ntini,0,0,11.0,18.0,5.5,45.83,2,1,1,1,2.0,0.0,0.0,0.0,50.0,61.111111111111114
Manan Vohra,3,0,1083.0,829.0,21.235294117647058,111.0550980392157,51,49,3,2,104.0,43.0,0.058823529411764705,0.0,5.88235294117647,130.63932448733414
Mandeep Singh,6,0,1706.0,1388.0,17.587628865979383,102.75969072164949,97,81,14,1,176.0,38.0,0.061855670103092786,0.0,14.432989690721648,122.91066282420748
Manish Pandey,22,1,3808.0,3148.0,24.41025641025641,103.53147435897436,156,130,13,2,333.0,108.0,0.14102564102564102,0.00641025641025641,8.333333333333332,120.96569250317661
Manoj Tiwary,7,0,1695.0,1449.0,20.42168674698795,114.34493975903614,83,59,8,1,156.0,40.0,0.08433734939759036,0.0,9.63855421686747,116.97722567287785
Manpreet Gony,0,0,99.0,71.0,6.6,102.77733333333335,15,9,4,2,6.0,8.0,0.0,0.0,26.666666666666668,139.43661971830986
Manprit Juneja,0,0,125.0,128.0,17.857142857142858,90.51142857142858,7,7,0,1,11.0,1.0,0.0,0.0,0.0,97.65625
Manvinder  Bisla,4,0,798.0,702.0,20.46153846153846,86.88846153846154,39,38,3,2,93.0,23.0,0.10256410256410256,0.0,7.6923076923076925,113.67521367521367
Marchant de Lange,0,0,1.0,2.0,1.0,50.0,1,1,0,1,0.0,0.0,0.0,0.0,0.0,50.0
Marco Jansen,0,0,48.0,53.0,4.8,79.559,10,6,2,2,4.0,1.0,0.0,0.0,20.0,90.56603773584906
Marcus Stoinis,7,0,1478.0,1051.0,19.972972972972972,117.43337837837838,74,54,8,1,111.0,75.0,0.0945945945945946,0.0,10.81081081081081,140.62797335870602
Mark Boucher,1,0,394.0,309.0,17.130434782608695,112.22086956521738,23,14,0,2,32.0,13.0,0.043478260869565216,0.0,0.0,127.50809061488673
Mark Wood,0,0,12.0,8.0,4.0,138.88666666666666,3,2,0,2,1.0,1.0,0.0,0.0,0.0,150.0
Marlon Samuels,0,0,161.0,172.0,11.5,69.015,14,13,1,2,9.0,7.0,0.0,0.0,7.142857142857142,93.6046511627907
Martin Guptill,1,0,270.0,196.0,20.76923076923077,115.19846153846153,13,12,1,1,24.0,15.0,0.07692307692307693,0.0,7.6923076923076925,137.75510204081633
Mashrafe Mortaza,0,0,2.0,2.0,2.0,100.0,1,0,0,1,0.0,0.0,0.0,0.0,0.0,100.0
Matthew Hayden,8,0,1107.0,805.0,34.59375,120.7015625,32,30,1,1,121.0,44.0,0.25,0.0,3.125,137.51552795031057
Matthew Short,0,0,117.0,92.0,19.5,110.99833333333333,6,6,0,1,15.0,4.0,0.0,0.0,0.0,127.17391304347827
Matthew Wade,0,0,179.0,171.0,13.76923076923077,104.14923076923077,13,13,0,2,23.0,2.0,0.0,0.0,0.0,104.67836257309942
Mayank Agarwal,13,1,2597.0,1943.0,22.196581196581196,114.33444444444444,117,113,7,1,255.0,97.0,0.1111111111111111,0.008547008547008548,5.982905982905983,133.659289758106
Mayank Markande,0,0,48.0,42.0,4.8,102.333,10,3,1,1,5.0,1.0,0.0,0.0,10.0,114.28571428571428
Michael Bracewell,0,0,58.0,47.0,14.5,117.0125,4,2,0,1,6.0,1.0,0.0,0.0,0.0,123.40425531914893
Michael Clarke,0,0,98.0,94.0,16.333333333333332,94.44666666666666,6,6,0,2,12.0,0.0,0.0,0.0,0.0,104.25531914893618
Michael Hussey,15,1,1977.0,1612.0,34.08620689655172,104.11051724137931,58,51,1,1,198.0,52.0,0.25862068965517243,0.017241379310344827,1.7241379310344827,122.64267990074443
Michael Klinger,0,0,73.0,77.0,18.25,82.715,4,4,0,1,9.0,0.0,0.0,0.0,0.0,94.8051948051948
Michael Lumb,1,0,278.0,194.0,23.166666666666668,104.29,12,12,3,1,45.0,6.0,0.08333333333333333,0.0,25.0,143.29896907216494
Misbah-ul-Haq,0,0,117.0,81.0,14.625,101.6075,8,7,2,1,10.0,6.0,0.0,0.0,25.0,144.44444444444443
Mitchell Johnson,0,0,167.0,164.0,5.964285714285714,94.06321428571428,28,13,3,1,10.0,7.0,0.0,0.0,10.714285714285714,101.82926829268293
Mitchell Marsh,3,0,604.0,483.0,18.875,104.3878125,32,30,4,2,39.0,35.0,0.09375,0.0,12.5,125.05175983436854
Mitchell McClenaghan,0,0,85.0,70.0,4.473684210526316,92.37421052631579,19,12,6,1,5.0,7.0,0.0,0.0,31.57894736842105,121.42857142857142
Mitchell Santner,0,0,56.0,54.0,7.0,113.61,8,3,0,1,3.0,3.0,0.0,0.0,0.0,103.7037037037037
Mitchell Starc,0,0,96.0,98.0,8.727272727272727,98.85545454545455,11,7,0,2,10.0,0.0,0.0,0.0,0.0,97.95918367346938
Mithun Manhas,0,0,514.0,470.0,13.526315789473685,98.2421052631579,38,23,6,2,43.0,10.0,0.0,0.0,15.789473684210526,109.36170212765957
Moeen Ali,5,0,1034.0,723.0,19.884615384615383,116.88403846153847,52,46,6,1,88.0,59.0,0.09615384615384616,0.0,11.538461538461538,143.015214384509
Mohammad Ashraful,0,0,2.0,10.0,2.0,20.0,1,1,0,1,0.0,0.0,0.0,0.0,0.0,20.0
Mohammad Asif,0,0,3.0,6.0,1.5,30.0,2,2,1,2,0.0,0.0,0.0,0.0,50.0,50.0
Mohammad Hafeez,0,0,64.0,83.0,8.0,83.80375,8,7,0,1,7.0,2.0,0.0,0.0,0.0,77.10843373493977
Mohammad Kaif,0,0,259.0,250.0,11.772727272727273,98.22363636363637,22,18,0,2,22.0,6.0,0.0,0.0,0.0,103.60000000000001
Mohammad Nabi,0,0,180.0,119.0,12.857142857142858,154.8192857142857,14,12,0,1,16.0,9.0,0.0,0.0,0.0,151.26050420168067
Mohammed Shami,0,0,74.0,79.0,3.217391304347826,71.73826086956522,23,13,6,1,6.0,2.0,0.0,0.0,26.08695652173913,93.67088607594937
Mohammed Siraj,0,0,97.0,111.0,5.105263157894737,75.2836842105263,19,8,4,2,10.0,2.0,0.0,0.0,21.052631578947366,87.38738738738738
Mohit Rathee,0,0,1.0,2.0,1.0,50.0,1,0,0,1,0.0,0.0,0.0,0.0,0.0,50.0
Mohit Sharma,0,0,122.0,118.0,4.6923076923076925,87.12769230769231,26,14,5,1,8.0,4.0,0.0,0.0,19.230769230769234,103.38983050847457
Mohnish  Mishra,0,0,237.0,208.0,13.941176470588236,92.35117647058824,17,16,1,2,24.0,8.0,0.0,0.0,5.88235294117647,113.9423076923077
Mohsin Khan,0,0,23.0,23.0,5.75,94.64,4,2,1,2,2.0,1.0,0.0,0.0,25.0,100.0
Moises Henriques,5,0,1000.0,788.0,18.51851851851852,121.32074074074073,54,36,3,1,87.0,28.0,0.09259259259259259,0.0,5.555555555555555,126.90355329949239
Morne Morkel,0,0,126.0,90.0,6.3,117.026,20,10,4,2,11.0,4.0,0.0,0.0,20.0,140.0
Morne van Wyk,1,0,167.0,132.0,33.4,103.68599999999999,5,3,1,1,19.0,1.0,0.2,0.0,20.0,126.51515151515152
Mujeeb Ur Rahman,0,0,12.0,15.0,2.0,55.555,6,3,3,2,2.0,0.0,0.0,0.0,50.0,80.0
Mukesh Choudhary,0,0,6.0,6.0,3.0,100.0,2,1,0,1,1.0,0.0,0.0,0.0,0.0,100.0
Mukesh Kumar,0,0,7.0,9.0,2.3333333333333335,61.90333333333333,3,0,1,2,0.0,0.0,0.0,0.0,33.33333333333333,77.77777777777779
Munaf Patel,0,0,39.0,41.0,3.25,49.00666666666667,12,6,6,1,5.0,0.0,0.0,0.0,50.0,95.1219512195122
Murali Kartik,0,0,113.0,108.0,8.071428571428571,92.78785714285713,14,7,1,1,7.0,1.0,0.0,0.0,7.142857142857142,104.62962962962963
Murali Vijay,13,2,2619.0,2149.0,24.942857142857143,103.19647619047618,105,100,4,1,247.0,91.0,0.12380952380952381,0.01904761904761905,3.8095238095238098,121.87063750581666
Murugan Ashwin,0,0,35.0,50.0,2.9166666666666665,71.4875,12,9,3,2,2.0,1.0,0.0,0.0,25.0,70.0
Musavir Khote,0,0,24.0,22.0,8.0,121.42666666666666,3,2,0,2,2.0,1.0,0.0,0.0,0.0,109.09090909090908
Mustafizur Rahman,0,0,13.0,23.0,2.1666666666666665,51.26833333333334,6,1,2,2,0.0,1.0,0.0,0.0,33.33333333333333,56.52173913043478
Muttiah Muralitharan,0,0,20.0,30.0,2.2222222222222223,62.5,9,6,3,1,1.0,0.0,0.0,0.0,33.33333333333333,66.66666666666666
Naman Ojha,6,0,1554.0,1313.0,16.53191489361702,108.13148936170214,94,75,9,1,121.0,79.0,0.06382978723404255,0.0,9.574468085106384,118.35491241431835
Narayan Jagadeesan,0,0,162.0,147.0,16.2,76.054,10,9,2,1,21.0,2.0,0.0,0.0,20.0,110.20408163265304
Nathan Coulter-Nile,0,0,82.0,72.0,5.125,110.955,16,11,0,1,7.0,4.0,0.0,0.0,0.0,113.88888888888889
Nathan Ellis,0,0,19.0,25.0,3.8,60.0,5,4,2,1,0.0,1.0,0.0,0.0,40.0,76.0
Nathan McCullum,0,0,26.0,22.0,13.0,138.54000000000002,2,1,0,1,0.0,1.0,0.0,0.0,0.0,118.18181818181819
Nathan Rimmington,0,0,1.0,1.0,1.0,100.0,1,0,0,1,0.0,0.0,0.0,0.0,0.0,100.0
Navdeep Saini,0,0,33.0,37.0,4.714285714285714,73.55285714285715,7,4,1,1,3.0,0.0,0.0,0.0,14.285714285714285,89.1891891891892
Naveen-ul-Haq,0,0,16.0,21.0,5.333333333333333,62.22,3,1,0,2,2.0,0.0,0.0,0.0,0.0,76.19047619047619
Nayan Doshi,0,0,0.0,13.0,0.0,0.0,1,1,1,1,0.0,0.0,0.0,0.0,100.0,0.0
Nehal Wadhera,2,0,241.0,166.0,24.1,139.97,10,9,1,2,23.0,12.0,0.2,0.0,10.0,145.18072289156626
Nic Maddinson,0,0,20.0,21.0,6.666666666666667,91.26666666666667,3,3,0,2,4.0,0.0,0.0,0.0,0.0,95.23809523809523
Nicholas Pooran,6,0,1270.0,810.0,21.896551724137932,138.4508620689655,58,46,7,2,77.0,91.0,0.10344827586206896,0.0,12.068965517241379,156.79012345679013
Nikhil Naik,0,0,31.0,50.0,7.75,47.245,4,4,0,1,2.0,0.0,0.0,0.0,0.0,62.0
Niraj Patel,1,0,121.0,119.0,20.166666666666668,98.48166666666667,6,4,0,2,14.0,1.0,0.16666666666666666,0.0,0.0,101.68067226890756
Nitin Saini,1,0,140.0,141.0,14.0,83.003,10,10,0,1,16.0,0.0,0.1,0.0,0.0,99.29078014184397
Nitish Rana,18,0,2594.0,1918.0,26.2020202020202,118.38727272727273,99,91,7,2,229.0,131.0,0.18181818181818182,0.0,7.07070707070707,135.24504692387904
Noor Ahmad,0,0,8.0,9.0,2.6666666666666665,57.776666666666664,3,2,1,2,1.0,0.0,0.0,0.0,33.33333333333333,88.88888888888889
Nuwan Kulasekara,0,0,5.0,3.0,5.0,166.66,1,0,0,2,1.0,0.0,0.0,0.0,0.0,166.66666666666669
Nuwan Zoysa,0,0,11.0,9.0,5.5,96.425,2,1,0,1,1.0,0.0,0.0,0.0,0.0,122.22222222222223
Obed McCoy,0,0,8.0,5.0,8.0,160.0,1,1,0,1,0.0,1.0,0.0,0.0,0.0,160.0
Odean Smith,0,0,51.0,44.0,8.5,102.835,6,3,1,1,1.0,5.0,0.0,0.0,16.666666666666664,115.90909090909092
Owais Shah,4,0,506.0,389.0,23.0,119.06409090909091,22,15,0,1,34.0,23.0,0.18181818181818182,0.0,0.0,130.0771208226221
PM Sarvesh Kumar,0,0,1.0,2.0,1.0,50.0,1,0,0,2,0.0,0.0,0.0,0.0,0.0,50.0
Paidikalva Vijaykumar,0,0,1.0,1.0,1.0,100.0,1,0,0,2,0.0,0.0,0.0,0.0,0.0,100.0
Pankaj Singh,0,0,7.0,12.0,1.4,60.66600000000001,5,2,1,2,0.0,0.0,0.0,0.0,20.0,58.333333333333336
Paras Dogra,0,0,127.0,138.0,10.583333333333334,79.29916666666666,12,11,1,1,4.0,5.0,0.0,0.0,8.333333333333332,92.02898550724638
Pardeep Sahu,0,0,19.0,13.0,9.5,125.0,2,1,0,1,1.0,1.0,0.0,0.0,0.0,146.15384615384613
Parthiv Patel,13,0,2848.0,2358.0,20.941176470588236,101.9972794117647,136,126,13,1,365.0,49.0,0.09558823529411764,0.0,9.558823529411764,120.78032230703985
Parvez Rasool,0,0,17.0,20.0,4.25,79.0275,4,2,0,2,1.0,0.0,0.0,0.0,0.0,85.0
Parvinder Awana,0,0,5.0,14.0,1.0,20.0,5,2,3,1,0.0,0.0,0.0,0.0,60.0,35.714285714285715
Pat Cummins,3,0,379.0,249.0,13.068965517241379,127.41793103448275,29,20,4,2,24.0,26.0,0.10344827586206896,0.0,13.793103448275861,152.20883534136547
Paul Collingwood,3,0,203.0,156.0,29.0,109.43285714285715,7,5,0,1,9.0,13.0,0.42857142857142855,0.0,0.0,130.12820512820514
Paul Valthaty,2,1,505.0,418.0,21.956521739130434,93.34304347826087,23,22,1,1,60.0,20.0,0.08695652173913043,0.043478260869565216,4.3478260869565215,120.8133971291866
Pawan Negi,0,0,365.0,289.0,10.428571428571429,119.7162857142857,35,26,3,1,27.0,16.0,0.0,0.0,8.571428571428571,126.29757785467129
Peter Handscomb,0,0,6.0,12.0,6.0,50.0,1,1,0,1,0.0,0.0,0.0,0.0,0.0,50.0
Phil Salt,2,0,218.0,133.0,24.22222222222222,115.81444444444443,9,8,2,2,24.0,10.0,0.2222222222222222,0.0,22.22222222222222,163.90977443609023
Pinal Shah,0,0,92.0,91.0,10.222222222222221,96.22,9,8,1,1,9.0,2.0,0.0,0.0,11.11111111111111,101.0989010989011
Piyush Chawla,0,0,609.0,548.0,7.6125,106.999,80,50,13,1,55.0,19.0,0.0,0.0,16.25,111.13138686131387
Prabhsimran Singh,1,1,422.0,304.0,21.1,113.123,20,20,2,1,44.0,21.0,0.05,0.05,10.0,138.8157894736842
Pradeep Sangwan,0,0,26.0,44.0,1.8571428571428572,57.46,14,8,5,1,1.0,0.0,0.0,0.0,35.714285714285715,59.09090909090909
Pragyan Ojha,0,0,16.0,45.0,0.8421052631578947,48.421052631578945,19,11,7,1,0.0,0.0,0.0,0.0,36.84210526315789,35.55555555555556
Prasanth Parameswaran,0,0,1.0,2.0,0.5,50.0,2,0,1,1,0.0,0.0,0.0,0.0,50.0,50.0
Prashant Chopra,0,0,8.0,6.0,8.0,133.33,1,1,0,2,2.0,0.0,0.0,0.0,0.0,133.33333333333331
Prasidh Krishna,0,0,9.0,24.0,1.2857142857142858,26.25714285714286,7,3,3,2,0.0,0.0,0.0,0.0,42.857142857142854,37.5
Praveen Dubey,0,0,23.0,33.0,11.5,66.92,2,1,0,1,2.0,0.0,0.0,0.0,0.0,69.6969696969697
Praveen Kumar,0,0,340.0,314.0,5.964912280701754,91.09456140350878,57,38,9,1,22.0,17.0,0.0,0.0,15.789473684210526,108.28025477707006
Pravin Tambe,0,0,18.0,39.0,3.0,63.281666666666666,6,2,0,2,1.0,0.0,0.0,0.0,0.0,46.15384615384615
Prayas Ray Barman,0,0,19.0,24.0,19.0,79.16,1,1,0,2,2.0,0.0,0.0,0.0,0.0,79.16666666666666
Prerak Mankad,1,0,97.0,73.0,19.4,144.44400000000002,5,3,1,2,13.0,2.0,0.2,0.0,20.0,132.87671232876713
Prithvi Raj,0,0,0.0,1.0,0.0,0.0,1,0,1,1,0.0,0.0,0.0,0.0,100.0,0.0
Prithvi Shaw,13,0,1694.0,1162.0,23.859154929577464,120.2618309859155,71,71,7,2,208.0,56.0,0.18309859154929578,0.0,9.859154929577464,145.78313253012047
Priyam Garg,1,0,273.0,241.0,14.368421052631579,95.97473684210526,19,18,2,2,16.0,9.0,0.05263157894736842,0.0,10.526315789473683,113.27800829875518
Quinton de Kock,20,2,2907.0,2166.0,30.28125,116.48322916666666,96,90,3,1,287.0,114.0,0.20833333333333334,0.020833333333333332,3.125,134.21052631578948
RP Singh,0,0,52.0,76.0,1.8571428571428572,69.58285714285714,28,14,6,2,2.0,1.0,0.0,0.0,21.428571428571427,68.42105263157895
Rahmanullah Gurbaz,2,0,227.0,170.0,20.636363636363637,93.91363636363636,11,11,2,2,17.0,15.0,0.18181818181818182,0.0,18.181818181818183,133.52941176470588
Rahul Chahar,0,0,108.0,109.0,5.4,73.42150000000001,20,14,7,1,10.0,4.0,0.0,0.0,35.0,99.08256880733946
Rahul Dravid,11,0,2174.0,1882.0,26.51219512195122,104.75987804878048,82,77,3,2,268.0,28.0,0.13414634146341464,0.0,3.6585365853658534,115.5154091392136
Rahul Sharma,0,0,66.0,75.0,3.473684210526316,54.48947368421052,19,13,10,2,5.0,3.0,0.0,0.0,52.63157894736842,88.0
Rahul Shukla,0,0,19.0,23.0,4.75,66.6625,4,1,0,1,2.0,0.0,0.0,0.0,0.0,82.6086956521739
Rahul Tewatia,1,0,825.0,623.0,14.732142857142858,128.1157142857143,56,33,1,2,60.0,42.0,0.017857142857142856,0.0,1.7857142857142856,132.42375601926165
Rahul Tripathi,11,0,2071.0,1490.0,23.804597701149426,125.51747126436783,87,77,4,2,205.0,78.0,0.12643678160919541,0.0,4.597701149425287,138.99328859060404
Raiphi Gomez,0,0,50.0,51.0,5.555555555555555,95.30666666666667,9,5,3,1,5.0,1.0,0.0,0.0,33.33333333333333,98.0392156862745
Rajagopal Sathish,0,0,270.0,231.0,11.25,107.93541666666665,24,17,2,1,22.0,6.0,0.0,0.0,8.333333333333332,116.88311688311688
Rajat Bhatia,0,0,342.0,284.0,7.276595744680851,126.47808510638298,47,30,5,1,24.0,13.0,0.0,0.0,10.638297872340425,120.4225352112676
Rajat Patidar,2,1,404.0,280.0,36.72727272727273,126.57545454545453,11,10,0,1,30.0,21.0,0.18181818181818182,0.09090909090909091,0.0,144.28571428571428
Rajesh Bishnoi,0,0,19.0,17.0,6.333333333333333,59.52333333333333,3,3,1,2,1.0,2.0,0.0,0.0,33.33333333333333,111.76470588235294
Raju Bhatkal,0,0,0.0,2.0,0.0,0.0,1,1,1,1,0.0,0.0,0.0,0.0,100.0,0.0
RajÂ Bawa,0,0,11.0,14.0,5.5,42.305,2,2,1,1,1.0,0.0,0.0,0.0,50.0,78.57142857142857
Ramandeep Singh,0,0,45.0,40.0,11.25,143.7475,4,2,0,2,3.0,1.0,0.0,0.0,0.0,112.5
Ramesh Powar,0,0,67.0,64.0,7.444444444444445,98.35777777777778,9,3,1,1,6.0,1.0,0.0,0.0,11.11111111111111,104.6875
Ramnaresh Sarwan,0,0,73.0,75.0,18.25,93.89,4,4,0,2,6.0,1.0,0.0,0.0,0.0,97.33333333333334
Rashid Khan,1,0,443.0,266.0,8.86,118.52940000000001,50,32,15,1,28.0,35.0,0.02,0.0,30.0,166.54135338345867
Rasikh Salam,0,0,12.0,10.0,6.0,120.83,2,1,0,2,1.0,0.0,0.0,0.0,0.0,120.0
Rassie van der Dussen,0,0,22.0,24.0,7.333333333333333,93.33333333333333,3,2,0,1,2.0,0.0,0.0,0.0,0.0,91.66666666666666
Ravi Bishnoi,0,0,28.0,44.0,2.5454545454545454,78.24636363636364,11,5,2,2,2.0,0.0,0.0,0.0,18.181818181818183,63.63636363636363
Ravi Bopara,3,0,531.0,453.0,24.136363636363637,93.40227272727272,22,18,2,1,39.0,16.0,0.13636363636363635,0.0,9.090909090909092,117.21854304635761
Ravi Rampaul,0,0,51.0,50.0,7.285714285714286,67.74142857142857,7,5,3,1,3.0,2.0,0.0,0.0,42.857142857142854,102.0
Ravichandran Ashwin,1,0,714.0,601.0,8.814814814814815,107.92987654320987,81,53,13,1,56.0,24.0,0.012345679012345678,0.0,16.049382716049383,118.80199667221298
Ravindra Jadeja,2,0,2692.0,2093.0,15.928994082840237,130.7008875739645,169,102,8,1,193.0,99.0,0.011834319526627219,0.0,4.733727810650888,128.61920688007643
Reetinder Sodhi,0,0,4.0,2.0,4.0,200.0,1,0,0,2,1.0,0.0,0.0,0.0,0.0,200.0
Richard Levi,1,0,83.0,73.0,13.833333333333334,55.498333333333335,6,6,2,2,10.0,4.0,0.16666666666666666,0.0,33.33333333333333,113.69863013698631
Ricky Bhui,0,0,7.0,17.0,3.5,29.165,2,2,1,2,0.0,0.0,0.0,0.0,50.0,41.17647058823529
Ricky Ponting,0,0,91.0,128.0,10.11111111111111,48.102222222222224,9,9,3,1,5.0,2.0,0.0,0.0,33.33333333333333,71.09375
Rilee Rossouw,1,0,262.0,192.0,18.714285714285715,99.15142857142857,14,12,3,2,20.0,14.0,0.07142857142857142,0.0,21.428571428571427,136.45833333333331
Riley Meredith,0,0,0.0,3.0,0.0,0.0,2,0,2,2,0.0,0.0,0.0,0.0,100.0,0.0
Rinku Singh,4,0,725.0,510.0,25.0,131.0051724137931,29,20,0,1,54.0,38.0,0.13793103448275862,0.0,0.0,142.15686274509804
Ripal Patel,0,0,80.0,73.0,11.428571428571429,121.46428571428571,7,5,0,2,6.0,2.0,0.0,0.0,0.0,109.58904109589041
Rishabh Pant,15,1,2838.0,1918.0,29.257731958762886,133.34288659793813,97,82,4,2,260.0,129.0,0.15463917525773196,0.010309278350515464,4.123711340206185,147.96663190823776
Rishi Dhawan,0,0,210.0,187.0,9.545454545454545,126.26727272727273,22,11,1,1,18.0,7.0,0.0,0.0,4.545454545454546,112.29946524064172
Riyan Parag,2,0,600.0,484.0,13.636363636363637,109.12409090909091,44,37,4,1,44.0,27.0,0.045454545454545456,0.0,9.090909090909092,123.96694214876034
Rob Quiney,1,0,103.0,102.0,14.714285714285714,108.53714285714285,7,7,0,2,12.0,3.0,0.14285714285714285,0.0,0.0,100.98039215686273
Robin Peterson,0,0,32.0,30.0,6.4,88.28399999999999,5,3,1,2,3.0,1.0,0.0,0.0,20.0,106.66666666666667
Robin Uthappa,27,0,4952.0,3799.0,25.13705583756345,117.88203045685279,197,180,8,2,481.0,182.0,0.13705583756345177,0.0,4.060913705583756,130.35009212950777
Roelof van der Merwe,0,0,159.0,141.0,10.6,91.076,15,11,0,1,11.0,8.0,0.0,0.0,0.0,112.7659574468085
Rohan Gavaskar,0,0,2.0,8.0,2.0,25.0,1,1,0,2,0.0,0.0,0.0,0.0,0.0,25.0
Rohan Raje,0,0,20.0,18.0,4.0,85.428,5,1,0,1,1.0,1.0,0.0,0.0,0.0,111.11111111111111
Rohit Sharma,42,1,6211.0,4776.0,26.206751054852322,111.35987341772152,237,209,15,1,554.0,257.0,0.17721518987341772,0.004219409282700422,6.329113924050633,130.04606365159128
Romario Shepherd,0,0,58.0,42.0,14.5,101.665,4,3,1,2,2.0,5.0,0.0,0.0,25.0,138.0952380952381
Ronit More,0,0,2.0,2.0,2.0,100.0,1,0,0,1,0.0,0.0,0.0,0.0,0.0,100.0
Ross Taylor,3,0,1017.0,822.0,18.833333333333332,114.4711111111111,54,40,3,2,66.0,46.0,0.05555555555555555,0.0,5.555555555555555,123.72262773722629
Rovman Powell,1,0,257.0,176.0,17.133333333333333,104.05199999999999,15,13,2,2,11.0,22.0,0.06666666666666667,0.0,13.333333333333334,146.02272727272728
Rusty Theron,0,0,10.0,12.0,2.5,66.66499999999999,4,2,1,2,1.0,0.0,0.0,0.0,25.0,83.33333333333334
Ruturaj Gaikwad,14,1,1797.0,1326.0,35.23529411764706,110.74156862745097,51,46,4,1,159.0,73.0,0.27450980392156865,0.0196078431372549,7.8431372549019605,135.52036199095022
Ryan Harris,0,0,117.0,112.0,5.571428571428571,97.61571428571428,21,12,2,2,6.0,3.0,0.0,0.0,9.523809523809524,104.46428571428572
Ryan McLaren,1,0,159.0,171.0,12.23076923076923,71.85846153846154,13,8,2,1,14.0,1.0,0.07692307692307693,0.0,15.384615384615385,92.98245614035088
Ryan Ninan,0,0,3.0,6.0,3.0,50.0,1,1,0,2,0.0,0.0,0.0,0.0,0.0,50.0
Ryan ten Doeschate,1,0,326.0,235.0,15.523809523809524,121.15380952380953,21,14,3,2,26.0,15.0,0.047619047619047616,0.0,14.285714285714285,138.72340425531914
S Badrinath,11,0,1441.0,1212.0,22.16923076923077,114.09815384615385,65,47,6,1,154.0,28.0,0.16923076923076924,0.0,9.230769230769232,118.8943894389439
Sachin Baby,0,0,144.0,118.0,13.090909090909092,106.56272727272727,11,9,1,2,11.0,5.0,0.0,0.0,9.090909090909092,122.03389830508475
Sachin Rana,0,0,91.0,81.0,11.375,104.09,8,4,0,1,9.0,1.0,0.0,0.0,0.0,112.34567901234568
Sachin Tendulkar,13,1,2334.0,1948.0,29.923076923076923,105.89,78,69,4,1,295.0,29.0,0.16666666666666666,0.01282051282051282,5.128205128205128,119.81519507186857
Sachithra Senanayake,0,0,10.0,17.0,2.5,75.96000000000001,4,1,1,2,0.0,0.0,0.0,0.0,25.0,58.82352941176471
Sai Sudharsan,4,0,507.0,370.0,39.0,131.6,13,11,0,1,47.0,15.0,0.3076923076923077,0.0,0.0,137.02702702702703
Salman Butt,1,0,193.0,161.0,27.571428571428573,112.94000000000001,7,7,0,1,30.0,2.0,0.14285714285714285,0.0,0.0,119.87577639751552
Sam Billings,3,0,503.0,388.0,18.62962962962963,105.45592592592592,27,26,3,2,40.0,20.0,0.1111111111111111,0.0,11.11111111111111,129.63917525773198
Sam Curran,3,0,613.0,428.0,17.02777777777778,134.47527777777776,36,25,4,1,50.0,31.0,0.08333333333333333,0.0,11.11111111111111,143.22429906542055
Samuel Badree,0,0,13.0,23.0,2.6,43.489999999999995,5,5,2,2,0.0,0.0,0.0,0.0,40.0,56.52173913043478
Sanath Jayasuriya,4,1,768.0,532.0,25.6,119.72233333333334,30,28,2,1,84.0,39.0,0.13333333333333333,0.03333333333333333,6.666666666666667,144.36090225563908
Sandeep Lamichhane,0,0,0.0,1.0,0.0,0.0,1,1,1,2,0.0,0.0,0.0,0.0,100.0,0.0
Sandeep Sharma,0,0,54.0,70.0,2.16,63.644,25,6,8,2,4.0,0.0,0.0,0.0,32.0,77.14285714285715
Sanjay Bangar,0,0,49.0,58.0,7.0,85.67285714285715,7,6,0,1,1.0,3.0,0.0,0.0,0.0,84.48275862068965
Sanjay Yadav,0,0,0.0,2.0,0.0,0.0,1,1,1,2,0.0,0.0,0.0,0.0,100.0,0.0
Sanju Samson,20,3,3888.0,2834.0,26.448979591836736,116.4660544217687,147,132,9,2,304.0,182.0,0.1360544217687075,0.02040816326530612,6.122448979591836,137.19124911785462
Sanvir Singh,0,0,11.0,9.0,5.5,124.995,2,1,0,1,1.0,1.0,0.0,0.0,0.0,122.22222222222223
Sarabjit Ladda,0,0,0.0,9.0,0.0,0.0,2,1,2,2,0.0,0.0,0.0,0.0,100.0,0.0
Sarfaraz Khan,1,0,585.0,448.0,16.25,117.71166666666666,36,26,3,1,63.0,14.0,0.027777777777777776,0.0,8.333333333333332,130.58035714285714
Saurabh Tiwary,8,0,1494.0,1244.0,20.465753424657535,112.3419178082192,73,52,1,1,111.0,50.0,0.1095890410958904,0.0,1.36986301369863,120.09646302250805
Scott Styris,0,0,131.0,133.0,13.1,108.237,10,7,0,1,10.0,3.0,0.0,0.0,0.0,98.49624060150376
Sean Abbott,0,0,22.0,18.0,7.333333333333333,106.85000000000001,3,3,0,2,1.0,2.0,0.0,0.0,0.0,122.22222222222223
Shadab Jakati,0,0,28.0,29.0,5.6,84.5,5,1,0,1,3.0,0.0,0.0,0.0,0.0,96.55172413793103
Shahbaz Ahmed,0,0,321.0,274.0,12.84,104.95280000000001,25,19,0,1,21.0,12.0,0.0,0.0,0.0,117.15328467153286
Shahbaz Nadeem,0,0,39.0,87.0,1.95,34.707,20,14,7,2,2.0,0.0,0.0,0.0,35.0,44.827586206896555
Shahid Afridi,0,0,81.0,46.0,9.0,129.6277777777778,9,8,1,1,7.0,6.0,0.0,0.0,11.11111111111111,176.08695652173913
Shakib Al Hasan,2,0,793.0,637.0,15.25,104.94384615384615,52,40,4,1,73.0,21.0,0.038461538461538464,0.0,7.6923076923076925,124.48979591836735
Shalabh Srivastava,0,0,5.0,5.0,1.25,87.5,4,1,1,1,0.0,0.0,0.0,0.0,25.0,100.0
Shane Bond,0,0,1.0,2.0,1.0,50.0,1,1,0,2,0.0,0.0,0.0,0.0,0.0,50.0
Shane Harwood,0,0,9.0,14.0,4.5,64.28,2,0,0,1,0.0,0.0,0.0,0.0,0.0,64.28571428571429
Shane Warne,0,0,198.0,214.0,7.333333333333333,78.64740740740741,27,18,5,2,14.0,6.0,0.0,0.0,18.51851851851852,92.5233644859813
Shane Watson,21,4,3874.0,2809.0,27.47517730496454,119.23531914893617,141,125,7,2,376.0,190.0,0.14893617021276595,0.028368794326241134,4.964539007092199,137.91384834460663
Shardul Thakur,1,0,286.0,204.0,8.9375,109.4496875,32,23,6,2,25.0,12.0,0.03125,0.0,18.75,140.19607843137254
Shashank Singh,0,0,69.0,47.0,13.8,174.2,5,4,0,2,5.0,4.0,0.0,0.0,0.0,146.80851063829786
Shaun Marsh,20,1,2477.0,1866.0,35.89855072463768,116.3627536231884,69,62,1,1,266.0,78.0,0.2898550724637681,0.014492753623188406,1.4492753623188406,132.7438370846731
Shaun Pollock,0,0,147.0,111.0,18.375,109.76,8,8,2,1,12.0,8.0,0.0,0.0,25.0,132.43243243243242
Shaun Tait,0,0,23.0,26.0,4.6,67.22,5,3,1,1,1.0,1.0,0.0,0.0,20.0,88.46153846153845
Sheldon Cottrell,0,0,0.0,2.0,0.0,0.0,1,1,1,2,0.0,0.0,0.0,0.0,100.0,0.0
Sheldon Jackson,0,0,61.0,57.0,7.625,102.08,8,6,1,1,5.0,1.0,0.0,0.0,12.5,107.01754385964912
Sherfane Rutherford,0,0,106.0,104.0,11.777777777777779,116.33777777777777,9,7,0,2,3.0,8.0,0.0,0.0,0.0,101.92307692307692
Shikhar Dhawan,50,2,6617.0,5203.0,30.63425925925926,111.94462962962963,216,188,12,1,750.0,148.0,0.23148148148148148,0.009259259259259259,5.555555555555555,127.1766288679608
Shimron Hetmyer,4,0,1130.0,743.0,20.178571428571427,134.79446428571427,56,35,2,1,67.0,75.0,0.07142857142857142,0.0,3.571428571428571,152.08613728129205
Shivam Dube,6,0,1106.0,780.0,23.53191489361702,124.68085106382979,47,39,1,1,58.0,73.0,0.1276595744680851,0.0,2.127659574468085,141.7948717948718
Shivam Mavi,0,0,51.0,56.0,4.636363636363637,62.371818181818185,11,9,3,2,4.0,2.0,0.0,0.0,27.27272727272727,91.07142857142857
Shivam Sharma,0,0,5.0,3.0,2.5,150.0,2,1,0,1,1.0,0.0,0.0,0.0,0.0,166.66666666666669
Shivil Kaushik,0,0,0.0,1.0,0.0,0.0,1,1,1,2,0.0,0.0,0.0,0.0,100.0,0.0
Shivnarine Chanderpaul,0,0,25.0,31.0,8.333333333333334,77.1,3,3,0,2,4.0,0.0,0.0,0.0,0.0,80.64516129032258
Shoaib Ahmed,0,0,1.0,6.0,0.3333333333333333,16.666666666666668,3,2,2,2,0.0,0.0,0.0,0.0,66.66666666666666,16.666666666666664
Shoaib Akhtar,0,0,2.0,7.0,2.0,28.57,1,1,0,1,0.0,0.0,0.0,0.0,0.0,28.57142857142857
Shoaib Malik,0,0,52.0,47.0,10.4,107.502,5,4,0,1,5.0,0.0,0.0,0.0,0.0,110.63829787234043
Shoaib Shaikh,0,0,6.0,7.0,6.0,85.71,1,1,0,2,1.0,0.0,0.0,0.0,0.0,85.71428571428571
Shreevats Goswami,1,0,293.0,295.0,13.952380952380953,80.40428571428572,21,20,4,1,32.0,3.0,0.047619047619047616,0.0,19.047619047619047,99.32203389830508
Shreyas Gopal,0,0,180.0,169.0,8.181818181818182,96.27,22,14,4,2,19.0,2.0,0.0,0.0,18.181818181818183,106.50887573964498
Shreyas Iyer,19,0,2776.0,2214.0,27.76,108.77780000000001,100,88,5,1,237.0,99.0,0.19,0.0,5.0,125.38392050587173
Shrikant Wagh,0,0,2.0,3.0,1.0,50.0,2,2,1,1,0.0,0.0,0.0,0.0,50.0,66.66666666666666
Shubman Gill,18,3,2790.0,2081.0,32.06896551724138,120.15459770114943,87,74,4,1,273.0,80.0,0.20689655172413793,0.034482758620689655,4.597701149425287,134.07015857760692
Siddarth Kaul,0,0,20.0,36.0,2.2222222222222223,52.59111111111111,9,4,3,2,1.0,0.0,0.0,0.0,33.33333333333333,55.55555555555556
Siddharth Chitnis,0,0,99.0,89.0,12.375,114.3775,8,7,0,1,10.0,2.0,0.0,0.0,0.0,111.23595505617978
Siddharth Trivedi,0,0,42.0,59.0,3.0,64.01214285714285,14,7,3,1,3.0,1.0,0.0,0.0,21.428571428571427,71.1864406779661
Siddhesh Lad,0,0,15.0,13.0,15.0,115.38,1,1,0,2,1.0,1.0,0.0,0.0,0.0,115.38461538461537
Sikandar Raza,1,0,139.0,98.0,19.857142857142858,128.84285714285713,7,5,0,1,10.0,6.0,0.14285714285714285,0.0,0.0,141.83673469387753
Simarjeet Singh,0,0,7.0,8.0,2.3333333333333335,88.88666666666666,3,1,0,1,0.0,0.0,0.0,0.0,0.0,87.5
Simon Katich,2,0,241.0,186.0,21.90909090909091,107.2209090909091,11,10,1,2,25.0,8.0,0.18181818181818182,0.0,9.090909090909092,129.56989247311827
Sohail Tanvir,0,0,36.0,29.0,7.2,118.21399999999998,5,3,0,1,3.0,1.0,0.0,0.0,0.0,124.13793103448276
Sourav Ganguly,7,0,1349.0,1263.0,24.089285714285715,88.90071428571427,56,53,4,1,137.0,42.0,0.125,0.0,7.142857142857142,106.80918448139352
Sreenath Aravind,0,0,59.0,57.0,5.9,95.52799999999999,10,3,2,2,7.0,0.0,0.0,0.0,20.0,103.50877192982458
Sreesanth,0,0,34.0,55.0,2.8333333333333335,39.483333333333334,12,4,6,1,6.0,0.0,0.0,0.0,50.0,61.81818181818181
Sridharan Sriram,0,0,31.0,36.0,15.5,75.12,2,2,0,2,3.0,0.0,0.0,0.0,0.0,86.11111111111111
Srikar Bharat,1,0,199.0,163.0,24.875,103.6875,8,7,1,2,12.0,8.0,0.125,0.0,12.5,122.08588957055215
Srikkanth Anirudha,1,0,136.0,113.0,11.333333333333334,108.38666666666667,12,8,2,1,9.0,7.0,0.08333333333333333,0.0,16.666666666666664,120.35398230088497
Stephen Fleming,0,0,196.0,165.0,19.6,106.234,10,9,1,1,27.0,3.0,0.0,0.0,10.0,118.7878787878788
Steven Smith,11,1,2485.0,1940.0,26.72043010752688,121.36462365591397,93,72,1,2,225.0,60.0,0.11827956989247312,0.010752688172043012,1.0752688172043012,128.0927835051546
Stuart Binny,0,0,880.0,683.0,13.333333333333334,113.89257575757576,66,46,7,2,66.0,35.0,0.0,0.0,10.606060606060606,128.84333821376282
Sudeep Tyagi,0,0,3.0,4.0,3.0,75.0,1,0,0,2,0.0,0.0,0.0,0.0,0.0,75.0
Sumit Narwal,0,0,37.0,27.0,9.25,96.665,4,3,1,1,6.0,0.0,0.0,0.0,25.0,137.03703703703704
Sunil Joshi,0,0,6.0,14.0,3.0,43.75,2,2,0,1,0.0,0.0,0.0,0.0,0.0,42.857142857142854
Sunil Narine,4,0,1046.0,655.0,11.369565217391305,118.92184782608695,92,74,16,2,114.0,64.0,0.043478260869565216,0.0,17.391304347826086,159.6946564885496
Sunny Gupta,0,0,0.0,1.0,0.0,0.0,1,1,1,2,0.0,0.0,0.0,0.0,100.0,0.0
Sunny Singh,0,0,43.0,31.0,8.6,122.362,5,4,0,2,6.0,1.0,0.0,0.0,0.0,138.70967741935485
Sunny Sohal,2,0,368.0,292.0,18.4,97.91749999999999,20,20,3,1,34.0,18.0,0.1,0.0,15.0,126.02739726027397
Suraj Randiv,0,0,2.0,4.0,2.0,50.0,1,1,0,2,0.0,0.0,0.0,0.0,0.0,50.0
Suresh Raina,39,1,5528.0,4043.0,27.64,118.80905000000001,200,170,8,1,506.0,203.0,0.195,0.005,4.0,136.73015087806084
Suryakumar Yadav,21,1,3249.0,2267.0,26.201612903225808,134.07145161290322,124,102,8,1,349.0,112.0,0.1693548387096774,0.008064516129032258,6.451612903225806,143.31715924128804
Suyash Prabhudessai,0,0,102.0,88.0,11.333333333333334,99.23333333333333,9,9,1,1,8.0,4.0,0.0,0.0,11.11111111111111,115.90909090909092
Swapnil Asnodkar,2,0,423.0,339.0,22.263157894736842,109.9857894736842,19,19,2,2,56.0,10.0,0.10526315789473684,0.0,10.526315789473683,124.7787610619469
Swapnil Singh,0,0,14.0,24.0,3.5,52.205,4,3,1,1,0.0,0.0,0.0,0.0,25.0,58.333333333333336
T Natarajan,0,0,3.0,5.0,1.5,37.5,2,0,1,2,0.0,0.0,0.0,0.0,50.0,60.0
Tabraiz Shamsi,0,0,2.0,4.0,2.0,50.0,1,0,0,2,0.0,0.0,0.0,0.0,0.0,50.0
Tanmay Srivastava,0,0,8.0,11.0,2.6666666666666665,59.25666666666666,3,1,1,2,0.0,0.0,0.0,0.0,33.33333333333333,72.72727272727273
Taruwar Kohli,0,0,11.0,19.0,3.6666666666666665,61.10999999999999,3,3,0,1,0.0,1.0,0.0,0.0,0.0,57.89473684210527
Tatenda Taibu,0,0,31.0,26.0,10.333333333333334,127.58999999999999,3,3,0,1,3.0,0.0,0.0,0.0,0.0,119.23076923076923
Thalaivan Sargunam,0,0,10.0,17.0,10.0,58.82,1,1,0,1,0.0,0.0,0.0,0.0,0.0,58.82352941176471
Thilan Thushara,0,0,12.0,18.0,3.0,59.165,4,2,0,1,0.0,0.0,0.0,0.0,0.0,66.66666666666666
Thisara Perera,0,0,422.0,307.0,14.066666666666666,124.04299999999999,30,22,1,1,23.0,26.0,0.0,0.0,3.3333333333333335,137.45928338762215
Tilak Varma,3,0,740.0,512.0,29.6,137.8816,25,19,1,2,55.0,39.0,0.12,0.0,4.0,144.53125
Tillakaratne Dilshan,9,0,1153.0,1007.0,23.06,95.6772,50,43,6,2,140.0,24.0,0.18,0.0,12.0,114.49851042701091
Tim David,0,0,418.0,235.0,17.416666666666668,145.32458333333332,24,15,2,2,24.0,31.0,0.0,0.0,8.333333333333332,177.87234042553192
Tim Paine,0,0,10.0,26.0,5.0,34.635,2,2,0,1,0.0,0.0,0.0,0.0,0.0,38.46153846153847
Tim Seifert,0,0,26.0,23.0,8.666666666666666,86.66666666666667,3,3,0,2,4.0,0.0,0.0,0.0,0.0,113.04347826086956
Tim Southee,0,0,120.0,107.0,6.315789473684211,90.24947368421053,19,13,3,1,8.0,4.0,0.0,0.0,15.789473684210526,112.14953271028037
Tirumalasetti Suman,2,0,676.0,575.0,17.333333333333332,101.32128205128204,39,32,3,2,55.0,26.0,0.05128205128205128,0.0,7.6923076923076925,117.56521739130434
Tom Banton,0,0,18.0,20.0,9.0,95.83,2,2,0,1,1.0,1.0,0.0,0.0,0.0,90.0
Tom Curran,1,0,127.0,107.0,12.7,113.19800000000001,10,5,1,1,10.0,3.0,0.1,0.0,10.0,118.69158878504673
Travis Birt,0,0,75.0,58.0,15.0,120.402,5,5,0,2,9.0,2.0,0.0,0.0,0.0,129.31034482758622
Travis Head,1,0,205.0,148.0,20.5,108.13899999999998,10,7,1,1,12.0,8.0,0.1,0.0,10.0,138.51351351351352
Trent Boult,0,0,69.0,62.0,4.0588235294117645,92.13529411764705,17,6,4,1,3.0,3.0,0.0,0.0,23.52941176470588,111.29032258064515
Tristan Stubbs,0,0,27.0,35.0,6.75,61.307500000000005,4,4,1,1,2.0,0.0,0.0,0.0,25.0,77.14285714285715
Tushar Deshpande,0,0,21.0,13.0,7.0,85.18333333333334,3,1,1,2,2.0,1.0,0.0,0.0,33.33333333333333,161.53846153846155
Tymal Mills,0,0,8.0,14.0,1.6,48.0,5,4,3,2,0.0,1.0,0.0,0.0,60.0,57.14285714285714
Tyron Henderson,0,0,11.0,16.0,5.5,36.665,2,2,1,1,0.0,1.0,0.0,0.0,50.0,68.75
Uday Kaul,0,0,0.0,1.0,0.0,0.0,1,0,1,2,0.0,0.0,0.0,0.0,100.0,0.0
Udit Birla,0,0,7.0,14.0,7.0,50.0,1,1,0,2,1.0,0.0,0.0,0.0,0.0,50.0
Umar Gul,0,0,39.0,19.0,9.75,198.29500000000002,4,3,0,1,1.0,5.0,0.0,0.0,0.0,205.26315789473685
Umesh Yadav,0,0,196.0,186.0,4.260869565217392,93.82434782608696,46,20,10,2,16.0,8.0,0.0,0.0,21.73913043478261,105.3763440860215
Umran Malik,0,0,23.0,16.0,4.6,79.5,5,1,2,2,1.0,2.0,0.0,0.0,40.0,143.75
Unmukt Chand,1,0,300.0,300.0,15.0,79.193,20,20,4,1,32.0,9.0,0.05,0.0,20.0,100.0
Usman Khawaja,0,0,127.0,100.0,21.166666666666668,148.06333333333336,6,6,0,2,14.0,3.0,0.0,0.0,0.0,127.0
VVS Laxman,1,0,282.0,267.0,14.1,79.26599999999999,20,19,4,1,33.0,5.0,0.05,0.0,20.0,105.61797752808988
Vaibhav Arora,0,0,8.0,15.0,1.3333333333333333,72.22166666666666,6,2,1,1,0.0,0.0,0.0,0.0,16.666666666666664,53.333333333333336
Varun Aaron,0,0,50.0,72.0,4.166666666666667,65.685,12,5,4,1,2.0,2.0,0.0,0.0,33.33333333333333,69.44444444444444
Varun Chakravarthy,0,0,25.0,46.0,2.5,56.581999999999994,10,4,2,2,2.0,0.0,0.0,0.0,20.0,54.347826086956516
Veer Pratap Singh,0,0,0.0,1.0,0.0,0.0,1,1,1,1,0.0,0.0,0.0,0.0,100.0,0.0
Venkatesh Iyer,7,1,956.0,734.0,26.555555555555557,114.0261111111111,36,34,2,2,86.0,42.0,0.19444444444444445,0.027777777777777776,5.555555555555555,130.24523160762942
Venugopal Rao,3,0,985.0,836.0,18.942307692307693,107.70596153846154,52,44,3,1,77.0,37.0,0.057692307692307696,0.0,5.769230769230769,117.82296650717703
Vidyut Sivaramakrishnan,1,0,145.0,109.0,18.125,114.41125,8,8,1,1,21.0,3.0,0.125,0.0,12.5,133.0275229357798
Vijay Shankar,6,0,1032.0,787.0,20.235294117647058,121.92450980392157,51,39,2,2,73.0,43.0,0.11764705882352941,0.0,3.9215686274509802,131.13087674714103
Vijay Zol,0,0,29.0,26.0,14.5,111.305,2,2,0,1,3.0,1.0,0.0,0.0,0.0,111.53846153846155
Vijaykumar Vyshak,0,0,13.0,9.0,6.5,81.25,2,1,1,1,0.0,1.0,0.0,0.0,50.0,144.44444444444443
Vikram Singh,0,0,4.0,3.0,2.0,100.0,2,2,1,1,1.0,0.0,0.0,0.0,50.0,133.33333333333331
Vikramjeet Malik,0,0,7.0,7.0,3.5,85.0,2,1,0,1,1.0,0.0,0.0,0.0,0.0,100.0
Vikrant Yeligati,0,0,2.0,2.0,2.0,100.0,1,1,0,2,0.0,0.0,0.0,0.0,0.0,100.0
Vinay Kumar,0,0,310.0,274.0,7.380952380952381,120.10261904761906,42,27,5,1,21.0,9.0,0.0,0.0,11.904761904761903,113.13868613138686
Virat Kohli,50,7,7263.0,5586.0,31.716157205240176,114.9701310043668,229,195,10,1,643.0,234.0,0.2183406113537118,0.03056768558951965,4.366812227074235,130.02148227712138
Virat Singh,0,0,15.0,26.0,7.5,60.114999999999995,2,2,0,2,1.0,0.0,0.0,0.0,0.0,57.692307692307686
Virender Sehwag,16,2,2728.0,1755.0,26.23076923076923,133.5864423076923,104,99,7,2,334.0,106.0,0.15384615384615385,0.019230769230769232,6.730769230769231,155.44159544159544
Vishnu Vinod,0,0,56.0,57.0,9.333333333333334,90.51333333333334,6,6,0,1,3.0,3.0,0.0,0.0,0.0,98.24561403508771
Vivrant Sharma,1,0,69.0,47.0,69.0,146.8,1,1,0,1,9.0,2.0,1.0,0.0,0.0,146.80851063829786
Wanindu Hasaranga,0,0,33.0,28.0,6.6,114.998,5,2,0,1,3.0,0.0,0.0,0.0,0.0,117.85714285714286
Wanindu Hasaranga de Silva,0,0,39.0,45.0,4.333333333333333,75.61666666666667,9,8,3,1,4.0,1.0,0.0,0.0,33.33333333333333,86.66666666666667
Washington Sundar,0,0,378.0,324.0,10.216216216216216,108.82918918918918,37,27,3,2,32.0,9.0,0.0,0.0,8.108108108108109,116.66666666666667
Wasim Jaffer,1,0,130.0,121.0,16.25,86.92625,8,8,1,2,14.0,3.0,0.125,0.0,12.5,107.43801652892562
Wayne Parnell,0,0,65.0,80.0,5.0,76.43076923076923,13,10,0,1,4.0,1.0,0.0,0.0,0.0,81.25
Wilkin Mota,0,0,56.0,75.0,7.0,71.84625,8,6,0,1,2.0,0.0,0.0,0.0,0.0,74.66666666666667
Wriddhiman Saha,13,1,2798.0,2185.0,20.880597014925375,115.98365671641791,134,112,7,1,278.0,84.0,0.09701492537313433,0.007462686567164179,5.223880597014925,128.05491990846681
Yash Dayal,0,0,0.0,1.0,0.0,0.0,1,1,1,1,0.0,0.0,0.0,0.0,100.0,0.0
Yash Dhull,0,0,16.0,23.0,5.333333333333333,53.88666666666666,3,3,0,2,1.0,0.0,0.0,0.0,0.0,69.56521739130434
Yashasvi Jaiswal,8,1,1172.0,788.0,31.675675675675677,122.77702702702703,37,36,3,1,144.0,48.0,0.21621621621621623,0.02702702702702703,8.108108108108109,148.73096446700507
Yashpal Singh,0,0,47.0,66.0,11.75,76.5275,4,4,0,2,5.0,0.0,0.0,0.0,0.0,71.21212121212122
Yo Mahesh,0,0,15.0,27.0,3.0,52.0,5,2,1,2,0.0,0.0,0.0,0.0,20.0,55.55555555555556
Yogesh Nagar,0,0,285.0,259.0,14.25,102.0915,20,14,3,2,20.0,9.0,0.0,0.0,15.0,110.03861003861005
Yogesh Takawale,0,0,192.0,178.0,19.2,101.579,10,8,2,1,26.0,3.0,0.0,0.0,20.0,107.86516853932584
Younis Khan,0,0,3.0,7.0,3.0,42.85,1,1,0,2,0.0,0.0,0.0,0.0,0.0,42.857142857142854
Yudhvir Singh,0,0,1.0,2.0,0.5,50.0,2,2,1,1,0.0,0.0,0.0,0.0,50.0,50.0
Yusuf Abdulla,0,0,0.0,1.0,0.0,0.0,1,0,1,1,0.0,0.0,0.0,0.0,100.0,0.0
Yusuf Pathan,13,1,3204.0,2241.0,20.941176470588236,125.66143790849674,153,110,10,2,262.0,158.0,0.08496732026143791,0.006535947712418301,6.535947712418301,142.9718875502008
Yuvraj Singh,13,0,2750.0,2120.0,21.825396825396826,115.07325396825397,126,111,4,1,217.0,149.0,0.10317460317460317,0.0,3.1746031746031744,129.7169811320755
Yuzvendra Chahal,0,0,37.0,86.0,2.3125,51.325,16,7,2,2,0.0,0.0,0.0,0.0,12.5,43.02325581395349
Zaheer Khan,0,0,117.0,141.0,4.333333333333333,78.4774074074074,27,14,6,2,11.0,2.0,0.0,0.0,22.22222222222222,82.97872340425532
