fullName,runs,ballsFaced,fours,sixes,match_id_x,Avg.Run,Avg.BF,Avg.SR,overs,conceded,wickets,maidens,match_id_y,Avg.over,Avg.Run.Given,Avg.Wic,Avg.Mdn,Avg.ECN
Aaron Finch,2091,1631,214,78,90,23.23333333,18.12222222,128.2035561,7.1,67,1,0,5,1.42,13.4,0.2,0,9.436619718
Abdul Samad,395,287,22,25,28,14.10714286,10.25,137.630662,9,113,2,0,5,1.8,22.6,0.4,0,12.55555556
Abdur Razzak,0,2,0,0,1,0,2,0,2,29,0,0,1,2,29,0,0,14.5
Abhimanyu Mithun,34,26,4,1,8,4.25,3.25,130.7692308,48,472,7,0,16,3,29.5,0.4375,0,9.833333333
Abhishek Jhunjhunwala,217,210,19,5,16,13.5625,13.125,103.3333333,14.1,129,1,0,10,1.41,12.9,0.1,0,9.14893617
Abhishek Nayar,672,577,55,20,50,13.44,11.54,116.4644714,38.1,322,9,0,19,2.005263158,16.94736842,0.473684211,0,8.45144357
Abhishek Raut,194,167,13,7,16,12.125,10.4375,116.1676647,5,44,0,0,5,1,8.8,0,0,8.8
Abhishek Sharma,893,650,92,31,45,19.84444444,14.44444444,137.3846154,38,338,9,0,22,1.727272727,15.36363636,0.409090909,0,8.894736842
Abu Nechim,36,26,4,1,6,6,4.333333333,138.4615385,57.2,498,12,1,17,3.364705882,29.29411765,0.705882353,0.058823529,8.706293706
Adam Gilchrist,2069,1495,239,92,80,25.8625,18.6875,138.3946488,0.1,0,1,0,1,0.1,0,1,0,0
Adam Milne,23,29,0,1,6,3.833333333,4.833333333,79.31034483,34.3,327,7,0,10,3.43,32.7,0.7,0,9.533527697
Adam Voges,181,143,15,3,7,25.85714286,20.42857143,126.5734266,9,76,0,0,7,1.285714286,10.85714286,0,0,8.444444444
Adam Zampa,15,24,1,0,5,3,4.8,62.5,69.5,558,29,0,20,3.475,27.9,1.45,0,8.028776978
Adil Rashid,22,16,2,1,2,11,8,137.5,10,91,2,0,3,3.333333333,30.33333333,0.666666667,0,9.1
Aditya Dole,34,22,3,1,2,17,11,154.5454545,11,112,5,0,3,3.666666667,37.33333333,1.666666667,0,10.18181818
Aiden Markram,775,590,55,31,31,25,19.03225806,131.3559322,18.1,157,2,0,12,1.508333333,13.08333333,0.166666667,0,8.674033149
Ajantha Mendis,3,6,0,0,3,1,2,50,40,285,8,0,10,4,28.5,0.8,0,7.125
Ajinkya Rahane,4400,3565,455,96,159,27.67295597,22.42138365,123.4221599,1,5,1,0,1,1,5,1,0,5
Ajit  Chandila,4,7,0,0,2,2,3.5,57.14285714,39,242,11,0,12,3.25,20.16666667,0.916666667,0,6.205128205
Ajit Agarkar,179,154,13,5,22,8.136363636,7,116.2337662,130.2,1151,29,0,42,3.1,27.4047619,0.69047619,0,8.840245776
Akash Deep,17,10,2,1,2,8.5,5,170,23.5,264,6,1,7,3.357142857,37.71428571,0.857142857,0.142857143,11.23404255
Akeal Hosein,16,10,1,1,1,16,10,160,4,40,1,0,1,4,40,1,0,10
Akila Dananjaya,4,5,0,0,1,4,5,80,4,47,0,0,1,4,47,0,0,11.75
Albie Morkel,974,686,61,55,68,14.32352941,10.08823529,141.9825073,286.7,2359,85,3,87,3.295402299,27.11494253,0.977011494,0.034482759,8.22811301
Alfonso Thomas,20,19,1,1,4,5,4.75,105.2631579,52.3,406,14,2,15,3.486666667,27.06666667,0.933333333,0.133333333,7.76290631
Ali Murtaza,10,14,1,0,3,3.333333333,4.666666667,71.42857143,44,313,9,0,12,3.666666667,26.08333333,0.75,0,7.113636364
Alzarri Joseph,27,32,3,0,7,3.857142857,4.571428571,84.375,62.4,576,20,1,19,3.284210526,30.31578947,1.052631579,0.052631579,9.230769231
Aman Hakim Khan,115,104,8,6,10,11.5,10.4,110.5769231,1,13,0,0,1,1,13,0,0,13
Amit Mishra,381,419,31,5,57,6.684210526,7.350877193,90.93078759,559.1,4125,173,6,161,3.472670807,25.62111801,1.074534161,0.037267081,7.377928814
Amit Singh,2,10,0,0,5,0.4,2,20,78.1,620,28,1,23,3.395652174,26.95652174,1.217391304,0.043478261,7.938540333
Amit Uniyal,4,7,0,0,2,2,3.5,57.14285714,6,66,2,0,2,3,33,1,0,11
Andre Nel,0,0,0,0,1,0,0,101.5440946,3,31,1,0,1,3,31,1,0,10.33333333
Andre Russell,2262,1300,150,193,96,23.5625,13.54166667,174,252.1,2351,96,0,98,2.57244898,23.98979592,0.979591837,0,9.325664419
Andrew Flintoff,62,53,5,2,3,20.66666667,17.66666667,116.9811321,11,105,2,0,3,3.666666667,35,0.666666667,0,9.545454545
Andrew McDonald,123,100,9,4,9,13.66666667,11.11111111,123,31,261,11,0,10,3.1,26.1,1.1,0,8.419354839
Andrew Symonds,974,750,74,41,36,27.05555556,20.83333333,129.8666667,87.5,674,20,0,30,2.916666667,22.46666667,0.666666667,0,7.702857143
Andrew Tye,91,76,6,5,13,7,5.846153846,119.7368421,114,979,42,0,30,3.8,32.63333333,1.4,0,8.587719298
Angelo Mathews,724,575,44,29,42,17.23809524,13.69047619,125.9130435,131.5,1079,27,0,44,2.988636364,24.52272727,0.613636364,0,8.205323194
Aniket Choudhary,25,20,1,1,3,8.333333333,6.666666667,125,16.5,144,5,2,5,3.3,28.8,1,0.4,8.727272727
Anil Kumble,35,47,3,0,17,2.058823529,2.764705882,74.46808511,160.1,1058,45,1,42,3.811904762,25.19047619,1.071428571,0.023809524,6.608369769
Ankeet Chavan,12,11,2,0,3,4,3.666666667,109.0909091,41.2,326,8,0,13,3.169230769,25.07692308,0.615384615,0,7.912621359
Ankit Rajpoot,26,41,2,1,7,3.714285714,5.857142857,63.41463415,88.1,814,24,1,29,3.037931034,28.06896552,0.827586207,0.034482759,9.239500568
Ankit Sharma,87,67,7,4,10,8.7,6.7,129.8507463,61.1,450,12,0,21,2.90952381,21.42857143,0.571428571,0,7.36497545
Ankit Soni,7,9,0,1,3,2.333333333,3,77.77777778,18.1,144,2,0,6,3.016666667,24,0.333333333,0,7.955801105
Anrich Nortje,45,41,6,0,13,3.461538462,3.153846154,109.7560976,153,1280,53,1,40,3.825,32,1.325,0.025,8.366013072
Anukul Roy,23,21,3,0,5,4.6,4.2,109.5238095,17,131,5,0,6,2.833333333,21.83333333,0.833333333,0,7.705882353
Anureet Singh,36,47,2,1,9,4,5.222222222,76.59574468,68,623,18,0,22,3.090909091,28.31818182,0.818181818,0,9.161764706
Arjun Tendulkar,13,9,0,1,1,13,9,144.4444444,9.5,92,3,0,4,2.375,23,0.75,0,9.684210526
Arshad Khan,18,15,0,1,3,6,5,120,13.7,190,5,0,6,2.283333333,31.66666667,0.833333333,0,13.86861314
Arshdeep Singh,25,37,3,0,11,2.272727273,3.363636364,67.56756757,175.8,1547,57,1,51,3.447058824,30.33333333,1.117647059,0.019607843,8.799772469
Asad Pathan,39,23,5,2,7,5.571428571,3.285714286,169.5652174,6.3,63,0,0,3,2.1,21,0,0,10
Ashish Nehra,41,62,3,1,22,1.863636364,2.818181818,66.12903226,317.2,2495,106,2,88,3.604545455,28.35227273,1.204545455,0.022727273,7.865699874
Ashish Reddy,280,193,17,14,23,12.17391304,8.391304348,145.0777202,43,396,18,0,20,2.15,19.8,0.9,0,9.209302326
Ashley Noffke,9,10,1,0,1,9,10,90,4,40,1,0,1,4,40,1,0,10
Ashok Dinda,26,48,2,0,17,1.529411765,2.823529412,54.16666667,252,2073,69,3,75,3.36,27.64,0.92,0.04,8.226190476
Ashok Menaria,401,356,24,18,23,17.43478261,15.47826087,112.6404494,18.2,144,3,0,12,1.516666667,12,0.25,0,7.912087912
Avesh Khan,31,20,2,3,7,4.428571429,2.857142857,155,167.4,1448,55,1,47,3.561702128,30.80851064,1.170212766,0.021276596,8.649940263
Axar Patel,1418,1084,88,69,101,14.03960396,10.73267327,130.8118081,471.5,3421,112,2,134,3.518656716,25.52985075,0.835820896,0.014925373,7.255567338
Ayush Badoni,399,302,24,19,23,17.34782609,13.13043478,132.1192053,2.1,11,2,0,3,0.7,3.666666667,0.666666667,0,5.238095238
Azhar Mahmood,388,303,39,13,21,18.47619048,14.42857143,128.0528053,88.5,700,29,0,23,3.847826087,30.43478261,1.260869565,0,7.90960452
Balachandra Akhil,76,55,5,5,11,6.909090909,5,138.1818182,31.2,242,6,0,13,2.4,18.61538462,0.461538462,0,7.756410256
Barinder Sran,10,14,0,0,9,1.111111111,1.555555556,71.42857143,80.3,757,18,0,24,3.345833333,31.54166667,0.75,0,9.427148194
Basil Thampi,32,35,1,1,8,4,4.375,91.42857143,86.1,846,22,1,25,3.444,33.84,0.88,0.04,9.825783972
Ben Cutting,238,141,15,19,17,14,8.294117647,168.7943262,46.5,429,10,0,17,2.735294118,25.23529412,0.588235294,0,9.225806452
Ben Hilfenhaus,0,0,0,0,1,0,0,101.5440946,62,479,22,2,17,3.647058824,28.17647059,1.294117647,0.117647059,7.725806452
Ben Laughlin,5,13,0,0,4,1.25,3.25,38.46153846,27.5,282,10,0,9,3.055555556,31.33333333,1.111111111,0,10.25454545
Ben Rohrer,193,140,21,5,8,24.125,17.5,137.8571429,1,12,0,0,1,1,12,0,0,12
Ben Stokes,935,698,81,32,44,21.25,15.86363636,133.9541547,114.5,992,28,2,38,3.013157895,26.10526316,0.736842105,0.052631579,8.663755459
Beuran Hendricks,1,3,0,0,3,0.333333333,1,33.33333333,25,235,9,0,7,3.571428571,33.57142857,1.285714286,0,9.4
Bharat Chipli,280,251,28,7,21,13.33333333,11.95238095,111.5537849,1,20,0,0,1,1,20,0,0,20
Bhargav Bhatt,6,7,0,1,2,3,3.5,85.71428571,48.8,397,12,0,15,3.253333333,26.46666667,0.8,0,8.135245902
Bhuvneshwar Kumar,283,297,27,3,63,4.492063492,4.714285714,95.28619529,592.8,4396,170,12,160,3.705,27.475,1.0625,0.075,7.415654521
Billy Stanlake,5,2,1,0,1,5,2,250,24,200,7,0,6,4,33.33333333,1.166666667,0,8.333333333
Bipul Sharma,187,123,11,9,17,11,7.235294118,152.0325203,70.6,572,17,0,28,2.521428571,20.42857143,0.607142857,0,8.101983003
Brad Hodge,1400,1118,122,43,63,22.22222222,17.74603175,125.2236136,39,303,17,0,20,1.95,15.15,0.85,0,7.769230769
Brad Hogg,22,22,1,0,6,3.666666667,3.666666667,100,76.2,570,23,1,21,3.628571429,27.14285714,1.095238095,0.047619048,7.480314961
Brett Lee,124,97,8,8,19,6.526315789,5.105263158,127.8350515,145.5,1095,25,3,38,3.828947368,28.81578947,0.657894737,0.078947368,7.525773196
Cameron Green,452,282,40,22,16,28.25,17.625,160.2836879,38,361,6,0,16,2.375,22.5625,0.375,0,9.5
Cameron White,954,755,76,36,45,21.2,16.77777778,126.3576159,7,86,1,0,6,1.166666667,14.33333333,0.166666667,0,12.28571429
Carlos Brathwaite,181,111,10,16,14,12.92857143,7.928571429,163.0630631,41.8,379,13,0,16,2.6125,23.6875,0.8125,0,9.066985646
Chamara Kapugedera,16,23,0,0,3,5.333333333,7.666666667,69.56521739,2.5,49,0,0,3,0.833333333,16.33333333,0,0,19.6
Chamara Silva,40,26,5,1,3,13.33333333,8.666666667,153.8461538,1,21,0,0,1,1,21,0,0,21
Chaminda Vaas,81,73,2,3,11,7.363636364,6.636363636,110.9589041,47,355,18,2,13,3.615384615,27.30769231,1.384615385,0.153846154,7.553191489
Chandrasekar Ganapathy,0,0,0,0,1,0,0,101.5440946,1,13,0,0,1,1,13,0,0,13
Charl Langeveldt,8,9,0,1,2,4,4.5,88.88888889,26,187,13,0,7,3.714285714,26.71428571,1.857142857,0,7.192307692
Chetan Sakariya,20,31,3,0,8,2.5,3.875,64.51612903,71,599,20,1,19,3.736842105,31.52631579,1.052631579,0.052631579,8.436619718
Chetanya Nanda,0,1,0,0,1,0,1,0,8,57,2,0,3,2.666666667,19,0.666666667,0,7.125
Chris Gayle,4965,3333,404,357,141,35.21276596,23.63829787,148.9648965,91.4,729,18,0,38,2.405263158,19.18421053,0.473684211,0,7.975929978
Chris Jordan,81,77,3,3,13,6.230769231,5.923076923,105.1948052,110.8,1070,30,1,34,3.258823529,31.47058824,0.882352941,0.029411765,9.657039711
Chris Morris,618,398,41,35,51,12.11764706,7.803921569,155.2763819,286.4,2295,95,1,81,3.535802469,28.33333333,1.172839506,0.012345679,8.013268156
Chris Woakes,78,77,7,2,12,6.5,6.416666667,101.2987013,73.2,658,30,0,21,3.485714286,31.33333333,1.428571429,0,8.989071038
Clint McKay,8,15,0,0,1,8,15,53.33333333,7,60,1,0,2,3.5,30,0.5,0,8.571428571
Colin Munro,177,141,19,8,12,14.75,11.75,125.5319149,2,15,0,0,2,1,7.5,0,0,7.5
Colin de Grandhomme,303,225,18,18,21,14.42857143,10.71428571,134.6666667,35.6,319,6,0,19,1.873684211,16.78947368,0.315789474,0,8.960674157
Corey Anderson,538,423,40,31,29,18.55172414,14.5862069,127.1867612,48.9,518,11,0,22,2.222727273,23.54545455,0.5,0,10.59304703
D'Arcy Short,115,99,11,5,7,16.42857143,14.14285714,116.1616162,3,19,1,0,2,1.5,9.5,0.5,0,6.333333333
Dale Steyn,167,160,14,3,37,4.513513514,4.324324324,104.375,361.6,2508,97,7,95,3.806315789,26.4,1.021052632,0.073684211,6.935840708
Dan Christian,14,24,1,0,7,2,3.428571429,58.33333333,16.4,155,4,0,9,1.822222222,17.22222222,0.444444444,0,9.451219512
Daniel Christian,446,374,22,19,34,13.11764706,11,119.2513369,129.9,1037,34,0,40,3.2475,25.925,0.85,0,7.983063895
Daniel Harris,111,101,11,5,4,27.75,25.25,109.9009901,3,26,0,0,2,1.5,13,0,0,8.666666667
Daniel Sams,44,44,1,3,13,3.384615385,3.384615385,100,60,523,14,0,16,3.75,32.6875,0.875,0,8.716666667
Daniel Vettori,121,113,11,2,17,7.117647059,6.647058824,107.079646,128.9,879,28,0,34,3.791176471,25.85294118,0.823529412,0,6.819239721
Daren Sammy,295,241,15,18,20,14.75,12.05,122.406639,39.2,350,11,0,19,2.063157895,18.42105263,0.578947368,0,8.928571429
Darshan Nalkande,0,1,0,0,1,0,1,0,9.1,103,3,0,3,3.033333333,34.33333333,1,0,11.31868132
Daryl Mitchell,33,44,1,0,2,16.5,22,75,2,27,0,0,2,1,13.5,0,0,13.5
David Hussey,1322,1075,90,60,61,21.67213115,17.62295082,122.9767442,52.5,474,8,0,26,2.019230769,18.23076923,0.307692308,0,9.028571429
David Warner,6397,4572,646,226,176,36.34659091,25.97727273,139.9168854,0.1,2,0,0,1,0.1,2,0,0,20
David Wiese,148,101,12,7,11,13.45454545,9.181818182,146.5346535,49.2,440,16,0,15,3.28,29.33333333,1.066666667,0,8.943089431
David Willey,53,62,7,0,5,10.6,12.4,85.48387097,36,272,6,1,11,3.272727273,24.72727273,0.545454545,0.090909091,7.555555556
Deepak Chahar,80,59,2,6,13,6.153846154,4.538461538,135.5932203,254.4,2019,72,6,73,3.484931507,27.65753425,0.98630137,0.082191781,7.936320755
Deepak Hooda,1320,1026,80,58,87,15.17241379,11.79310345,128.6549708,59.1,509,10,0,31,1.906451613,16.41935484,0.322580645,0,8.612521151
Dewald Brevis,161,113,14,11,7,23,16.14285714,142.4778761,0.3,8,1,0,1,0.3,8,1,0,26.66666667
Dhawal Kulkarni,104,108,7,2,24,4.333333333,4.5,96.2962963,296.3,2474,86,8,92,3.220652174,26.89130435,0.934782609,0.086956522,8.349645629
Dilhara Fernando,4,3,0,0,2,2,1.5,133.3333333,39,298,17,0,10,3.9,29.8,1.7,0,7.641025641
Dillon du Preez,10,13,0,0,1,10,13,76.92307692,7,56,4,1,2,3.5,28,2,0.5,8
Dimitri Mascarenhas,79,78,5,1,11,7.181818182,7.090909091,101.2820513,51.2,356,19,1,13,3.938461538,27.38461538,1.461538462,0.076923077,6.953125
Dinesh Salunkhe,33,24,5,0,3,11,8,137.5,8,78,1,0,5,1.6,15.6,0.2,0,9.75
Dirk Nannes,4,13,0,0,3,1.333333333,4.333333333,30.76923077,106.9,785,28,1,29,3.686206897,27.06896552,0.965517241,0.034482759,7.343311506
Doddapaneni Kalyankrishna,3,8,0,0,1,3,8,37.5,8,87,2,0,3,2.666666667,29,0.666666667,0,10.875
Dominic Thornely,39,53,2,2,4,9.75,13.25,73.58490566,7,40,3,0,4,1.75,10,0.75,0,5.714285714
Domnic Muthuswami,1,3,0,0,2,0.5,1.5,33.33333333,14,101,4,0,6,2.333333333,16.83333333,0.666666667,0,7.214285714
Doug Bollinger,21,23,1,1,4,5.25,5.75,91.30434783,95.6,693,37,3,27,3.540740741,25.66666667,1.37037037,0.111111111,7.248953975
Doug Bracewell,12,9,1,0,1,12,9,133.3333333,4,32,3,0,1,4,32,3,0,8
Dushmantha Chameera,43,28,3,3,8,5.375,3.5,153.5714286,44,384,9,0,12,3.666666667,32,0.75,0,8.727272727
Dwaine Pretorius,44,28,3,3,5,8.8,5.6,157.1428571,25,238,6,0,7,3.571428571,34,0.857142857,0,9.52
Dwaraka Ravi Teja,375,317,35,9,25,15,12.68,118.29653,3,28,1,0,2,1.5,14,0.5,0,9.333333333
Dwayne Bravo,1560,1204,121,66,113,13.80530973,10.65486726,129.5681063,517.1,4360,183,3,158,3.27278481,27.59493671,1.158227848,0.018987342,8.431637981
Dwayne Smith,2385,1764,245,117,89,26.79775281,19.82022472,135.2040816,89.5,810,26,0,46,1.945652174,17.60869565,0.565217391,0,9.05027933
Fabian Allen,14,19,1,0,4,3.5,4.75,73.68421053,15,136,2,1,4,3.75,34,0.5,0.25,9.066666667
Faf du Plessis,4133,3081,374,145,123,33.60162602,25.04878049,134.1447582,1,16,0,0,1,1,16,0,0,16
Faiz Fazal,183,173,22,1,11,16.63636364,15.72727273,105.7803468,2,20,0,0,2,1,10,0,0,10
Farveez Maharoof,177,123,12,9,14,12.64285714,8.785714286,143.902439,70,520,27,0,20,3.5,26,1.35,0,7.428571429
Fazalhaq Farooqi,3,13,0,0,2,1.5,6.5,23.07692308,25.2,227,6,0,7,3.6,32.42857143,0.857142857,0,9.007936508
Fidel Edwards,4,5,0,0,2,2,2.5,80,22.8,154,5,1,6,3.8,25.66666667,0.833333333,0.166666667,6.754385965
George Garton,2,4,0,0,3,0.666666667,1.333333333,50,15,135,3,0,5,3,27,0.6,0,9
Glenn Maxwell,2719,1725,226,158,120,22.65833333,14.375,157.6231884,140.8,1174,31,1,73,1.928767123,16.08219178,0.424657534,0.01369863,8.338068182
Glenn McGrath,4,5,1,0,3,1.333333333,1.666666667,80,54,357,12,2,14,3.857142857,25.5,0.857142857,0.142857143,6.611111111
Glenn Phillips,65,55,3,6,8,8.125,6.875,118.1818182,5,40,2,0,4,1.25,10,0.5,0,8
Gnaneswara Rao,19,17,3,0,1,19,17,111.7647059,1,7,0,0,1,1,7,0,0,7
Graham Napier,15,16,1,0,1,15,16,93.75,4,27,1,0,1,4,27,1,0,6.75
Gurkeerat Singh Mann,511,422,55,11,32,15.96875,13.1875,121.0900474,13,97,5,0,6,2.166666667,16.16666667,0.833333333,0,7.461538462
Hanuma Vihari,284,321,23,1,23,12.34782609,13.95652174,88.47352025,7,47,1,0,6,1.166666667,7.833333333,0.166666667,0,6.714285714
Harbhajan Singh,833,604,79,42,90,9.255555556,6.711111111,137.9139073,568.8,4030,150,6,160,3.555,25.1875,0.9375,0.0375,7.085091421
Hardik Pandya,2309,1583,172,125,115,20.07826087,13.76521739,145.8622868,199.4,1763,53,0,81,2.461728395,21.7654321,0.654320988,0,8.841524574
Hardus Viljoen,3,7,0,0,3,1,2.333333333,42.85714286,23,222,7,0,6,3.833333333,37,1.166666667,0,9.652173913
Harmeet Singh,18,12,3,0,6,3,2,150,90.9,731,27,0,28,3.246428571,26.10714286,0.964285714,0,8.04180418
Harpreet Brar,158,136,11,7,17,9.294117647,8,116.1764706,75.1,592,18,1,26,2.888461538,22.76923077,0.692307692,0.038461538,7.882822903
Harry Gurney,1,5,0,0,1,1,5,20,27,238,7,0,8,3.375,29.75,0.875,0,8.814814815
Harshal Patel,236,184,15,14,38,6.210526316,4.842105263,128.2608696,309.5,2672,111,2,89,3.47752809,30.02247191,1.247191011,0.02247191,8.633279483
Harshit Rana,2,3,0,0,3,0.666666667,1,66.66666667,22,198,6,0,8,2.75,24.75,0.75,0,9
Hrithik Shokeen,66,65,9,0,6,11,10.83333333,101.5384615,34,314,5,0,13,2.615384615,24.15384615,0.384615385,0,9.235294118
Imran Tahir,33,37,5,0,9,3.666666667,4.111111111,89.18918919,218.4,1703,82,1,59,3.701694915,28.86440678,1.389830508,0.016949153,7.797619048
Iqbal Abdulla,88,84,9,1,13,6.769230769,6.461538462,104.7619048,152.8,1109,40,1,48,3.183333333,23.10416667,0.833333333,0.020833333,7.257853403
Irfan Pathan,1139,946,87,37,82,13.8902439,11.53658537,120.4016913,337.9,2649,80,10,101,3.345544554,26.22772277,0.792079208,0.099009901,7.839597514
Ish Sodhi,7,17,0,0,2,3.5,8.5,41.17647059,30.1,202,9,1,8,3.7625,25.25,1.125,0.125,6.710963455
Ishan Malhotra,7,4,1,0,1,7,4,175,1,23,0,0,1,1,23,0,0,23
Ishant Sharma,56,62,4,2,26,2.153846154,2.384615385,90.32258065,357.1,2907,82,6,101,3.535643564,28.78217822,0.811881188,0.059405941,8.140576869
Ishwar Pandey,0,2,0,0,1,0,2,0,77,591,18,4,24,3.208333333,24.625,0.75,0.166666667,7.675324675
Isuru Udana,15,11,1,1,4,3.75,2.75,136.3636364,29,282,8,0,10,2.9,28.2,0.8,0,9.724137931
Jacob Oram,106,108,6,5,12,8.833333333,9,98.14814815,38.9,349,9,0,14,2.778571429,24.92857143,0.642857143,0,8.971722365
Jacques Kallis,2427,2222,255,44,96,25.28125,23.14583333,109.2259226,290.2,2293,65,3,89,3.260674157,25.76404494,0.730337079,0.033707865,7.901447278
Jagadeesha Suchith,70,61,6,3,10,7,6.1,114.7540984,70,602,19,0,21,3.333333333,28.66666667,0.904761905,0,8.6
Jamaluddin Syed Mohammad,29,26,4,0,5,5.8,5.2,111.5384615,32,283,8,0,11,2.909090909,25.72727273,0.727272727,0,8.84375
James Faulkner,527,389,36,23,45,11.71111111,8.644444444,135.4755784,202.7,1778,59,4,60,3.378333333,29.63333333,0.983333333,0.066666667,8.771583621
James Franklin,327,301,25,8,16,20.4375,18.8125,108.6378738,25.1,220,9,0,15,1.673333333,14.66666667,0.6,0,8.764940239
James Hopes,417,306,49,11,19,21.94736842,16.10526316,136.2745098,60,548,14,0,20,3,27.4,0.7,0,9.133333333
James Neesham,92,93,6,2,10,9.2,9.3,98.92473118,36,334,8,0,13,2.769230769,25.69230769,0.615384615,0,9.277777778
James Pattinson,15,13,2,0,2,7.5,6.5,115.3846154,35.3,320,11,0,10,3.53,32,1.1,0,9.065155807
Jaskaran Singh,8,11,0,0,5,1.6,2.2,72.72727273,17,171,6,0,7,2.428571429,24.42857143,0.857142857,0,10.05882353
Jason Behrendorff,6,9,0,0,2,3,4.5,66.66666667,61,552,19,0,17,3.588235294,32.47058824,1.117647059,0,9.049180328
Jason Holder,259,211,13,18,27,9.592592593,7.814814815,122.7488152,165.1,1461,53,0,46,3.589130435,31.76086957,1.152173913,0,8.849182314
Jasprit Bumrah,56,66,4,1,27,2.074074074,2.444444444,84.84848485,456.2,3379,145,8,120,3.801666667,28.15833333,1.208333333,0.066666667,7.406839106
Javon Searles,8,6,0,1,2,4,3,133.3333333,7,89,2,0,3,2.333333333,29.66666667,0.666666667,0,12.71428571
Jayant Yadav,40,36,2,1,5,8,7.2,111.1111111,65,445,8,0,20,3.25,22.25,0.4,0,6.846153846
Jaydev Unadkat,173,140,14,6,27,6.407407407,5.185185185,123.5714286,322.8,2870,91,3,93,3.470967742,30.86021505,0.978494624,0.032258065,8.890954151
Jean-Paul Duminy,2029,1636,126,79,77,26.35064935,21.24675325,124.0220049,112.6,834,23,0,49,2.297959184,17.02040816,0.469387755,0,7.406749556
Jeevan Mendis,23,27,0,0,3,7.666666667,9,85.18518519,5,36,1,0,2,2.5,18,0.5,0,7.2
Jerome Taylor,3,3,0,0,2,1.5,1.5,100,19.3,157,6,0,5,3.86,31.4,1.2,0,8.134715026
Jesse Ryder,604,458,69,19,29,20.82758621,15.79310345,131.8777293,39.2,303,8,1,16,2.45,18.9375,0.5,0.0625,7.729591837
Jhye Richardson,15,24,2,0,2,7.5,12,62.5,11,117,3,0,3,3.666666667,39,1,0,10.63636364
Joe Root,10,15,1,0,1,10,15,66.66666667,2,14,0,0,1,2,14,0,0,7
Jofra Archer,199,128,11,14,25,7.96,5.12,155.46875,156.9,1171,48,2,40,3.9225,29.275,1.2,0.05,7.463352454
Joginder Sharma,36,30,1,2,6,6,5,120,42.4,419,12,0,15,2.826666667,27.93333333,0.8,0,9.882075472
Johan Botha,409,359,39,5,28,14.60714286,12.82142857,113.9275766,115.4,800,25,0,34,3.394117647,23.52941176,0.735294118,0,6.932409012
Johan van der Wath,18,16,1,1,3,6,5.333333333,112.5,12,129,3,0,3,4,43,1,0,10.75
Josh Hazlewood,19,28,1,0,6,3.166666667,4.666666667,67.85714286,100.3,810,35,1,27,3.714814815,30,1.296296296,0.037037037,8.075772682
Justin Kemp,26,24,1,1,2,13,12,108.3333333,7.2,54,3,0,5,1.44,10.8,0.6,0,7.5
KC Cariappa,24,21,0,2,5,4.8,4.2,114.2857143,36,348,8,0,11,3.272727273,31.63636364,0.727272727,0,9.666666667
KM Asif,0,2,0,0,1,0,2,0,22.1,231,7,0,7,3.157142857,33,1,0,10.45248869
KP Appanna,2,4,0,0,3,0.666666667,1.333333333,50,36,286,9,0,13,2.769230769,22,0.692307692,0,7.944444444
Kagiso Rabada,186,179,16,6,28,6.642857143,6.392857143,103.9106145,259.8,2198,106,2,69,3.765217391,31.85507246,1.536231884,0.028985507,8.460354119
Kamlesh Nagarkoti,22,33,1,0,7,3.142857143,4.714285714,66.66666667,30,285,5,0,11,2.727272727,25.90909091,0.454545455,0,9.5
Kamran Khan,3,5,0,0,3,1,1.666666667,60,26.4,224,9,0,9,2.933333333,24.88888889,1,0,8.484848485
Kane Richardson,36,39,2,1,4,9,9.75,92.30769231,55.5,472,19,0,15,3.7,31.46666667,1.266666667,0,8.504504505
Kane Williamson,2101,1667,181,64,75,28.01333333,22.22666667,126.034793,3,31,0,0,2,1.5,15.5,0,0,10.33333333
Karan Goel,218,231,17,9,17,12.82352941,13.58823529,94.37229437,11,93,0,0,6,1.833333333,15.5,0,0,8.454545455
Karanveer Singh,12,17,1,0,4,3,4.25,70.58823529,34,321,12,0,9,3.777777778,35.66666667,1.333333333,0,9.441176471
Karn Sharma,320,279,18,14,37,8.648648649,7.540540541,114.6953405,223.1,1833,69,1,73,3.056164384,25.10958904,0.945205479,0.01369863,8.216046616
Kartik Tyagi,13,16,1,0,7,1.857142857,2.285714286,81.25,65.8,662,15,0,19,3.463157895,34.84210526,0.789473684,0,10.06079027
Keemo Paul,18,24,1,1,6,3,4,75,27.1,237,9,0,8,3.3875,29.625,1.125,0,8.745387454
Kemar Roach,10,9,1,0,1,10,9,111.1111111,8,80,0,0,2,4,40,0,0,10
Kevin Pietersen,1001,743,91,40,36,27.80555556,20.63888889,134.7240915,29,215,7,0,13,2.230769231,16.53846154,0.538461538,0,7.413793103
Kevon Cooper,116,68,9,8,14,8.285714286,4.857142857,170.5882353,96,757,33,1,25,3.84,30.28,1.32,0.04,7.885416667
Khaleel Ahmed,1,7,0,0,5,0.2,1.4,14.28571429,161.6,1402,57,2,43,3.758139535,32.60465116,1.325581395,0.046511628,8.675742574
Kieron Pollard,3412,2316,218,223,171,19.95321637,13.54385965,147.3229706,246.4,2180,69,0,107,2.302803738,20.37383178,0.644859813,0,8.847402597
Krishnakant  Upadhyay,12,9,0,1,2,6,4.5,133.3333333,9,81,0,0,3,3,27,0,0,9
Krishnappa Gowtham,247,148,15,17,27,9.148148148,5.481481481,166.8918919,96,779,21,1,34,2.823529412,22.91176471,0.617647059,0.029411765,8.114583333
Krunal Pandya,1514,1135,136,56,99,15.29292929,11.46464646,133.3920705,320.4,2351,70,1,105,3.051428571,22.39047619,0.666666667,0.00952381,7.337702871
Kuldeep Sen,0,3,0,0,1,0,3,0,27.7,265,8,0,9,3.077777778,29.44444444,0.888888889,0,9.566787004
Kuldeep Yadav,136,175,10,2,28,4.857142857,6.25,77.71428571,247.6,2016,71,1,71,3.487323944,28.3943662,1,0.014084507,8.142164782
Kuldip Yadav,0,4,0,0,1,0,4,0,9,84,2,0,3,3,28,0.666666667,0,9.333333333
Kumar Kartikeya,9,12,1,0,2,4.5,6,75,39,329,10,0,12,3.25,27.41666667,0.833333333,0,8.435897436
Kyle Abbott,13,8,0,1,3,4.333333333,2.666666667,162.5,16,177,2,0,5,3.2,35.4,0.4,0,11.0625
Kyle Jamieson,65,55,5,3,7,9.285714286,7.857142857,118.1818182,28,269,9,0,9,3.111111111,29.88888889,1,0,9.607142857
Kyle Mayers,379,263,38,22,13,29.15384615,20.23076923,144.1064639,7,59,0,0,6,1.166666667,9.833333333,0,0,8.428571429
Lakshmipathy Balaji,36,49,2,1,15,2.4,3.266666667,73.46938776,250.9,2028,76,2,73,3.436986301,27.78082192,1.04109589,0.02739726,8.082901554
Lalit Yadav,295,278,26,7,19,15.52631579,14.63157895,106.1151079,45,369,10,0,17,2.647058824,21.70588235,0.588235294,0,8.2
Lasith Malinga,88,99,6,5,25,3.52,3.96,88.88888889,468.3,3366,170,8,122,3.83852459,27.59016393,1.393442623,0.06557377,7.187700192
Laxmi Shukla,405,350,33,15,34,11.91176471,10.29411765,115.7142857,51.8,447,15,0,27,1.918518519,16.55555556,0.555555556,0,8.629343629
Lee Carseldine,81,68,11,0,5,16.2,13.6,119.1176471,1,6,1,0,1,1,6,1,0,6
Lendl Simmons,1079,852,109,44,29,37.20689655,29.37931034,126.6431925,3,34,1,0,1,3,34,1,0,11.33333333
Liam Livingstone,828,500,58,59,32,25.875,15.625,165.6,30.6,309,8,0,18,1.7,17.16666667,0.444444444,0,10.09803922
Liam Plunkett,1,3,0,0,2,0.5,1.5,33.33333333,25,225,4,0,7,3.571428571,32.14285714,0.571428571,0,9
Lockie Ferguson,67,45,6,2,9,7.444444444,5,148.8888889,134.3,1171,37,1,38,3.534210526,30.81578947,0.973684211,0.026315789,8.719285182
Love Ablish,0,2,0,0,1,0,2,0,7,75,3,0,3,2.333333333,25,1,0,10.71428571
Luke Wright,106,60,16,3,6,17.66666667,10,176.6666667,11.5,124,2,0,6,1.916666667,20.66666667,0.333333333,0,10.7826087
Maheesh Theekshana,7,7,0,1,2,3.5,3.5,100,84,653,23,1,22,3.818181818,29.68181818,1.045454545,0.045454545,7.773809524
Mahipal Lomror,402,305,24,21,25,16.08,12.2,131.8032787,14,109,1,0,10,1.4,10.9,0.1,0,7.785714286
Makhaya Ntini,11,18,2,0,2,5.5,9,61.11111111,35,242,7,2,9,3.888888889,26.88888889,0.777777778,0.222222222,6.914285714
Mandeep Singh,1706,1388,176,38,98,17.40816327,14.16326531,122.9106628,2,26,0,0,2,1,13,0,0,13
Manoj Tiwary,1695,1449,156,40,85,19.94117647,17.04705882,116.9772257,7,83,1,0,6,1.166666667,13.83333333,0.166666667,0,11.85714286
Manpreet Gony,99,71,6,8,17,5.823529412,4.176470588,139.4366197,148,1287,37,3,44,3.363636364,29.25,0.840909091,0.068181818,8.695945946
Marchant de Lange,1,2,0,0,1,1,2,50,18,169,5,1,5,3.6,33.8,1,0.2,9.388888889
Marco Jansen,48,53,4,1,11,4.363636364,4.818181818,90.56603774,65,586,19,1,18,3.611111111,32.55555556,1.055555556,0.055555556,9.015384615
Marcus Stoinis,1478,1051,111,75,74,19.97297297,14.2027027,140.6279734,118.7,1148,39,0,55,2.158181818,20.87272727,0.709090909,0,9.671440607
Mark Wood,12,8,1,1,3,4,2.666666667,150,20,179,11,1,5,4,35.8,2.2,0.2,8.95
Marlon Samuels,161,172,9,7,14,11.5,12.28571429,93.60465116,35.4,284,9,0,11,3.218181818,25.81818182,0.818181818,0,8.02259887
Mashrafe Mortaza,2,2,0,0,1,2,2,100,4,58,0,0,1,4,58,0,0,14.5
Matthew Short,117,92,15,4,6,19.5,15.33333333,127.173913,4,25,0,0,3,1.333333333,8.333333333,0,0,6.25
Mayank Markande,48,42,5,1,11,4.363636364,3.818181818,114.2857143,98,810,29,0,30,3.266666667,27,0.966666667,0,8.265306122
Michael Bracewell,58,47,6,1,4,14.5,11.75,123.4042553,11,95,6,0,5,2.2,19,1.2,0,8.636363636
Michael Clarke,98,94,12,0,6,16.33333333,15.66666667,104.2553191,11,67,2,0,5,2.2,13.4,0.4,0,6.090909091
Mitchell Johnson,167,164,10,7,30,5.566666667,5.466666667,101.8292683,204.8,1702,61,2,54,3.792592593,31.51851852,1.12962963,0.037037037,8.310546875
Mitchell Marsh,604,483,39,35,32,18.875,15.09375,125.0517598,84.8,692,36,1,31,2.735483871,22.32258065,1.161290323,0.032258065,8.160377358
Mitchell McClenaghan,85,70,5,7,24,3.541666667,2.916666667,121.4285714,211.8,1803,71,1,56,3.782142857,32.19642857,1.267857143,0.017857143,8.512747875
Mitchell Santner,56,54,3,3,8,7,6.75,103.7037037,52,358,13,0,15,3.466666667,23.86666667,0.866666667,0,6.884615385
Mitchell Starc,96,98,10,0,12,8,8.166666667,97.95918367,96.4,693,34,1,26,3.707692308,26.65384615,1.307692308,0.038461538,7.18879668
Mithun Manhas,514,470,43,10,38,13.52631579,12.36842105,109.3617021,7,42,0,0,3,2.333333333,14,0,0,6
Moeen Ali,1034,723,88,59,52,19.88461538,13.90384615,143.0152144,117.8,822,33,0,48,2.454166667,17.125,0.6875,0,6.977928693
Mohammad Asif,3,6,0,0,2,1.5,3,50,32,296,8,0,8,4,37,1,0,9.25
Mohammad Hafeez,64,83,7,2,8,8,10.375,77.10843373,10,68,2,0,4,2.5,17,0.5,0,6.8
Mohammad Nabi,180,119,16,9,14,12.85714286,8.5,151.2605042,56.7,408,13,0,17,3.335294118,24,0.764705882,0,7.195767196
Mohammed Shami,74,79,6,2,25,2.96,3.16,93.67088608,403.4,3412,127,3,110,3.667272727,31.01818182,1.154545455,0.027272727,8.458106098
Mohammed Siraj,97,111,10,2,22,4.409090909,5.045454545,87.38738739,271.8,2326,78,4,79,3.440506329,29.44303797,0.987341772,0.050632911,8.557763061
Mohit Rathee,1,2,0,0,1,1,2,50,2,29,0,0,1,2,29,0,0,14.5
Mohit Sharma,122,118,8,4,28,4.357142857,4.214285714,103.3898305,334.3,2831,119,0,100,3.343,28.31,1.19,0,8.46844152
Mohsin Khan,23,23,2,1,4,5.75,5.75,100,43,304,17,2,13,3.307692308,23.38461538,1.307692308,0.153846154,7.069767442
Moises Henriques,1000,788,87,28,54,18.51851852,14.59259259,126.9035533,157.8,1289,42,0,60,2.63,21.48333333,0.7,0,8.168567807
Morne Morkel,126,90,11,4,23,5.47826087,3.913043478,140,271.3,2089,77,3,70,3.875714286,29.84285714,1.1,0.042857143,7.69996314
Mujeeb Ur Rahman,12,15,2,0,7,1.714285714,2.142857143,80,72.2,592,19,0,19,3.8,31.15789474,1,0,8.199445983
Mukesh Choudhary,6,6,1,0,2,3,3,100,45.3,424,16,0,13,3.484615385,32.61538462,1.230769231,0,9.3598234
Mukesh Kumar,7,9,0,0,3,2.333333333,3,77.77777778,31,326,7,0,10,3.1,32.6,0.7,0,10.51612903
Munaf Patel,39,41,5,0,15,2.6,2.733333333,95.12195122,225.1,1698,74,5,63,3.573015873,26.95238095,1.174603175,0.079365079,7.543314083
Murali Kartik,113,108,7,1,16,7.0625,6.75,104.6296296,191.4,1388,31,1,55,3.48,25.23636364,0.563636364,0.018181818,7.251828631
Murali Vijay,2619,2149,247,91,106,24.70754717,20.27358491,121.8706375,6,49,0,0,4,1.5,12.25,0,0,8.166666667
Murugan Ashwin,35,50,2,1,13,2.692307692,3.846153846,70,144.6,1162,35,0,44,3.286363636,26.40909091,0.795454545,0,8.035961272
Musavir Khote,24,22,2,1,3,8,7.333333333,109.0909091,5,51,2,0,2,2.5,25.5,1,0,10.2
Mustafizur Rahman,13,23,0,1,9,1.444444444,2.555555556,56.52173913,180.4,1444,47,1,48,3.758333333,30.08333333,0.979166667,0.020833333,8.00443459
Muttiah Muralitharan,20,30,1,0,9,2.222222222,3.333333333,66.66666667,253.6,1696,63,1,66,3.842424242,25.6969697,0.954545455,0.015151515,6.687697161
Nathan Coulter-Nile,82,72,7,4,18,4.555555556,4,113.8888889,142.5,1100,48,1,38,3.75,28.94736842,1.263157895,0.026315789,7.719298246
Nathan Ellis,19,25,0,1,5,3.8,5,76,55,484,17,0,15,3.666666667,32.26666667,1.133333333,0,8.8
Nathan McCullum,26,22,0,1,2,13,11,118.1818182,5,34,0,0,2,2.5,17,0,0,6.8
Nathan Rimmington,1,1,0,0,1,1,1,100,3,19,0,0,1,3,19,0,0,6.333333333
Navdeep Saini,33,37,3,0,7,4.714285714,5.285714286,89.18918919,109.4,974,23,1,32,3.41875,30.4375,0.71875,0.03125,8.903107861
Naveen-ul-Haq,16,21,2,0,3,5.333333333,7,76.19047619,28,219,11,0,7,4,31.28571429,1.571428571,0,7.821428571
Nayan Doshi,0,13,0,0,1,0,13,0,9.2,79,2,0,4,2.3,19.75,0.5,0,8.586956522
Nitish Rana,2594,1918,229,131,99,26.2020202,19.37373737,135.2450469,29.6,252,10,0,24,1.233333333,10.5,0.416666667,0,8.513513514
Noor Ahmad,8,9,1,0,3,2.666666667,3,88.88888889,46.7,369,16,0,13,3.592307692,28.38461538,1.230769231,0,7.901498929
Nuwan Kulasekara,5,3,1,0,1,5,3,166.6666667,17,120,5,0,5,3.4,24,1,0,7.058823529
Nuwan Zoysa,11,9,1,0,2,5.5,4.5,122.2222222,11,99,2,0,3,3.666666667,33,0.666666667,0,9
Obed McCoy,8,5,0,1,1,8,5,160,26.5,250,11,0,8,3.3125,31.25,1.375,0,9.433962264
Odean Smith,51,44,1,5,6,8.5,7.333333333,115.9090909,15,178,6,0,6,2.5,29.66666667,1,0,11.86666667
PM Sarvesh Kumar,1,2,0,0,1,1,2,50,5,42,1,0,2,2.5,21,0.5,0,8.4
Paidikalva Vijaykumar,1,1,0,0,2,0.5,0.5,100,25.2,199,4,0,9,2.8,22.11111111,0.444444444,0,7.896825397
Pankaj Singh,7,12,0,0,5,1.4,2.4,58.33333333,50,468,11,1,17,2.941176471,27.52941176,0.647058824,0.058823529,9.36
Pardeep Sahu,19,13,1,1,2,9.5,6.5,146.1538462,17.3,146,3,0,5,3.46,29.2,0.6,0,8.439306358
Parvez Rasool,17,20,1,0,5,3.4,4,85,33,271,4,0,11,3,24.63636364,0.363636364,0,8.212121212
Parvinder Awana,5,14,0,0,7,0.714285714,2,35.71428571,124.3,1029,39,2,33,3.766666667,31.18181818,1.181818182,0.060606061,8.278358809
Pat Cummins,379,249,24,26,31,12.22580645,8.032258065,152.2088353,158.1,1357,45,1,42,3.764285714,32.30952381,1.071428571,0.023809524,8.583175206
Paul Collingwood,203,156,9,13,7,29,22.28571429,130.1282051,14.5,101,5,0,6,2.416666667,16.83333333,0.833333333,0,6.965517241
Paul Valthaty,505,418,60,20,23,21.95652174,18.17391304,120.8133971,25.1,205,7,0,10,2.51,20.5,0.7,0,8.167330677
Pawan Negi,365,289,27,16,35,10.42857143,8.257142857,126.2975779,119.2,939,34,0,42,2.838095238,22.35714286,0.80952381,0,7.877516779
Piyush Chawla,609,548,55,19,86,7.081395349,6.372093023,111.1313869,604.8,4796,179,2,180,3.36,26.64444444,0.994444444,0.011111111,7.92989418
Pradeep Sangwan,26,44,1,0,15,1.733333333,2.933333333,59.09090909,142.4,1240,38,1,42,3.39047619,29.52380952,0.904761905,0.023809524,8.707865169
Pragyan Ojha,16,45,0,0,23,0.695652174,1.956521739,35.55555556,315.5,2332,89,1,90,3.505555556,25.91111111,0.988888889,0.011111111,7.391442155
Prasanth Parameswaran,1,2,0,0,2,0.5,1,50,25.4,224,9,0,8,3.175,28,1.125,0,8.818897638
Prasidh Krishna,9,24,0,0,10,0.9,2.4,37.5,190.1,1703,49,3,51,3.72745098,33.39215686,0.960784314,0.058823529,8.958442925
Praveen Dubey,23,33,2,0,2,11.5,16.5,69.6969697,11,91,1,0,4,2.75,22.75,0.25,0,8.272727273
Praveen Kumar,340,314,22,17,59,5.762711864,5.322033898,108.2802548,419.2,3251,90,14,119,3.522689076,27.31932773,0.756302521,0.117647059,7.755248092
Pravin Tambe,18,39,1,0,6,3,6.5,46.15384615,110,853,28,0,33,3.333333333,25.84848485,0.848484848,0,7.754545455
Prayas Ray Barman,19,24,2,0,1,19,24,79.16666667,4,56,0,0,1,4,56,0,0,14
Prithvi Raj,0,1,0,0,1,0,1,0,5,57,1,0,2,2.5,28.5,0.5,0,11.4
RP Singh,52,76,2,1,30,1.733333333,2.533333333,68.42105263,294.3,2338,90,2,82,3.58902439,28.51219512,1.097560976,0.024390244,7.94427455
Rahul Chahar,108,109,10,4,22,4.909090909,4.954545455,99.08256881,245.4,1862,65,1,68,3.608823529,27.38235294,0.955882353,0.014705882,7.587612062
Rahul Sharma,66,75,5,3,20,3.3,3.75,88,154.4,1086,40,1,44,3.509090909,24.68181818,0.909090909,0.022727273,7.033678756
Rahul Shukla,19,23,2,0,4,4.75,5.75,82.60869565,20,208,5,0,7,2.857142857,29.71428571,0.714285714,0,10.4
Rahul Tewatia,825,623,60,42,56,14.73214286,11.125,132.423756,140.3,1111,32,0,52,2.698076923,21.36538462,0.615384615,0,7.918745545
Rahul Tripathi,2071,1490,205,78,87,23.8045977,17.12643678,138.9932886,1,12,0,0,1,1,12,0,0,12
Raiphi Gomez,50,51,5,1,9,5.555555556,5.666666667,98.03921569,16,129,5,1,9,1.777777778,14.33333333,0.555555556,0.111111111,8.0625
Rajagopal Sathish,270,231,22,6,25,10.8,9.24,116.8831169,23.1,232,3,0,14,1.65,16.57142857,0.214285714,0,10.04329004
Rajat Bhatia,342,284,24,13,49,6.979591837,5.795918367,120.4225352,272,2020,71,1,91,2.989010989,22.1978022,0.78021978,0.010989011,7.426470588
Raju Bhatkal,0,2,0,0,1,0,2,0,2,35,0,0,1,2,35,0,0,17.5
Ramandeep Singh,45,40,3,1,4,11.25,10,112.5,6,54,6,0,3,2,18,2,0,9
Ramesh Powar,67,64,6,1,10,6.7,6.4,104.6875,71,527,13,0,26,2.730769231,20.26923077,0.5,0,7.422535211
Rashid Khan,443,266,28,35,52,8.519230769,5.115384615,166.5413534,432.5,2885,139,4,109,3.967889908,26.46788991,1.275229358,0.036697248,6.670520231
Rasikh Salam,12,10,1,0,2,6,5,120,8,70,0,0,3,2.666666667,23.33333333,0,0,8.75
Ravi Bishnoi,28,44,2,0,12,2.333333333,3.666666667,63.63636364,191.3,1453,53,1,51,3.750980392,28.49019608,1.039215686,0.019607843,7.595399895
Ravi Bopara,531,453,39,16,22,24.13636364,20.59090909,117.218543,34.2,292,11,0,14,2.442857143,20.85714286,0.785714286,0,8.538011696
Ravi Rampaul,51,50,3,2,7,7.285714286,7.142857143,102,43.4,298,14,4,12,3.616666667,24.83333333,1.166666667,0.333333333,6.866359447
Ravichandran Ashwin,714,601,56,24,85,8.4,7.070588235,118.8019967,697,4902,171,4,194,3.592783505,25.26804124,0.881443299,0.020618557,7.032998565
Ravindra Jadeja,2692,2093,193,99,173,15.56069364,12.0982659,128.6192069,589.1,4495,152,2,197,2.99035533,22.81725888,0.771573604,0.010152284,7.630283483
Riley Meredith,0,3,0,0,3,0,1,0,63.6,612,19,0,18,3.533333333,34,1.055555556,0,9.622641509
Ripal Patel,80,73,6,2,7,11.42857143,10.42857143,109.5890411,3,22,0,0,1,3,22,0,0,7.333333333
Rishi Dhawan,210,187,18,7,24,8.75,7.791666667,112.2994652,107.2,856,25,1,35,3.062857143,24.45714286,0.714285714,0.028571429,7.985074627
Riyan Parag,600,484,44,27,44,13.63636364,11,123.9669421,26.1,280,4,0,19,1.373684211,14.73684211,0.210526316,0,10.72796935
Robin Peterson,32,30,3,1,5,6.4,6,106.6666667,8,70,3,0,4,2,17.5,0.75,0,8.75
Roelof van der Merwe,159,141,11,8,15,10.6,9.4,112.7659574,73.5,498,21,1,21,3.5,23.71428571,1,0.047619048,6.775510204
Rohan Gavaskar,2,8,0,0,1,2,8,25,1,8,0,0,1,1,8,0,0,8
Rohan Raje,20,18,1,1,5,4,3.6,111.1111111,22.7,209,6,0,10,2.27,20.9,0.6,0,9.207048458
Rohit Sharma,6211,4776,554,257,238,26.09663866,20.06722689,130.0460637,56.3,453,15,0,32,1.759375,14.15625,0.46875,0,8.046181172
Romario Shepherd,58,42,2,5,4,14.5,10.5,138.0952381,9,98,3,0,3,3,32.66666667,1,0,10.88888889
Ronit More,2,2,0,0,1,2,2,100,5.5,59,1,0,2,2.75,29.5,0.5,0,10.72727273
Ross Taylor,1017,822,66,46,54,18.83333333,15.22222222,123.7226277,2,24,0,0,2,1,12,0,0,12
Rovman Powell,257,176,11,22,15,17.13333333,11.73333333,146.0227273,3,35,1,0,2,1.5,17.5,0.5,0,11.66666667
Rusty Theron,10,12,1,0,4,2.5,3,83.33333333,36,293,9,0,10,3.6,29.3,0.9,0,8.138888889
Ryan Harris,117,112,6,3,21,5.571428571,5.333333333,104.4642857,138.4,1047,45,3,37,3.740540541,28.2972973,1.216216216,0.081081081,7.565028902
Ryan McLaren,159,171,14,1,13,12.23076923,13.15384615,92.98245614,59,542,12,0,18,3.277777778,30.11111111,0.666666667,0,9.186440678
Ryan Ninan,3,6,0,0,1,3,6,50,6,65,3,0,2,3,32.5,1.5,0,10.83333333
Ryan ten Doeschate,326,235,26,15,22,14.81818182,10.68181818,138.7234043,13,94,2,0,10,1.3,9.4,0.2,0,7.230769231
Sachin Baby,144,118,11,5,11,13.09090909,10.72727273,122.0338983,1.4,8,2,0,2,0.7,4,1,0,5.714285714
Sachin Rana,91,81,9,1,8,11.375,10.125,112.345679,2.4,18,0,0,3,0.8,6,0,0,7.5
Sachin Tendulkar,2334,1948,295,29,78,29.92307692,24.97435897,119.8151951,6,58,0,0,4,1.5,14.5,0,0,9.666666667
Sachithra Senanayake,10,17,0,0,4,2.5,4.25,58.82352941,32,209,9,1,8,4,26.125,1.125,0.125,6.53125
Sam Curran,613,428,50,31,36,17.02777778,11.88888889,143.2242991,155.1,1484,42,0,45,3.446666667,32.97777778,0.933333333,0,9.568020632
Samuel Badree,13,23,0,0,5,2.6,4.6,56.52173913,43,319,11,1,12,3.583333333,26.58333333,0.916666667,0.083333333,7.418604651
Sanath Jayasuriya,768,532,84,39,30,25.6,17.73333333,144.3609023,49,390,13,1,21,2.333333333,18.57142857,0.619047619,0.047619048,7.959183673
Sandeep Lamichhane,0,1,0,0,1,0,1,0,35,292,13,0,9,3.888888889,32.44444444,1.444444444,0,8.342857143
Sandeep Sharma,54,70,4,0,27,2,2.592592593,77.14285714,431.4,3398,124,8,116,3.718965517,29.29310345,1.068965517,0.068965517,7.876680575
Sanjay Bangar,49,58,1,3,8,6.125,7.25,84.48275862,25,219,4,0,9,2.777777778,24.33333333,0.444444444,0,8.76
Sanjay Yadav,0,2,0,0,1,0,2,0,2,23,0,0,1,2,23,0,0,11.5
Sarabjit Ladda,0,9,0,0,2,0,4.5,0,23,224,5,0,9,2.555555556,24.88888889,0.555555556,0,9.739130435
Sarfaraz Khan,585,448,63,14,37,15.81081081,12.10810811,130.5803571,0.2,6,0,0,1,0.2,6,0,0,30
Scott Styris,131,133,10,3,10,13.1,13.3,98.4962406,36,276,8,0,11,3.272727273,25.09090909,0.727272727,0,7.666666667
Sean Abbott,22,18,1,2,3,7.333333333,6,122.2222222,9,104,1,0,3,3,34.66666667,0.333333333,0,11.55555556
Shadab Jakati,28,29,3,0,8,3.5,3.625,96.55172414,180.5,1451,47,1,57,3.166666667,25.45614035,0.824561404,0.01754386,8.038781163
Shahbaz Ahmed,321,274,21,12,25,12.84,10.96,117.1532847,62,567,14,0,27,2.296296296,21,0.518518519,0,9.14516129
Shahbaz Nadeem,39,87,2,0,22,1.772727273,3.954545455,44.82758621,235.1,1784,48,2,70,3.358571429,25.48571429,0.685714286,0.028571429,7.588260315
Shahid Afridi,81,46,7,6,9,9,5.111111111,176.0869565,30,225,9,0,10,3,22.5,0.9,0,7.5
Shakib Al Hasan,793,637,73,21,52,15.25,12.25,124.4897959,246.8,1839,63,1,70,3.525714286,26.27142857,0.9,0.014285714,7.451377634
Shalabh Srivastava,5,5,0,0,4,1.25,1.25,100,47,441,14,0,14,3.357142857,31.5,1,0,9.382978723
Shane Bond,1,2,0,0,1,1,2,50,31,224,9,1,8,3.875,28,1.125,0.125,7.225806452
Shane Harwood,9,14,0,0,2,4.5,7,64.28571429,10,73,3,0,3,3.333333333,24.33333333,1,0,7.3
Shane Warne,198,214,14,6,29,6.827586207,7.379310345,92.52336449,199,1447,57,1,54,3.685185185,26.7962963,1.055555556,0.018518519,7.271356784
Shane Watson,3874,2809,376,190,141,27.4751773,19.92198582,137.9138483,336.9,2682,92,3,105,3.208571429,25.54285714,0.876190476,0.028571429,7.960819234
Shardul Thakur,286,204,25,12,34,8.411764706,6,140.1960784,277.6,2560,89,3,83,3.344578313,30.84337349,1.072289157,0.036144578,9.221902017
Shashank Singh,69,47,5,4,5,13.8,9.4,146.8085106,2,20,0,0,2,1,10,0,0,10
Shaun Pollock,147,111,12,8,8,18.375,13.875,132.4324324,46,301,11,1,13,3.538461538,23.15384615,0.846153846,0.076923077,6.543478261
Shaun Tait,23,26,1,1,5,4.6,5.2,88.46153846,78.1,640,23,1,21,3.719047619,30.47619048,1.095238095,0.047619048,8.194622279
Sheldon Cottrell,0,2,0,0,1,0,2,0,20,176,6,1,6,3.333333333,29.33333333,1,0.166666667,8.8
Sherfane Rutherford,106,104,3,8,9,11.77777778,11.55555556,101.9230769,6.5,59,1,0,6,1.083333333,9.833333333,0.166666667,0,9.076923077
Shikhar Dhawan,6617,5203,750,148,216,30.63425926,24.08796296,127.1766289,8,66,4,0,6,1.333333333,11,0.666666667,0,8.25
Shivam Dube,1106,780,58,73,47,23.53191489,16.59574468,141.7948718,17.4,166,4,0,13,1.338461538,12.76923077,0.307692308,0,9.540229885
Shivam Mavi,51,56,4,2,12,4.25,4.666666667,91.07142857,108.1,942,30,2,32,3.378125,29.4375,0.9375,0.0625,8.714153562
Shivam Sharma,5,3,1,0,2,2.5,1.5,166.6666667,19,165,4,0,5,3.8,33,0.8,0,8.684210526
Shivil Kaushik,0,1,0,0,2,0,0.5,0,34,297,6,0,10,3.4,29.7,0.6,0,8.735294118
Shoaib Ahmed,1,6,0,0,3,0.333333333,2,16.66666667,17,152,5,0,7,2.428571429,21.71428571,0.714285714,0,8.941176471
Shoaib Akhtar,2,7,0,0,1,2,7,28.57142857,7,54,5,0,3,2.333333333,18,1.666666667,0,7.714285714
Shoaib Malik,52,47,5,0,5,10.4,9.4,110.6382979,8.3,85,2,0,5,1.66,17,0.4,0,10.24096386
Shreyas Gopal,180,169,19,2,22,8.181818182,7.681818182,106.5088757,158.1,1282,49,1,48,3.29375,26.70833333,1.020833333,0.020833333,8.108791904
Shreyas Iyer,2776,2214,237,99,101,27.48514851,21.92079208,125.3839205,1,7,0,0,1,1,7,0,0,7
Shrikant Wagh,2,3,0,0,2,1,1.5,66.66666667,17,137,5,0,8,2.125,17.125,0.625,0,8.058823529
Siddarth Kaul,20,36,1,0,12,1.666666667,3,55.55555556,200.1,1739,58,3,55,3.638181818,31.61818182,1.054545455,0.054545455,8.690654673
Siddharth Chitnis,99,89,10,2,8,12.375,11.125,111.2359551,6,60,2,0,2,3,30,1,0,10
Siddharth Trivedi,42,59,3,1,15,2.8,3.933333333,71.18644068,249.8,1904,65,2,75,3.330666667,25.38666667,0.866666667,0.026666667,7.622097678
Sikandar Raza,139,98,10,6,7,19.85714286,14,141.8367347,12,119,3,0,6,2,19.83333333,0.5,0,9.916666667
Simarjeet Singh,7,8,0,0,3,2.333333333,2.666666667,87.5,18,138,4,0,6,3,23,0.666666667,0,7.666666667
Sohail Tanvir,36,29,3,1,5,7.2,5.8,124.137931,41.1,266,22,0,11,3.736363636,24.18181818,2,0,6.472019465
Sourav Ganguly,1349,1263,137,42,56,24.08928571,22.55357143,106.8091845,46,363,10,0,20,2.3,18.15,0.5,0,7.891304348
Sreenath Aravind,59,57,7,0,12,4.916666667,4.75,103.5087719,126.4,1039,45,0,38,3.326315789,27.34210526,1.184210526,0,8.219936709
Sreesanth,34,55,6,0,14,2.428571429,3.928571429,61.81818182,146,1194,40,4,44,3.318181818,27.13636364,0.909090909,0.090909091,8.178082192
Sridharan Sriram,31,36,3,0,2,15.5,18,86.11111111,3,49,0,0,2,1.5,24.5,0,0,16.33333333
Steven Smith,2485,1940,225,60,93,26.72043011,20.86021505,128.0927835,0.2,5,0,0,1,0.2,5,0,0,25
Stuart Binny,880,683,66,35,68,12.94117647,10.04411765,128.8433382,99,758,22,0,63,1.571428571,12.03174603,0.349206349,0,7.656565657
Sudeep Tyagi,3,4,0,0,3,1,1.333333333,75,34.5,295,6,0,14,2.464285714,21.07142857,0.428571429,0,8.550724638
Sumit Narwal,37,27,6,0,4,9.25,6.75,137.037037,17.4,202,5,0,6,2.9,33.66666667,0.833333333,0,11.6091954
Sunil Joshi,6,14,0,0,2,3,7,42.85714286,9.1,82,1,0,4,2.275,20.5,0.25,0,9.010989011
Sunil Narine,1046,655,114,64,96,10.89583333,6.822916667,159.6946565,623.7,4203,163,3,161,3.873913043,26.10559006,1.01242236,0.01863354,6.738816739
Sunny Gupta,0,1,0,0,1,0,1,0,3,47,0,0,1,3,47,0,0,15.66666667
Suraj Randiv,2,4,0,0,1,2,4,50,29,223,6,0,8,3.625,27.875,0.75,0,7.689655172
Suresh Raina,5528,4043,506,203,200,27.64,20.215,136.7301509,150,1118,25,0,69,2.173913043,16.20289855,0.362318841,0,7.453333333
Suryakumar Yadav,3249,2267,349,112,124,26.2016129,18.28225806,143.3171592,1,8,0,0,1,1,8,0,0,8
Swapnil Singh,14,24,0,0,4,3.5,6,58.33333333,12,108,1,0,7,1.714285714,15.42857143,0.142857143,0,9
T Natarajan,3,5,0,0,4,0.75,1.25,60,170.9,1504,48,1,47,3.636170213,32,1.021276596,0.021276596,8.80046811
TP Sudhindra,0,0,0,0,1,0,0,101.5440946,11.4,136,1,0,3,3.8,45.33333333,0.333333333,0,11.92982456
Tabraiz Shamsi,2,4,0,0,1,2,4,50,20,181,3,0,5,4,36.2,0.6,0,9.05
Thilan Thushara,12,18,0,0,4,3,4.5,66.66666667,22.3,161,8,0,6,3.716666667,26.83333333,1.333333333,0,7.219730942
Thisara Perera,422,307,23,26,30,14.06666667,10.23333333,137.4592834,115.4,1016,31,0,36,3.205555556,28.22222222,0.861111111,0,8.804159445
Tilak Varma,740,512,55,39,25,29.6,20.48,144.53125,3,20,0,0,3,1,6.666666667,0,0,6.666666667
Tillakaratne Dilshan,1153,1007,140,24,50,23.06,20.14,114.4985104,45.1,366,5,0,25,1.804,14.64,0.2,0,8.115299335
Tim Southee,120,107,8,4,20,6,5.35,112.1495327,201,1742,47,2,54,3.722222222,32.25925926,0.87037037,0.037037037,8.666666667
Tirumalasetti Suman,676,575,55,26,40,16.9,14.375,117.5652174,25,197,6,0,11,2.272727273,17.90909091,0.545454545,0,7.88
Tom Curran,127,107,10,3,10,12.7,10.7,118.6915888,39,430,13,0,13,3,33.07692308,1,0,11.02564103
Travis Head,205,148,12,8,10,20.5,14.8,138.5135135,7.6,81,2,0,5,1.52,16.2,0.4,0,10.65789474
Trent Boult,69,62,3,3,22,3.136363636,2.818181818,111.2903226,334.5,2787,105,11,88,3.801136364,31.67045455,1.193181818,0.125,8.331838565
Tristan Stubbs,27,35,2,0,4,6.75,8.75,77.14285714,2,14,1,0,1,2,14,1,0,7
Tushar Deshpande,21,13,2,1,3,7,4.333333333,161.5384615,80.5,819,25,0,23,3.5,35.60869565,1.086956522,0,10.17391304
Tymal Mills,8,14,0,1,5,1.6,2.8,57.14285714,34.5,343,11,0,10,3.45,34.3,1.1,0,9.942028986
Tyron Henderson,11,16,0,1,2,5.5,8,68.75,6,40,1,0,2,3,20,0.5,0,6.666666667
Umar Gul,39,19,1,5,4,9.75,4.75,205.2631579,22.3,184,12,1,6,3.716666667,30.66666667,2,0.166666667,8.251121076
Umesh Yadav,196,186,16,8,50,3.92,3.72,105.3763441,486.4,4107,136,5,140,3.474285714,29.33571429,0.971428571,0.035714286,8.443667763
Umran Malik,23,16,1,2,6,3.833333333,2.666666667,143.75,81.1,757,29,1,25,3.244,30.28,1.16,0.04,9.334155364
Vaibhav Arora,8,15,0,0,6,1.333333333,2.5,53.33333333,33.5,310,8,0,10,3.35,31,0.8,0,9.253731343
Varun Aaron,50,72,2,2,13,3.846153846,5.538461538,69.44444444,164.2,1481,44,2,50,3.284,29.62,0.88,0.04,9.019488429
Varun Chakravarthy,25,46,2,0,12,2.083333333,3.833333333,54.34782609,214.4,1600,62,1,56,3.828571429,28.57142857,1.107142857,0.017857143,7.462686567
Veer Pratap Singh,0,1,0,0,1,0,1,0,34,296,10,0,9,3.777777778,32.88888889,1.111111111,0,8.705882353
Venkatesh Iyer,956,734,86,42,36,26.55555556,20.38888889,130.2452316,12.3,115,3,0,8,1.5375,14.375,0.375,0,9.349593496
Venugopal Rao,985,836,77,37,54,18.24074074,15.48148148,117.8229665,36,337,6,0,20,1.8,16.85,0.3,0,9.361111111
Vidyut Sivaramakrishnan,145,109,21,3,8,18.125,13.625,133.0275229,2,22,1,0,1,2,22,1,0,11
Vijay Shankar,1032,787,73,43,53,19.47169811,14.8490566,131.1308767,39,344,9,0,22,1.772727273,15.63636364,0.409090909,0,8.820512821
Vijaykumar Vyshak,13,9,0,1,2,6.5,4.5,144.4444444,24,253,9,0,7,3.428571429,36.14285714,1.285714286,0,10.54166667
Vikram Singh,4,3,1,0,2,2,1.5,133.3333333,60,542,12,0,18,3.333333333,30.11111111,0.666666667,0,9.033333333
Vikramjeet Malik,7,7,1,0,2,3.5,3.5,100,34.1,261,6,0,13,2.623076923,20.07692308,0.461538462,0,7.653958944
Vikrant Yeligati,2,2,0,0,1,2,2,100,5,59,0,0,2,2.5,29.5,0,0,11.8
Vinay Kumar,310,274,21,9,46,6.739130435,5.956521739,113.1386861,351.3,2966,105,1,104,3.377884615,28.51923077,1.009615385,0.009615385,8.442926274
Virat Kohli,7263,5586,643,234,229,31.71615721,24.3930131,130.0214823,41.1,368,4,0,26,1.580769231,14.15384615,0.153846154,0,8.95377129
Virender Sehwag,2728,1755,334,106,104,26.23076923,16.875,155.4415954,22.4,235,6,0,15,1.493333333,15.66666667,0.4,0,10.49107143
Vivrant Sharma,69,47,9,2,1,69,47,146.8085106,3,37,0,0,2,1.5,18.5,0,0,12.33333333
Wanindu Hasaranga,33,28,3,0,5,6.6,5.6,117.8571429,29,258,9,0,8,3.625,32.25,1.125,0,8.896551724
Wanindu Hasaranga de Silva,39,45,4,1,9,4.333333333,5,86.66666667,63,490,26,1,18,3.5,27.22222222,1.444444444,0.055555556,7.777777778
Washington Sundar,378,324,32,9,38,9.947368421,8.526315789,116.6666667,170.4,1252,36,1,56,3.042857143,22.35714286,0.642857143,0.017857143,7.34741784
Wayne Parnell,65,80,4,1,14,4.642857143,5.714285714,81.25,119.5,937,35,1,33,3.621212121,28.39393939,1.060606061,0.03030303,7.841004184
Wilkin Mota,56,75,2,0,8,7,9.375,74.66666667,12,97,4,0,7,1.714285714,13.85714286,0.571428571,0,8.083333333
Yash Dayal,0,1,0,0,1,0,1,0,46,461,13,0,14,3.285714286,32.92857143,0.928571429,0,10.02173913
Yashasvi Jaiswal,1172,788,144,48,37,31.67567568,21.2972973,148.7309645,0.1,6,0,0,1,0.1,6,0,0,60
Yo Mahesh,15,27,0,0,5,3,5.4,55.55555556,56.3,499,21,0,17,3.311764706,29.35294118,1.235294118,0,8.863232682
Yogesh Nagar,285,259,20,9,20,14.25,12.95,110.03861,11,125,4,0,8,1.375,15.625,0.5,0,11.36363636
Yudhvir Singh,1,2,0,0,2,0.5,1,50,8,70,3,0,3,2.666666667,23.33333333,1,0,8.75
Yusuf Abdulla,0,1,0,0,1,0,1,0,34.5,307,15,1,11,3.136363636,27.90909091,1.363636364,0.090909091,8.898550725
Yusuf Pathan,3204,2241,262,158,154,20.80519481,14.55194805,142.9718876,190.7,1415,42,1,82,2.325609756,17.25609756,0.512195122,0.012195122,7.420031463
Yuvraj Singh,2750,2120,217,149,126,21.82539683,16.82539683,129.7169811,144.5,1077,36,0,73,1.979452055,14.75342466,0.493150685,0,7.453287197
Yuzvendra Chahal,37,86,0,0,20,1.85,4.3,43.02325581,527.7,4056,187,4,144,3.664583333,28.16666667,1.298611111,0.027777778,7.686185333
Zaheer Khan,117,141,11,2,32,3.65625,4.40625,82.9787234,365.6,2782,102,5,99,3.692929293,28.1010101,1.03030303,0.050505051,7.60940919