,TO,RG,WT,Avg,Sr,Eco,5W,3W
Mohammed Shami,403.40000000000003,3412,127,26.866141732283463,19.058267716535433,8.458106098165592,0,13
Hardik Pandya,199.4,1763,53,33.264150943396224,22.57358490566038,8.841524573721163,0,4
Josh Little,34.0,294,7,42.0,29.142857142857142,8.647058823529411,0,0
Rashid Khan,432.5,2885,139,20.755395683453237,18.66906474820144,6.670520231213873,0,16
Alzarri Joseph,62.4,576,20,28.8,18.72,9.230769230769232,1,1
Yash Dayal,46.0,461,13,35.46153846153846,21.23076923076923,10.021739130434783,0,1
Deepak Chahar,254.4,2019,72,28.041666666666668,21.200000000000003,7.936320754716981,0,7
Tushar Deshpande,80.5,819,25,32.76,19.32,10.173913043478262,0,2
Rajvardhan Hangargekar,6.0,60,3,20.0,12.0,10.0,0,1
Mitchell Santner,52.0,358,13,27.53846153846154,24.0,6.884615384615385,0,0
Ravindra Jadeja,589.1,4495,152,29.57236842105263,23.253947368421056,7.6302834832795785,1,15
Umesh Yadav,486.4,4107,136,30.198529411764707,21.458823529411763,8.443667763157896,0,16
Tim Southee,201.0,1742,47,37.06382978723404,25.659574468085108,8.666666666666666,0,4
Sunil Narine,623.6999999999999,4203,163,25.78527607361963,22.958282208588955,6.738816738816739,1,15
Varun Chakravarthy,214.4,1600,62,25.806451612903224,20.748387096774195,7.462686567164179,1,5
Shardul Thakur,277.6,2560,89,28.764044943820224,18.714606741573036,9.221902017291066,0,7
Sam Curran,155.1,1484,42,35.333333333333336,22.157142857142855,9.56802063185042,0,6
Arshdeep Singh,175.8,1547,57,27.140350877192983,18.50526315789474,8.799772468714448,1,7
Nathan Ellis,55.0,484,17,28.470588235294116,19.41176470588235,8.8,0,2
Sikandar Raza,12.0,119,3,39.666666666666664,24.0,9.916666666666666,0,0
Rishi Dhawan,107.2,856,25,34.24,25.728,7.985074626865671,0,0
Rahul Chahar,245.4,1862,65,28.646153846153847,22.652307692307694,7.58761206193969,0,5
Harpreet Brar,75.1,592,18,32.888888888888886,25.03333333333333,7.882822902796272,0,3
Khaleel Ahmed,161.6,1402,57,24.596491228070175,17.010526315789473,8.675742574257425,0,8
Mukesh Kumar,31.0,326,7,46.57142857142857,26.571428571428573,10.516129032258064,0,0
Chetan Sakariya,71.0,599,20,29.95,21.3,8.43661971830986,0,2
Axar Patel,471.5,3421,112,30.544642857142858,25.258928571428573,7.255567338282079,0,4
Kuldeep Yadav,247.6,2016,71,28.3943661971831,20.92394366197183,8.1421647819063,0,6
Kyle Mayers,7.0,59,0,0.0,0.0,8.428571428571429,0,0
Jaydev Unadkat,322.8,2870,91,31.53846153846154,21.283516483516486,8.8909541511772,2,7
Krishnappa Gowtham,96.0,779,21,37.095238095238095,27.428571428571427,8.114583333333334,0,0
Avesh Khan,167.4,1448,55,26.327272727272728,18.26181818181818,8.649940262843488,0,8
Mark Wood,20.0,179,11,16.272727272727273,10.909090909090908,8.95,1,2
Ravi Bishnoi,191.3,1453,53,27.41509433962264,21.65660377358491,7.595399895452169,0,4
Bhuvneshwar Kumar,592.8,4396,170,25.858823529411765,20.92235294117647,7.41565452091768,2,14
Fazalhaq Farooqi,25.2,227,6,37.833333333333336,25.2,9.007936507936508,0,0
Washington Sundar,170.4,1252,36,34.77777777777778,28.400000000000002,7.347417840375587,0,3
T Natarajan,170.9,1504,48,31.333333333333332,21.3625,8.800468110005852,0,2
Adil Rashid,10.0,91,2,45.5,30.0,9.1,0,0
Umran Malik,81.1,757,29,26.103448275862068,16.779310344827586,9.33415536374846,1,4
Trent Boult,334.5,2787,105,26.542857142857144,19.114285714285714,8.331838565022421,0,7
KM Asif,22.1,231,7,33.0,18.942857142857147,10.452488687782806,0,0
Jason Holder,165.1,1461,53,27.566037735849058,18.69056603773585,8.849182313749242,0,8
Ravichandran Ashwin,697.0,4902,171,28.666666666666668,24.45614035087719,7.032998565279771,0,8
Yuzvendra Chahal,527.7,4056,187,21.689839572192515,16.93155080213904,7.686185332575326,1,19
Navdeep Saini,109.4,974,23,42.34782608695652,28.539130434782614,8.90310786106033,0,1
Mohammed Siraj,271.79999999999995,2326,78,29.82051282051282,20.907692307692304,8.55776306107432,0,6
Reece Topley,2.0,14,1,14.0,12.0,7.0,0,0
Akash Deep,23.5,264,6,44.0,23.5,11.23404255319149,0,1
Harshal Patel,309.5,2672,111,24.07207207207207,16.72972972972973,8.633279483037157,1,11
Karn Sharma,223.1,1833,69,26.565217391304348,19.4,8.216046615867324,0,4
Michael Bracewell,11.0,95,6,15.833333333333334,11.0,8.636363636363637,0,0
Glenn Maxwell,140.8,1174,31,37.87096774193548,27.25161290322581,8.338068181818182,0,0
Jason Behrendorff,61.0,552,19,29.05263157894737,19.263157894736842,9.049180327868852,0,2
Arshad Khan,13.700000000000001,190,5,38.0,16.44,13.86861313868613,0,1
Jofra Archer,156.9,1171,48,24.395833333333332,19.6125,7.463352453792224,0,6
Piyush Chawla,604.8,4796,179,26.793296089385475,20.27262569832402,7.92989417989418,0,13
Cameron Green,38.0,361,6,60.166666666666664,38.0,9.5,0,0
Hrithik Shokeen,34.0,314,5,62.8,40.8,9.235294117647058,0,0
Krunal Pandya,320.4,2351,70,33.58571428571429,27.462857142857143,7.3377028714107375,0,6
Yash Thakur,31.5,289,13,22.23076923076923,14.538461538461538,9.174603174603174,0,2
Ben Stokes,114.5,992,28,35.42857142857143,24.535714285714285,8.663755458515285,0,3
Moeen Ali,117.8,822,33,24.90909090909091,21.418181818181818,6.977928692699491,0,3
Anrich Nortje,153.0,1280,53,24.150943396226417,17.32075471698113,8.366013071895425,0,3
Mitchell Marsh,84.8,692,36,19.22222222222222,14.133333333333333,8.160377358490566,0,3
David Willey,36.0,272,6,45.333333333333336,36.0,7.555555555555555,0,0
Shahbaz Ahmed,62.0,567,14,40.5,26.571428571428573,9.14516129032258,0,1
Suyash Sharma,39.0,321,10,32.1,23.4,8.23076923076923,0,1
Deepak Hooda,59.1,509,10,50.9,35.46,8.612521150592217,0,0
Amit Mishra,559.1,4125,173,23.84393063583815,19.390751445086707,7.377928814165623,1,17
Aiden Markram,18.1,157,2,78.5,54.300000000000004,8.67403314917127,0,0
Rovman Powell,3.0,35,1,35.0,18.0,11.666666666666666,0,0
Sandeep Sharma,431.40000000000003,3398,124,27.403225806451612,20.874193548387098,7.876680574872507,0,11
Murugan Ashwin,144.60000000000002,1162,35,33.2,24.788571428571434,8.035961272475793,0,2
Sisanda Magala,6.0,51,1,51.0,36.0,8.5,0,0
Dwaine Pretorius,25.0,238,6,39.666666666666664,25.0,9.52,0,0
Kumar Kartikeya,39.0,329,10,32.9,23.4,8.435897435897436,0,0
Lockie Ferguson,134.3,1171,37,31.64864864864865,21.77837837837838,8.7192851824274,0,4
Marco Jansen,65.0,586,19,30.842105263157894,20.526315789473685,9.015384615384615,0,1
Mayank Markande,98.0,810,29,27.93103448275862,20.275862068965516,8.26530612244898,0,3
Mohit Rathee,2.0,29,0,0.0,0.0,14.5,0,0
Wayne Parnell,119.5,937,35,26.771428571428572,20.485714285714284,7.841004184100418,0,4
Riley Meredith,63.6,612,19,32.21052631578947,20.08421052631579,9.622641509433961,0,0
Tilak Varma,3.0,20,0,0.0,0.0,6.666666666666667,0,0
Mustafizur Rahman,180.4,1444,47,30.72340425531915,23.029787234042555,8.004434589800443,0,5
Lalit Yadav,45.0,369,10,36.9,27.0,8.2,0,0
Akash Singh,23.0,227,5,45.4,27.6,9.869565217391305,0,0
Maheesh Theekshana,84.0,653,23,28.391304347826086,21.91304347826087,7.773809523809524,0,2
Kuldeep Sen,27.700000000000003,265,8,33.125,20.775000000000002,9.566787003610107,0,1
Adam Zampa,69.5,558,29,19.24137931034483,14.379310344827585,8.028776978417266,1,3
Mohit Sharma,334.29999999999995,2831,119,23.789915966386555,16.855462184873947,8.468441519593181,1,14
Kagiso Rabada,259.8,2198,106,20.735849056603772,14.705660377358493,8.460354118552733,0,11
Matthew Short,4.0,25,0,0.0,0.0,6.25,0,0
Andre Russell,252.1,2351,96,24.489583333333332,15.75625,9.325664418881397,1,11
Vijaykumar Vyshak,24.0,253,9,28.11111111111111,16.0,10.541666666666666,0,1
Wanindu Hasaranga,29.0,258,9,28.666666666666668,19.333333333333332,8.89655172413793,0,0
Yudhvir Singh,8.0,70,3,23.333333333333332,16.0,8.75,0,0
Arjun Tendulkar,9.5,92,3,30.666666666666668,19.0,9.68421052631579,0,0
Duan Jansen,4.0,53,1,53.0,24.0,13.25,0,0
Noor Ahmad,46.7,369,16,23.0625,17.512500000000003,7.901498929336188,0,1
Matheesha Pathirana,52.7,423,21,20.142857142857142,15.057142857142859,8.026565464895635,0,2
Naveen-ul-Haq,28.0,219,11,19.90909090909091,15.272727272727273,7.821428571428571,0,3
Marcus Stoinis,118.7,1148,39,29.435897435897434,18.261538461538464,9.671440606571188,0,4
Liam Livingstone,30.6,309,8,38.625,22.950000000000003,10.098039215686274,0,1
Ishant Sharma,357.09999999999997,2907,82,35.451219512195124,26.129268292682926,8.140576869224308,1,3
Kulwant Khejroliya,19.7,217,5,43.4,23.639999999999997,11.01522842639594,0,0
Anukul Roy,17.0,131,5,26.2,20.4,7.705882352941177,0,0
Nitish Rana,29.6,252,10,25.2,17.76,8.513513513513512,0,0
Mayank Dagar,11.0,83,1,83.0,66.0,7.545454545454546,0,0
Jayant Yadav,65.0,445,8,55.625,48.75,6.846153846153846,0,0
Rahul Tewatia,140.3,1111,32,34.71875,26.306250000000002,7.9187455452601565,0,4
David Wiese,49.2,440,16,27.5,18.450000000000003,8.94308943089431,0,1
Vaibhav Arora,33.5,310,8,38.75,25.125,9.253731343283581,0,0
Kuldip Yadav,9.0,84,2,42.0,27.0,9.333333333333334,0,0
Gurnoor Brar,3.0,42,0,0.0,0.0,14.0,0,0
Ayush Badoni,2.1,11,2,5.5,6.300000000000001,5.238095238095238,0,0
Harshit Rana,22.0,198,6,33.0,22.0,9.0,0,0
Akeal Hosein,4.0,40,1,40.0,24.0,10.0,0,0
Abhishek Sharma,38.0,338,9,37.55555555555556,25.333333333333332,8.894736842105264,0,0
Josh Hazlewood,100.3,810,35,23.142857142857142,17.194285714285712,8.075772681954138,0,4
Mahipal Lomror,14.0,109,1,109.0,84.0,7.785714285714286,0,0
Akash Madhwal,25.3,219,14,15.642857142857142,10.842857142857143,8.656126482213438,1,3
Kartik Tyagi,65.80000000000001,662,15,44.13333333333333,26.320000000000004,10.06079027355623,0,0
Raghav Goyal,4.0,33,0,0.0,0.0,8.25,0,0
Tristan Stubbs,2.0,14,1,14.0,12.0,7.0,0,0
Mohsin Khan,43.0,304,17,17.88235294117647,15.176470588235293,7.069767441860465,0,3
Swapnil Singh,12.0,108,1,108.0,72.0,9.0,0,0
Vivrant Sharma,3.0,37,0,0.0,0.0,12.333333333333334,0,0
Obed McCoy,26.5,250,11,22.727272727272727,14.454545454545455,9.433962264150944,0,1
Chris Jordan,110.8,1070,30,35.666666666666664,22.16,9.657039711191336,0,3
Joe Root,2.0,14,0,0.0,0.0,7.0,0,0
Glenn Phillips,5.0,40,2,20.0,15.0,8.0,0,0
Praveen Dubey,11.0,91,1,91.0,66.0,8.272727272727273,0,0
Nitish Kumar Reddy,5.0,54,0,0.0,0.0,10.8,0,0
Himanshu Sharma,3.0,28,0,0.0,0.0,9.333333333333334,0,0
Darshan Nalkande,9.1,103,3,34.333333333333336,18.2,11.31868131868132,0,0
Shivam Mavi,108.1,942,30,31.4,21.619999999999997,8.714153561517115,0,1
Adam Milne,34.3,327,7,46.714285714285715,29.4,9.533527696793003,0,0
Dwayne Bravo,517.0999999999999,4360,183,23.825136612021858,16.954098360655735,8.431637981048155,0,16
Shivam Dube,17.4,166,4,41.5,26.099999999999998,9.540229885057473,0,0
Kamlesh Nagarkoti,30.0,285,5,57.0,36.0,9.5,0,0
Daniel Sams,60.0,523,14,37.357142857142854,25.714285714285715,8.716666666666667,0,2
Jasprit Bumrah,456.2,3379,145,23.30344827586207,18.877241379310345,7.406839105655415,1,19
Basil Thampi,86.10000000000001,846,22,38.45454545454545,23.481818181818184,9.825783972125434,0,2
Tymal Mills,34.5,343,11,31.181818181818183,18.818181818181817,9.942028985507246,0,1
Odean Smith,15.0,178,6,29.666666666666668,15.0,11.866666666666667,0,1
Wanindu Hasaranga de Silva,63.0,490,26,18.846153846153847,14.538461538461538,7.777777777777778,1,2
Varun Aaron,164.2,1481,44,33.65909090909091,22.39090909090909,9.019488428745433,0,1
Dushmantha Chameera,44.0,384,9,42.666666666666664,29.333333333333332,8.727272727272727,0,0
Romario Shepherd,9.0,98,3,32.666666666666664,18.0,10.88888888888889,0,0
Prasidh Krishna,190.09999999999997,1703,49,34.755102040816325,23.27755102040816,8.958442924776435,0,5
Nathan Coulter-Nile,142.5,1100,48,22.916666666666668,17.8125,7.719298245614035,0,7
Riyan Parag,26.1,280,4,70.0,39.150000000000006,10.727969348659004,0,0
Venkatesh Iyer,12.3,115,3,38.333333333333336,24.600000000000005,9.34959349593496,0,0
Andrew Tye,114.0,979,42,23.30952380952381,16.285714285714285,8.587719298245615,1,5
Mukesh Choudhary,45.3,424,16,26.5,16.987499999999997,9.359823399558499,0,3
Kieron Pollard,246.4,2180,69,31.594202898550726,21.42608695652174,8.847402597402597,0,3
Vijay Shankar,39.0,344,9,38.22222222222222,26.0,8.820512820512821,0,0
Abdul Samad,9.0,113,2,56.5,27.0,12.555555555555555,0,0
Yashasvi Jaiswal,0.1,6,0,0.0,0.0,60.0,0,0
Rasikh Salam,8.0,70,0,0.0,0.0,8.75,0,0
Pat Cummins,158.1,1357,45,30.155555555555555,21.08,8.583175205566098,0,4
Dewald Brevis,0.3,8,1,8.0,1.7999999999999998,26.666666666666668,0,0
James Neesham,36.0,334,8,41.75,27.0,9.277777777777779,0,1
Shashank Singh,2.0,20,0,0.0,0.0,10.0,0,0
Jagadeesha Suchith,70.0,602,19,31.68421052631579,22.105263157894736,8.6,0,0
Aman Hakim Khan,1.0,13,0,0.0,0.0,13.0,0,0
Fabian Allen,15.0,136,2,68.0,45.0,9.066666666666666,0,0
Daryl Mitchell,2.0,27,0,0.0,0.0,13.5,0,0
Shreyas Iyer,1.0,7,0,0.0,0.0,7.0,0,0
Pradeep Sangwan,142.4,1240,38,32.63157894736842,22.484210526315792,8.707865168539325,0,3
Simarjeet Singh,18.0,138,4,34.5,27.0,7.666666666666667,0,0
Sean Abbott,9.0,104,1,104.0,54.0,11.555555555555555,0,0
Shreyas Gopal,158.1,1282,49,26.163265306122447,19.359183673469385,8.108791903858318,0,5
Ravisrinivasan Sai Kishore,16.0,121,6,20.166666666666668,16.0,7.5625,0,0
Ramandeep Singh,6.0,54,6,9.0,6.0,9.0,0,1
Prashant Solanki,6.0,38,2,19.0,18.0,6.333333333333333,0,0
Sanjay Yadav,2.0,23,0,0.0,0.0,11.5,0,0
Siddarth Kaul,200.1,1739,58,29.982758620689655,20.7,8.690654672663669,0,4
Shakib Al Hasan,246.79999999999998,1839,63,29.19047619047619,23.504761904761903,7.451377633711508,0,2
George Garton,15.0,135,3,45.0,30.0,9.0,0,0
Dan Christian,16.4,155,4,38.75,24.599999999999998,9.451219512195122,0,0
Tom Curran,39.00000000000001,430,13,33.07692307692308,18.000000000000004,11.025641025641024,0,1
Ripal Patel,3.0,22,0,0.0,0.0,7.333333333333333,0,0
Mohammad Nabi,56.7,408,13,31.384615384615383,26.169230769230772,7.195767195767195,0,1
Chris Morris,286.4,2295,95,24.157894736842106,18.088421052631578,8.013268156424582,0,12
Moises Henriques,157.79999999999998,1289,42,30.69047619047619,22.54285714285714,8.168567807351078,0,2
Sandeep Warrier,17.0,134,2,67.0,51.0,7.882352941176471,0,0
Kyle Jamieson,28.0,269,9,29.88888888888889,18.666666666666668,9.607142857142858,0,1
Tabraiz Shamsi,20.0,181,3,60.333333333333336,40.0,9.05,0,0
Rohit Sharma,56.3,453,15,30.2,22.519999999999996,8.046181172291297,0,2
Ishan Porel,4.0,39,1,39.0,24.0,9.75,0,0
Dhawal Kulkarni,296.29999999999995,2474,86,28.767441860465116,20.67209302325581,8.349645629429633,0,7
Lungi Ngidi,54.0,448,25,17.92,12.96,8.296296296296296,0,4
Imran Tahir,218.40000000000003,1703,82,20.76829268292683,15.98048780487805,7.797619047619047,0,12
Kane Richardson,55.5,472,19,24.842105263157894,17.526315789473685,8.504504504504505,0,1
Chris Woakes,73.2,658,30,21.933333333333334,14.640000000000002,8.989071038251366,0,3
Lukman Meriwala,3.0,32,1,32.0,18.0,10.666666666666666,0,0
Jalaj Saxena,3.0,27,0,0.0,0.0,9.0,0,0
Jhye Richardson,11.0,117,3,39.0,22.0,10.636363636363637,0,0
Harbhajan Singh,568.8,4030,150,26.866666666666667,22.752,7.085091420534459,1,11
Mujeeb Ur Rahman,72.2,592,19,31.157894736842106,22.8,8.199445983379501,0,1
Shahbaz Nadeem,235.10000000000002,1784,48,37.166666666666664,29.387500000000003,7.588260314759676,0,1
James Pattinson,35.3,320,11,29.09090909090909,19.254545454545454,9.06515580736544,0,0
Sheldon Cottrell,20.0,176,6,29.333333333333332,20.0,8.8,0,0
Dale Steyn,361.6,2508,97,25.855670103092784,22.367010309278353,6.935840707964601,0,8
Ankit Rajpoot,88.1,814,24,33.916666666666664,22.024999999999995,9.23950056753689,1,2
Isuru Udana,29.0,282,8,35.25,21.75,9.724137931034482,0,0
Kane Williamson,3.0,31,0,0.0,0.0,10.333333333333334,0,0
Chris Green,2.5,24,0,0.0,0.0,9.6,0,0
Monu Kumar,2.0,20,0,0.0,0.0,10.0,0,0
David Warner,0.1,2,0,0.0,0.0,20.0,0,0
Chris Gayle,91.4,729,18,40.5,30.466666666666672,7.975929978118161,0,1
Suresh Raina,150.0,1118,25,44.72,36.0,7.453333333333333,0,0
Mitchell McClenaghan,211.8,1803,71,25.3943661971831,17.898591549295777,8.512747875354107,0,8
Ben Cutting,46.5,429,10,42.9,27.9,9.225806451612904,0,0
Keemo Paul,27.1,237,9,26.333333333333332,18.06666666666667,8.745387453874539,0,2
Hardus Viljoen,23.0,222,7,31.714285714285715,19.714285714285715,9.652173913043478,0,0
Mandeep Singh,2.0,26,0,0.0,0.0,13.0,0,0
Colin de Grandhomme,35.599999999999994,319,6,53.166666666666664,35.599999999999994,8.960674157303373,0,1
Lasith Malinga,468.2999999999999,3366,170,19.8,16.528235294117643,7.187700192184499,1,19
Sandeep Lamichhane,35.0,292,13,22.46153846153846,16.153846153846153,8.342857142857143,0,2
Prayas Ray Barman,4.0,56,0,0.0,0.0,14.0,0,0
Hanuma Vihari,7.0,47,1,47.0,42.0,6.714285714285714,0,0
Stuart Binny,99.0,758,22,34.45454545454545,27.0,7.656565656565657,0,0
Pawan Negi,119.2,939,34,27.61764705882353,21.03529411764706,7.87751677852349,0,2
Scott Kuggeleijn,8.0,71,2,35.5,24.0,8.875,0,0
Yusuf Pathan,190.7,1415,42,33.69047619047619,27.24285714285714,7.420031463030939,0,3
Harry Gurney,27.0,238,7,34.0,23.142857142857142,8.814814814814815,0,0
Sudhesan Midhun,2.0,27,0,0.0,0.0,13.5,0,0
Carlos Brathwaite,41.800000000000004,379,13,29.153846153846153,19.292307692307695,9.066985645933013,0,1
Sarfaraz Khan,0.2,6,0,0.0,0.0,30.0,0,0
Ish Sodhi,30.1,202,9,22.444444444444443,20.06666666666667,6.710963455149502,0,1
Sherfane Rutherford,6.5,59,1,59.0,39.0,9.076923076923077,0,0
Prithvi Raj,5.0,57,1,57.0,30.0,11.4,0,0
KC Cariappa,36.0,348,8,43.5,27.0,9.666666666666666,0,0
Oshane Thomas,10.0,79,5,15.8,12.0,7.9,0,0
Barinder Sran,80.3,757,18,42.05555555555556,26.766666666666666,9.427148194271481,0,1
Shane Watson,336.90000000000003,2682,92,29.152173913043477,21.971739130434784,7.960819234194122,0,8
Daniel Christian,129.9,1037,34,30.5,22.923529411764708,7.983063895304079,0,0
Vinay Kumar,351.29999999999995,2966,105,28.247619047619047,20.07428571428571,8.442926273840024,0,10
Mitchell Johnson,204.8,1702,61,27.901639344262296,20.14426229508197,8.310546875,0,3
Billy Stanlake,24.0,200,7,28.571428571428573,20.571428571428573,8.333333333333334,0,0
Ben Laughlin,27.5,282,10,28.2,16.5,10.254545454545454,0,0
D'Arcy Short,3.0,19,1,19.0,18.0,6.333333333333333,0,0
Akila Dananjaya,4.0,47,0,0.0,0.0,11.75,0,0
Yuvraj Singh,144.5,1077,36,29.916666666666668,24.083333333333332,7.453287197231834,0,4
Corey Anderson,48.9,518,11,47.09090909090909,26.672727272727272,10.593047034764826,0,0
Liam Plunkett,25.0,225,4,56.25,37.5,9.0,0,1
Manoj Tiwary,7.0,83,1,83.0,42.0,11.857142857142858,0,0
Jean-Paul Duminy,112.6,834,23,36.26086956521739,29.373913043478257,7.406749555950267,0,1
Anureet Singh,68.0,623,18,34.611111111111114,22.666666666666668,9.161764705882353,0,1
Ankit Sharma,61.1,450,12,37.5,30.55,7.3649754500818325,0,0
Javon Searles,7.0,89,2,44.5,21.0,12.714285714285714,0,0
Junior Dala,3.0,34,0,0.0,0.0,11.333333333333334,0,0
Aniket Choudhary,16.5,144,5,28.8,19.8,8.727272727272727,0,0
Sreenath Aravind,126.4,1039,45,23.08888888888889,16.853333333333335,8.219936708860759,0,3
Travis Head,7.6,81,2,40.5,22.799999999999997,10.657894736842106,0,0
Ashish Nehra,317.2,2495,106,23.537735849056602,17.954716981132073,7.865699873896595,0,14
Bipul Sharma,70.6,572,17,33.64705882352941,24.917647058823526,8.101983002832862,0,0
Ashok Dinda,252.00000000000003,2073,69,30.043478260869566,21.913043478260875,8.226190476190474,0,5
Rajat Bhatia,272.0,2020,71,28.450704225352112,22.985915492957748,7.426470588235294,0,4
Praveen Kumar,419.19999999999993,3251,90,36.12222222222222,27.946666666666665,7.755248091603055,0,3
Manpreet Gony,148.0,1287,37,34.78378378378378,24.0,8.695945945945946,0,2
Shivil Kaushik,34.0,297,6,49.5,34.0,8.735294117647058,0,1
Dwayne Smith,89.5,810,26,31.153846153846153,20.653846153846153,9.050279329608939,0,2
Shadab Jakati,180.5,1451,47,30.872340425531913,23.04255319148936,8.038781163434903,0,2
Zaheer Khan,365.59999999999997,2782,102,27.274509803921568,21.505882352941175,7.609409190371992,0,9
Iqbal Abdulla,152.8,1109,40,27.725,22.92,7.257853403141361,0,4
Tejas Baroka,3.3,33,0,0.0,0.0,10.0,0,0
Samuel Badree,43.0,319,11,29.0,23.454545454545453,7.4186046511627906,0,1
Munaf Patel,225.10000000000002,1698,74,22.945945945945947,18.251351351351353,7.543314082629942,1,7
Angelo Mathews,131.5,1079,27,39.96296296296296,29.22222222222222,8.20532319391635,0,2
James Faulkner,202.7,1778,59,30.135593220338983,20.613559322033897,8.77158362111495,2,6
Shubham Agarwal,4.0,42,1,42.0,24.0,10.5,0,0
Nathu Singh,4.0,15,1,15.0,24.0,3.75,0,0
Rahul Tripathi,1.0,12,0,0.0,0.0,12.0,0,0
Ankit Soni,18.1,144,2,72.0,54.300000000000004,7.955801104972375,0,0
Irfan Pathan,337.9,2649,80,33.1125,25.342499999999998,7.839597514057414,0,4
Marlon Samuels,35.4,284,9,31.555555555555557,23.599999999999998,8.022598870056498,0,1
Matt Henry,5.0,71,1,71.0,30.0,14.2,0,0
RP Singh,294.3,2338,90,25.977777777777778,19.62,7.944274549779137,0,11
John Hastings,9.4,66,3,22.0,18.8,7.0212765957446805,0,0
Colin Munro,2.0,15,0,0.0,0.0,7.5,0,0
Brad Hogg,76.2,570,23,24.782608695652176,19.87826086956522,7.480314960629921,0,2
Sarabjit Ladda,23.0,224,5,44.8,27.6,9.73913043478261,0,0
Pardeep Sahu,17.3,146,3,48.666666666666664,34.6,8.439306358381502,0,0
Ashish Reddy,43.0,396,18,22.0,14.333333333333334,9.209302325581396,0,1
Parvez Rasool,33.0,271,4,67.75,49.5,8.212121212121213,0,0
Pravin Tambe,110.0,853,28,30.464285714285715,23.571428571428573,7.754545454545455,0,2
Morne Morkel,271.3,2089,77,27.12987012987013,21.140259740259744,7.699963140434942,0,6
Kyle Abbott,16.0,177,2,88.5,48.0,11.0625,0,0
Thisara Perera,115.39999999999999,1016,31,32.774193548387096,22.335483870967742,8.80415944540728,0,3
Rajagopal Sathish,23.1,232,3,77.33333333333333,46.20000000000001,10.043290043290042,0,0
Albie Morkel,286.70000000000005,2359,85,27.75294117647059,20.237647058823534,8.228113010115102,0,5
Gurkeerat Singh Mann,13.0,97,5,19.4,15.6,7.461538461538462,0,0
Scott Boland,7.0,54,2,27.0,21.0,7.714285714285714,0,0
Virat Kohli,41.1,368,4,92.0,61.650000000000006,8.953771289537713,0,0
Sachin Baby,1.4,8,2,4.0,4.199999999999999,5.714285714285714,0,0
Murali Vijay,6.0,49,0,0.0,0.0,8.166666666666666,0,0
Pragyan Ojha,315.5,2332,89,26.202247191011235,21.269662921348313,7.391442155309034,0,5
Domnic Muthuswami,14.0,101,4,25.25,21.0,7.214285714285714,0,0
Ishwar Pandey,77.0,591,18,32.833333333333336,25.666666666666668,7.675324675324675,0,0
Karanveer Singh,34.0,321,12,26.75,17.0,9.441176470588236,0,2
Ravi Bopara,34.2,292,11,26.545454545454547,18.654545454545456,8.538011695906432,0,1
Abu Nechim,57.2,498,12,41.5,28.600000000000005,8.706293706293707,0,0
Daren Sammy,39.2,350,11,31.818181818181817,21.381818181818183,8.928571428571427,0,1
Pawan Suyal,16.0,151,2,75.5,48.0,9.4375,0,0
Shivam Sharma,19.0,165,4,41.25,28.5,8.68421052631579,0,0
Johan Botha,115.4,800,25,32.0,27.696000000000005,6.932409012131715,0,1
Mitchell Starc,96.4,693,34,20.38235294117647,17.011764705882356,7.188796680497925,0,4
Ronit More,5.5,59,1,59.0,33.0,10.727272727272727,0,0
Rusty Theron,36.0,293,9,32.55555555555556,24.0,8.13888888888889,0,0
Gurinder Sandhu,8.0,82,1,82.0,48.0,10.25,0,0
Ryan ten Doeschate,13.0,94,2,47.0,39.0,7.230769230769231,0,0
Marchant de Lange,18.0,169,5,33.8,21.6,9.38888888888889,0,1
Beuran Hendricks,25.0,235,9,26.11111111111111,16.666666666666668,9.4,0,1
Azhar Mahmood,88.5,700,29,24.137931034482758,18.310344827586206,7.909604519774011,0,4
Jacques Kallis,290.2,2293,65,35.276923076923076,26.787692307692303,7.90144727773949,0,2
Rahul Sharma,154.4,1086,40,27.15,23.160000000000004,7.033678756476684,0,1
Parvinder Awana,124.3,1029,39,26.384615384615383,19.123076923076923,8.27835880933226,0,4
Lakshmipathy Balaji,250.9,2028,76,26.68421052631579,19.807894736842105,8.082901554404145,1,7
Murali Kartik,191.4,1388,31,44.774193548387096,37.04516129032258,7.2518286311389755,0,1
Ben Hilfenhaus,62.0,479,22,21.772727272727273,16.90909090909091,7.725806451612903,0,1
Muttiah Muralitharan,253.6,1696,63,26.92063492063492,24.152380952380952,6.687697160883281,0,5
Laxmi Shukla,51.800000000000004,447,15,29.8,20.720000000000002,8.629343629343628,0,2
Venugopal Rao,36.0,337,6,56.166666666666664,36.0,9.36111111111111,0,0
Ravi Rampaul,43.4,298,14,21.285714285714285,18.599999999999998,6.8663594470046085,0,1
Suryakumar Yadav,1.0,8,0,0.0,0.0,8.0,0,0
Rahul Shukla,20.0,208,5,41.6,24.0,10.4,0,0
Kevon Cooper,96.0,757,33,22.939393939393938,17.454545454545453,7.885416666666667,0,5
Lendl Simmons,3.0,34,1,34.0,18.0,11.333333333333334,0,0
Sachin Rana,2.4,18,0,0.0,0.0,7.5,0,0
David Hussey,52.5,474,8,59.25,39.375,9.028571428571428,0,0
Krishmar Santokie,8.0,90,3,30.0,16.0,11.25,0,0
Vikramjeet Malik,34.1,261,6,43.5,34.1,7.653958944281524,0,0
Brett Lee,145.5,1095,25,43.8,34.92,7.525773195876289,0,1
Jacob Oram,38.9,349,9,38.77777777777778,25.93333333333333,8.971722365038561,0,1
Cameron White,7.0,86,1,86.0,42.0,12.285714285714286,0,0
Sreesanth,146.0,1194,40,29.85,21.9,8.178082191780822,0,1
Siddharth Trivedi,249.8,1904,65,29.29230769230769,23.05846153846154,7.622097678142514,0,5
Dirk Nannes,106.89999999999999,785,28,28.035714285714285,22.907142857142855,7.3433115060804495,0,2
Ryan Harris,138.4,1047,45,23.266666666666666,18.453333333333337,7.565028901734104,0,6
Tillakaratne Dilshan,45.1,366,5,73.2,54.120000000000005,8.11529933481153,0,0
Shaun Tait,78.1,640,23,27.82608695652174,20.37391304347826,8.194622279129321,0,4
Jeevan Mendis,5.0,36,1,36.0,30.0,7.2,0,0
Ryan McLaren,59.0,542,12,45.166666666666664,29.5,9.186440677966102,0,0
Harmeet Singh,90.9,731,27,27.074074074074073,20.200000000000003,8.04180418041804,0,2
Anand Rajan,24.5,201,8,25.125,18.375,8.204081632653061,0,1
Aaron Finch,7.1,67,1,67.0,42.599999999999994,9.43661971830986,0,0
Jamaluddin Syed Mohammad,32.0,283,8,35.375,24.0,8.84375,0,0
Sachithra Senanayake,32.0,209,9,23.22222222222222,21.333333333333332,6.53125,0,0
Ajit  Chandila,39.0,242,11,22.0,21.272727272727273,6.205128205128205,0,1
Abhishek Nayar,38.1,322,9,35.77777777777778,25.400000000000002,8.451443569553806,0,1
Andrew McDonald,31.0,261,11,23.727272727272727,16.90909090909091,8.419354838709678,0,0
Ankeet Chavan,41.2,326,8,40.75,30.900000000000002,7.912621359223301,0,0
Virender Sehwag,22.4,235,6,39.166666666666664,22.399999999999995,10.491071428571429,0,0
Ajit Agarkar,130.2,1151,29,39.689655172413794,26.937931034482755,8.840245775729647,0,1
Dimitri Mascarenhas,51.2,356,19,18.736842105263158,16.168421052631583,6.953125,1,2
Roelof van der Merwe,73.5,498,21,23.714285714285715,21.0,6.775510204081633,0,1
Ajantha Mendis,40.0,285,8,35.625,30.0,7.125,0,0
Luke Wright,11.5,124,2,62.0,34.5,10.782608695652174,0,0
Ali Murtaza,44.0,313,9,34.77777777777778,29.333333333333332,7.113636363636363,0,1
Bhargav Bhatt,48.8,397,12,33.083333333333336,24.399999999999995,8.135245901639344,0,1
Tirumalasetti Suman,25.0,197,6,32.833333333333336,25.0,7.88,0,0
Sumit Narwal,17.4,202,5,40.4,20.88,11.609195402298852,0,1
Krishnakant  Upadhyay,9.0,81,0,0.0,0.0,9.0,0,0
Michael Neser,4.0,62,0,0.0,0.0,15.5,0,0
Ben Rohrer,1.0,12,0,0.0,0.0,12.0,0,0
Abhimanyu Mithun,48.0,472,7,67.42857142857143,41.142857142857146,9.833333333333334,0,0
Raiphi Gomez,16.0,129,5,25.8,19.2,8.0625,0,0
Brad Hodge,39.0,303,17,17.823529411764707,13.764705882352942,7.769230769230769,0,2
Adam Gilchrist,0.1,0,1,0.0,0.6000000000000001,0.0,0,0
James Franklin,25.1,220,9,24.444444444444443,16.733333333333334,8.764940239043824,0,0
Doug Bollinger,95.6,693,37,18.72972972972973,15.5027027027027,7.2489539748953975,0,4
Paul Valthaty,25.1,205,7,29.285714285714285,21.514285714285716,8.167330677290837,0,1
Amit Singh,78.1,620,28,22.142857142857142,16.735714285714284,7.9385403329065305,0,3
Doug Bracewell,4.0,32,3,10.666666666666666,8.0,8.0,0,1
Daniel Vettori,128.9,879,28,31.392857142857142,27.621428571428574,6.819239720713731,0,2
Daniel Harris,3.0,26,0,0.0,0.0,8.666666666666666,0,0
TP Sudhindra,11.4,136,1,136.0,68.4,11.929824561403509,0,0
Faf du Plessis,1.0,16,0,0.0,0.0,16.0,0,0
Jesse Ryder,39.2,303,8,37.875,29.400000000000002,7.729591836734693,0,0
Kevin Pietersen,29.0,215,7,30.714285714285715,24.857142857142858,7.413793103448276,0,0
Raju Bhatkal,2.0,35,0,0.0,0.0,17.5,0,0
Ashok Menaria,18.2,144,3,48.0,36.4,7.912087912087912,0,0
Nuwan Kulasekara,17.0,120,5,24.0,20.4,7.0588235294117645,0,0
Yo Mahesh,56.300000000000004,499,21,23.761904761904763,16.085714285714285,8.86323268206039,0,2
Pankaj Singh,50.0,468,11,42.54545454545455,27.272727272727273,9.36,0,0
Clint McKay,7.0,60,1,60.0,42.0,8.571428571428571,0,0
KP Appanna,36.0,286,9,31.77777777777778,24.0,7.944444444444445,0,1
Veer Pratap Singh,34.0,296,10,29.6,20.4,8.705882352941176,0,0
Yogesh Nagar,11.0,125,4,31.25,16.5,11.363636363636363,0,0
Alfonso Thomas,52.3,406,14,29.0,22.41428571428571,7.762906309751434,0,1
Sourav Ganguly,46.0,363,10,36.3,27.6,7.891304347826087,0,0
Robin Peterson,8.0,70,3,23.333333333333332,16.0,8.75,0,1
Shikhar Dhawan,8.0,66,4,16.5,12.0,8.25,0,0
Asad Pathan,6.3,63,0,0.0,0.0,10.0,0,0
Michael Clarke,11.0,67,2,33.5,33.0,6.090909090909091,0,0
Abhishek Jhunjhunwala,14.1,129,1,129.0,84.6,9.148936170212766,0,0
Prasanth Parameswaran,25.400000000000002,224,9,24.88888888888889,16.933333333333334,8.818897637795274,0,1
Steven Smith,0.2,5,0,0.0,0.0,25.0,0,0
Ramesh Powar,71.0,527,13,40.53846153846154,32.76923076923077,7.422535211267606,0,0
Sunny Gupta,3.0,47,0,0.0,0.0,15.666666666666666,0,0
Suraj Randiv,29.0,223,6,37.166666666666664,29.0,7.689655172413793,0,0
Shane Warne,199.0,1447,57,25.385964912280702,20.94736842105263,7.271356783919598,0,5
Shrikant Wagh,17.0,137,5,27.4,20.4,8.058823529411764,0,1
Mithun Manhas,7.0,42,0,0.0,0.0,6.0,0,0
Nathan Rimmington,3.0,19,0,0.0,0.0,6.333333333333333,0,0
Dwaraka Ravi Teja,3.0,28,1,28.0,18.0,9.333333333333334,0,0
Scott Styris,36.0,276,8,34.5,27.0,7.666666666666667,0,1
Johan van der Wath,12.0,129,3,43.0,24.0,10.75,0,0
Ryan Ninan,6.0,65,3,21.666666666666668,12.0,10.833333333333334,0,0
Nayan Doshi,9.2,79,2,39.5,27.599999999999998,8.58695652173913,0,0
James Hopes,60.0,548,14,39.142857142857146,25.714285714285715,9.133333333333333,0,0
Abhishek Raut,5.0,44,0,0.0,0.0,8.8,0,0
Joginder Sharma,42.4,419,12,34.916666666666664,21.2,9.882075471698114,0,0
Shalabh Srivastava,47.0,441,14,31.5,20.142857142857142,9.382978723404255,0,0
Nathan McCullum,5.0,34,0,0.0,0.0,6.8,0,0
Jerome Taylor,19.3,157,6,26.166666666666668,19.3,8.134715025906736,0,1
Kamran Khan,26.4,224,9,24.88888888888889,17.599999999999998,8.484848484848484,0,1
Balachandra Akhil,31.2,242,6,40.333333333333336,31.2,7.756410256410256,0,0
Andrew Symonds,87.5,674,20,33.7,26.25,7.702857142857143,0,1
Aavishkar Salvi,25.0,200,7,28.571428571428573,21.428571428571427,8.0,0,0
Ishan Malhotra,1.0,23,0,0.0,0.0,23.0,0,0
Bharat Chipli,1.0,20,0,0.0,0.0,20.0,0,0
Love Ablish,7.0,75,3,25.0,14.0,10.714285714285714,0,0
Charl Langeveldt,26.0,187,13,14.384615384615385,12.0,7.1923076923076925,0,1
Abrar Kazi,2.0,21,0,0.0,0.0,10.5,0,0
Ross Taylor,2.0,24,0,0.0,0.0,12.0,0,0
Sridharan Sriram,3.0,49,0,0.0,0.0,16.333333333333332,0,0
Padmanabhan Prasanth,1.0,18,0,0.0,0.0,18.0,0,0
Gnaneswara Rao,1.0,7,0,0.0,0.0,7.0,0,0
Shrikant Mundhe,1.0,6,1,6.0,6.0,6.0,0,0
Ray Price,3.0,33,0,0.0,0.0,11.0,0,0
Chaminda Vaas,47.0,355,18,19.72222222222222,15.666666666666666,7.553191489361702,0,1
Jaskaran Singh,17.0,171,6,28.5,17.0,10.058823529411764,0,0
Amit Uniyal,6.0,66,2,33.0,18.0,11.0,0,0
Sanath Jayasuriya,49.0,390,13,30.0,22.615384615384617,7.959183673469388,0,1
Farveez Maharoof,70.0,520,27,19.25925925925926,15.555555555555555,7.428571428571429,0,1
Yusuf Abdulla,34.5,307,15,20.466666666666665,13.8,8.898550724637682,0,3
Rohan Gavaskar,1.0,8,0,0.0,0.0,8.0,0,0
Anil Kumble,160.09999999999997,1058,45,23.511111111111113,21.34666666666666,6.608369768894442,1,5
Sudeep Tyagi,34.5,295,6,49.166666666666664,34.5,8.55072463768116,0,0
Justin Kemp,7.199999999999999,54,3,18.0,14.399999999999999,7.500000000000001,0,1
Shane Bond,31.0,224,9,24.88888888888889,20.666666666666668,7.225806451612903,0,0
Adam Voges,9.0,76,0,0.0,0.0,8.444444444444445,0,0
Thilan Thushara,22.3,161,8,20.125,16.725,7.219730941704036,0,0
Kemar Roach,8.0,80,0,0.0,0.0,10.0,0,0
Paul Collingwood,14.5,101,5,20.2,17.4,6.9655172413793105,0,0
Karan Goel,11.0,93,0,0.0,0.0,8.454545454545455,0,0
Chandrasekar Ganapathy,1.0,13,0,0.0,0.0,13.0,0,0
Mohnish Parmar,3.0,33,0,0.0,0.0,11.0,0,0
Aditya Dole,11.0,112,5,22.4,13.2,10.181818181818182,0,0
Faiz Fazal,2.0,20,0,0.0,0.0,10.0,0,0
Dilhara Fernando,39.0,298,17,17.529411764705884,13.764705882352942,7.641025641025641,0,1
Vikram Singh,60.0,542,12,45.166666666666664,30.0,9.033333333333333,0,1
Andrew Flintoff,11.0,105,2,52.5,33.0,9.545454545454545,0,0
Rohan Raje,22.7,209,6,34.833333333333336,22.7,9.20704845814978,0,0
Tyron Henderson,6.0,40,1,40.0,36.0,6.666666666666667,0,0
Fidel Edwards,22.799999999999997,154,5,30.8,27.359999999999996,6.754385964912282,0,0
Ranadeb Bose,2.0,24,0,0.0,0.0,12.0,0,0
Shoaib Ahmed,17.0,152,5,30.4,20.4,8.941176470588236,0,0
Sachin Tendulkar,6.0,58,0,0.0,0.0,9.666666666666666,0,0
Wilkin Mota,12.0,97,4,24.25,18.0,8.083333333333334,0,0
Graham Napier,4.0,27,1,27.0,24.0,6.75,0,0
Shane Harwood,10.0,73,3,24.333333333333332,20.0,7.3,0,0
Dillon du Preez,7.0,56,4,14.0,10.5,8.0,0,1
Lee Carseldine,1.0,6,1,6.0,6.0,6.0,0,0
Chetanya Nanda,8.0,57,2,28.5,24.0,7.125,0,0
Sourav Sarkar,4.1,34,1,34.0,24.599999999999998,8.292682926829269,0,0
Ajinkya Rahane,1.0,5,1,5.0,6.0,5.0,0,0
Mashrafe Mortaza,4.0,58,0,0.0,0.0,14.5,0,0
Rahil Shaikh,1.0,11,0,0.0,0.0,11.0,0,0
Ashley Noffke,4.0,40,1,40.0,24.0,10.0,0,0
Sunil Joshi,9.1,82,1,82.0,54.599999999999994,9.010989010989011,0,0
Palani  Amarnath,22.0,236,7,33.714285714285715,18.857142857142858,10.727272727272727,0,0
Glenn McGrath,54.0,357,12,29.75,27.0,6.611111111111111,0,1
Brett Geeves,8.0,91,1,91.0,48.0,11.375,0,0
Dinesh Salunkhe,8.0,78,1,78.0,48.0,9.75,0,0
Mohammad Hafeez,10.0,68,2,34.0,30.0,6.8,0,0
Sanjay Bangar,25.0,219,4,54.75,37.5,8.76,0,0
Shaun Pollock,46.0,301,11,27.363636363636363,25.09090909090909,6.543478260869565,0,1
Mohammad Asif,32.0,296,8,37.0,24.0,9.25,0,0
Shahid Afridi,30.0,225,9,25.0,20.0,7.5,0,1
Vikrant Yeligati,5.0,59,0,0.0,0.0,11.8,0,0
Musavir Khote,5.0,51,2,25.5,15.0,10.2,0,0
Doddapaneni Kalyankrishna,8.0,87,2,43.5,24.0,10.875,0,0
Sohail Tanvir,41.1,266,22,12.090909090909092,11.20909090909091,6.472019464720194,1,5
Shoaib Malik,8.3,85,2,42.5,24.900000000000002,10.240963855421686,0,0
Nuwan Zoysa,11.0,99,2,49.5,33.0,9.0,0,0
Siddharth Chitnis,6.0,60,2,30.0,18.0,10.0,0,0
Umar Gul,22.3,184,12,15.333333333333334,11.15,8.251121076233183,0,2
Gagandeep Singh,14.0,141,3,47.0,28.0,10.071428571428571,0,0
Makhaya Ntini,35.0,242,7,34.57142857142857,30.0,6.914285714285715,0,1
Paidikalva Vijaykumar,25.2,199,4,49.75,37.8,7.896825396825397,0,0
Dominic Thornely,7.0,40,3,13.333333333333334,14.0,5.714285714285714,0,0
Vidyut Sivaramakrishnan,2.0,22,1,22.0,12.0,11.0,0,0
Chamara Kapugedera,2.5,49,0,0.0,0.0,19.6,0,0
Shoaib Akhtar,7.0,54,5,10.8,8.4,7.714285714285714,0,1
PM Sarvesh Kumar,5.0,42,1,42.0,30.0,8.4,0,0
Abdur Razzak,2.0,29,0,0.0,0.0,14.5,0,0
Andre Nel,3.0,31,1,31.0,18.0,10.333333333333334,0,0
Chamara Silva,1.0,21,0,0.0,0.0,21.0,0,0
