Player,T.RAB,TBF,T.4s,T.6s,T.50s,T.100s,Avg.Run,Avg.SR,RF.50s,RF.100s,T.Win,T.Loss,Unique.Opponents,Venues
SC Ganguly,1349,1236,137,42,5,0,25.942307692307693,109.14239482200647,0.08928571428571429,0.0,21,35,8,1
BB McCullum,2882,2138,293,130,10,0,28.254901960784313,134.79887745556596,0.09174311926605505,0.0,55,54,12,1
RT Ponting,91,123,5,2,0,0,11.375,73.98373983739837,0.0,0.0,5,4,7,1
DJ Hussey,1322,1055,90,60,1,0,28.73913043478261,125.30805687203792,0.01639344262295082,0.0,28,33,11,1
Mohammad Hafeez,64,79,7,2,0,0,9.142857142857142,81.0126582278481,0.0,0.0,3,5,6,1
R Dravid,2174,1848,269,28,10,0,28.986666666666668,117.64069264069263,0.12195121951219512,0.0,37,45,11,1
W Jaffer,130,120,14,3,1,0,18.571428571428573,108.33333333333333,0.125,0.0,3,5,7,1
V Kohli,8014,6013,708,273,39,4,39.09268292682927,133.27789788790955,0.1598360655737705,0.01639344262295082,116,128,17,1
JH Kallis,2427,2191,255,44,11,0,29.240963855421686,110.77133728890918,0.11578947368421053,0.0,47,48,11,1
CL White,971,752,76,38,5,0,28.558823529411764,129.12234042553192,0.1111111111111111,0.0,16,29,10,1
MV Boucher,394,301,32,13,0,0,28.142857142857142,130.8970099667774,0.0,0.0,9,14,9,1
B Akhil,76,53,5,5,0,0,15.2,143.39622641509433,0.0,0.0,5,6,6,1
AA Noffke,9,10,1,0,0,0,9.0,90.0,0.0,0.0,0,1,1,1
P Kumar,340,307,22,17,0,0,10.0,110.74918566775244,0.0,0.0,11,46,10,1
Z Khan,117,138,11,2,0,0,8.357142857142858,84.78260869565217,0.0,0.0,2,25,9,1
SB Joshi,6,14,0,0,0,0,3.0,42.857142857142854,0.0,0.0,0,2,2,1
PA Patel,2848,2293,365,49,9,0,23.537190082644628,124.20409943305712,0.0661764705882353,0.0,67,69,14,1
ML Hayden,1107,782,121,44,4,0,39.535714285714285,141.56010230179027,0.125,0.0,20,12,7,1
MEK Hussey,1977,1578,198,52,8,0,40.3469387755102,125.2851711026616,0.13793103448275862,0.0,38,20,11,1
MS Dhoni,5243,3737,363,252,4,0,40.02290076335878,140.2997056462403,0.017543859649122806,0.0,123,105,16,1
SK Raina,5536,3988,506,204,19,0,34.17283950617284,138.81644934804413,0.095,0.0,120,80,14,1
JDP Oram,106,107,6,5,0,0,13.25,99.06542056074767,0.0,0.0,6,5,7,1
S Badrinath,1441,1185,154,28,5,0,31.32608695652174,121.60337552742615,0.07692307692307693,0.0,34,31,9,1
K Goel,218,223,17,9,0,0,16.76923076923077,97.75784753363229,0.0,0.0,7,9,6,1
JR Hopes,417,305,49,11,4,0,26.0625,136.72131147540983,0.21052631578947367,0.0,7,12,9,1
KC Sangakkara,1687,1361,195,27,10,0,25.953846153846154,123.9529757531227,0.14705882352941177,0.0,30,38,10,1
Yuvraj Singh,2754,2096,218,149,7,0,25.738317757009344,131.39312977099235,0.05555555555555555,0.0,57,69,14,1
SM Katich,241,179,26,8,2,0,26.77777777777778,134.6368715083799,0.18181818181818182,0.0,5,6,7,1
IK Pathan,1150,918,88,38,1,0,23.46938775510204,125.2723311546841,0.012195121951219513,0.0,32,50,11,1
T Kohli,11,19,0,1,0,0,3.6666666666666665,57.89473684210527,0.0,0.0,2,1,3,1
YK Pathan,3222,2208,263,161,7,0,30.685714285714287,145.92391304347828,0.0457516339869281,0.0,79,74,15,1
SR Watson,3880,2778,377,190,13,2,31.29032258064516,139.6688264938805,0.09219858156028368,0.014184397163120567,74,67,15,1
M Kaif,259,245,22,6,0,0,16.1875,105.71428571428572,0.0,0.0,15,7,9,1
DS Lehmann,18,17,3,0,0,0,9.0,105.88235294117648,0.0,0.0,1,1,2,1
RA Jadeja,2959,2232,215,107,1,0,27.91509433962264,132.57168458781362,0.005555555555555556,0.0,88,92,17,1
M Rawat,55,66,4,1,0,0,11.0,83.33333333333334,0.0,0.0,4,7,6,1
D Salunkhe,33,24,5,0,0,0,33.0,137.5,0.0,0.0,1,2,3,1
SK Warne,198,209,14,6,0,0,11.647058823529411,94.73684210526315,0.0,0.0,10,17,8,1
SK Trivedi,42,59,3,1,0,0,6.0,71.1864406779661,0.0,0.0,2,12,7,1
G Gambhir,4217,3339,492,59,23,0,32.9453125,126.2952979934112,0.152317880794702,0.0,82,69,14,1
V Sehwag,2728,1706,334,106,12,2,28.71578947368421,159.90621336459554,0.11538461538461539,0.019230769230769232,52,52,11,1
S Dhawan,6769,5235,768,153,29,0,36.19786096256684,129.30276981852913,0.13122171945701358,0.0,116,105,19,1
L Ronchi,34,34,6,1,0,0,11.333333333333334,100.0,0.0,0.0,0,5,5,1
ST Jayasuriya,768,517,84,39,4,0,27.428571428571427,148.54932301740814,0.13333333333333333,0.0,15,15,7,1
DJ Thornely,39,49,2,2,0,0,13.0,79.59183673469387,0.0,0.0,3,1,4,1
RV Uthappa,4954,3725,481,182,17,0,28.30857142857143,132.993288590604,0.08629441624365482,0.0,89,108,17,1
PR Shah,92,86,9,2,0,0,11.5,106.9767441860465,0.0,0.0,1,8,5,1
AM Nayar,672,555,55,20,0,0,18.666666666666668,121.0810810810811,0.0,0.0,15,35,10,1
SM Pollock,147,109,12,8,0,0,18.375,134.8623853211009,0.0,0.0,1,7,6,1
Harbhajan Singh,833,589,79,42,1,0,16.333333333333332,141.42614601018676,0.011363636363636364,0.0,34,54,13,1
S Chanderpaul,25,31,4,0,0,0,8.333333333333334,80.64516129032258,0.0,0.0,1,2,3,1
LRPL Taylor,1017,798,66,46,2,0,26.763157894736842,127.44360902255639,0.037037037037037035,0.0,24,30,11,1
AC Gilchrist,2069,1450,239,92,9,1,27.586666666666666,142.68965517241378,0.1125,0.0125,36,44,11,1
Y Venugopal Rao,985,816,77,37,2,0,23.452380952380953,120.71078431372548,0.038461538461538464,0.0,14,38,10,1
VVS Laxman,282,261,33,5,1,0,17.625,108.04597701149426,0.05,0.0,7,13,8,1
A Symonds,974,739,74,41,2,0,40.583333333333336,131.7997293640054,0.05555555555555555,0.0,18,18,9,1
RG Sharma,6630,5003,599,281,28,0,30.0,132.52048770737557,0.11155378486055777,0.0,131,120,18,1
SB Styris,131,130,10,3,0,0,18.714285714285715,100.76923076923077,0.0,0.0,3,7,6,1
AS Yadav,49,37,5,2,0,0,9.8,132.43243243243242,0.0,0.0,0,6,5,1
SB Bangar,49,55,1,3,0,0,8.166666666666666,89.0909090909091,0.0,0.0,0,7,5,1
WPUJC Vaas,81,71,2,3,0,0,11.571428571428571,114.08450704225352,0.0,0.0,4,7,5,1
RP Singh,52,71,2,1,0,0,3.7142857142857144,73.23943661971832,0.0,0.0,3,25,9,1
WP Saha,2934,2247,296,87,8,0,24.864406779661017,130.57409879839784,0.055944055944055944,0.0,66,77,18,1
LR Shukla,405,336,33,16,0,0,15.0,120.53571428571428,0.0,0.0,12,21,10,1
DPMD Jayawardene,1808,1432,200,40,5,0,30.64406779661017,126.25698324022345,0.0641025641025641,0.0,37,41,10,1
S Sohal,368,286,34,18,2,0,20.444444444444443,128.67132867132867,0.1,0.0,10,10,10,1
B Lee,124,95,8,8,0,0,13.777777777777779,130.5263157894737,0.0,0.0,6,13,8,1
PP Chawla,624,544,56,20,0,0,11.773584905660377,114.70588235294117,0.0,0.0,30,56,14,1
WA Mota,56,73,2,0,0,0,11.2,76.71232876712328,0.0,0.0,4,4,4,1
Kamran Akmal,128,76,13,8,0,0,32.0,168.42105263157893,0.0,0.0,5,1,4,1
Shahid Afridi,81,45,7,6,0,0,10.125,180.0,0.0,0.0,1,8,6,1
DJ Bravo,1560,1177,120,66,1,0,22.941176470588236,132.54035683942226,0.00909090909090909,0.0,55,55,14,1
MA Khote,24,19,2,1,0,0,12.0,126.3157894736842,0.0,0.0,0,3,3,1
A Nehra,41,57,3,1,0,0,6.833333333333333,71.9298245614035,0.0,0.0,2,15,9,1
GC Smith,739,656,94,9,3,0,28.423076923076923,112.65243902439023,0.10344827586206896,0.0,18,11,8,1
Pankaj Singh,7,12,0,0,0,0,3.5,58.333333333333336,0.0,0.0,1,4,4,1
RR Sarwan,73,74,6,1,0,0,24.333333333333332,98.64864864864865,0.0,0.0,3,1,4,1
S Sreesanth,34,50,6,0,0,0,11.333333333333334,68.0,0.0,0.0,2,10,8,1
VRV Singh,4,2,1,0,0,0,4.0,200.0,0.0,0.0,1,1,2,1
SS Tiwary,1494,1229,111,50,4,0,30.489795918367346,121.56224572823433,0.0547945205479452,0.0,35,38,14,1
DS Kulkarni,104,106,7,2,0,0,13.0,98.11320754716981,0.0,0.0,1,19,9,1
R Vinay Kumar,310,267,21,9,0,0,12.4,116.10486891385767,0.0,0.0,9,33,12,1
AB Agarkar,179,150,13,5,0,0,22.375,119.33333333333334,0.0,0.0,2,16,7,1
M Kartik,113,106,7,1,0,0,18.833333333333332,106.60377358490567,0.0,0.0,3,11,8,1
I Sharma,57,67,4,2,0,0,9.5,85.07462686567165,0.0,0.0,2,19,10,1
AM Rahane,4642,3702,479,103,18,0,31.154362416107382,125.39168017287952,0.10526315789473684,0.0,85,86,17,1
Shoaib Malik,52,46,5,0,0,0,13.0,113.04347826086956,0.0,0.0,2,3,4,1
MK Tiwary,1695,1425,156,40,3,0,29.736842105263158,118.94736842105263,0.03614457831325301,0.0,37,46,12,1
KD Karthik,4843,3512,466,161,16,0,27.674285714285713,137.8986332574032,0.06866952789699571,0.0,113,120,17,1
R Bhatia,342,277,24,13,0,0,11.793103448275861,123.46570397111914,0.0,0.0,11,36,12,1
MF Maharoof,177,120,12,9,0,0,17.7,147.5,0.0,0.0,5,9,6,1
VY Mahesh,15,26,0,0,0,0,7.5,57.692307692307686,0.0,0.0,0,5,4,1
TM Srivastava,8,11,0,0,0,0,8.0,72.72727272727273,0.0,0.0,1,2,3,1
B Chipli,280,248,28,7,0,0,18.666666666666668,112.90322580645163,0.0,0.0,6,15,10,1
DW Steyn,167,157,14,3,0,0,8.35,106.36942675159236,0.0,0.0,5,28,10,1
DB Das,304,251,23,16,0,0,25.333333333333332,121.11553784860558,0.0,0.0,7,15,7,1
MK Pandey,3859,3153,335,111,12,0,29.458015267175572,122.39137329527435,0.0759493670886076,0.0,71,87,15,1
HH Gibbs,886,783,83,31,3,0,28.580645161290324,113.154533844189,0.08333333333333333,0.0,15,21,7,1
DNT Zoysa,11,7,1,0,0,0,11.0,157.14285714285714,0.0,0.0,0,2,2,1
D Kalyankrishna,3,7,0,0,0,0,3.0,42.857142857142854,0.0,0.0,0,1,1,1
SE Marsh,2489,1825,269,78,13,1,40.145161290322584,136.38356164383563,0.18840579710144928,0.014492753623188406,31,38,13,1
SA Asnodkar,423,329,56,10,2,0,23.5,128.57142857142858,0.10526315789473684,0.0,10,9,7,1
Sohail Tanvir,36,29,3,1,0,0,12.0,124.13793103448276,0.0,0.0,4,1,4,1
Salman Butt,193,156,30,2,1,0,27.571428571428573,123.71794871794873,0.14285714285714285,0.0,4,3,6,1
BJ Hodge,1400,1105,122,43,2,0,34.146341463414636,126.69683257918551,0.031746031746031744,0.0,26,37,10,1
Umar Gul,39,17,1,5,0,0,13.0,229.41176470588235,0.0,0.0,2,2,3,1
AB Dinda,26,46,2,0,0,0,2.888888888888889,56.52173913043478,0.0,0.0,0,16,8,1
SP Fleming,196,161,27,3,0,0,21.77777777777778,121.73913043478262,0.0,0.0,3,7,7,1
S Vidyut,145,108,21,3,1,0,18.125,134.25925925925927,0.125,0.0,3,5,5,1
JA Morkel,975,672,61,55,2,0,25.657894736842106,145.08928571428572,0.029850746268656716,0.0,30,37,10,1
AB de Villiers,5181,3355,414,253,18,0,42.467213114754095,154.4262295081967,0.10588235294117647,0.0,75,95,16,1
LPC Silva,40,24,5,1,0,0,20.0,166.66666666666669,0.0,0.0,0,3,3,1
DB Ravi Teja,375,306,35,9,1,0,19.736842105263158,122.54901960784315,0.04,0.0,7,18,9,1
Misbah-ul-Haq,117,79,10,6,0,0,16.714285714285715,148.1012658227848,0.0,0.0,3,5,6,1
YV Takawale,192,172,26,3,0,0,24.0,111.62790697674419,0.0,0.0,3,7,6,1
RR Raje,20,18,1,1,0,0,20.0,111.11111111111111,0.0,0.0,2,3,3,1
PJ Sangwan,26,43,1,0,0,0,3.7142857142857144,60.46511627906976,0.0,0.0,0,14,11,1
Mohammad Asif,3,6,0,0,0,0,1.5,50.0,0.0,0.0,0,2,2,1
GD McGrath,4,5,1,0,0,0,4.0,80.0,0.0,0.0,0,2,2,1
Joginder Sharma,36,30,1,2,0,0,9.0,120.0,0.0,0.0,0,5,4,1
MS Gony,99,70,6,8,0,0,11.0,141.42857142857144,0.0,0.0,4,11,9,1
M Muralitharan,20,29,1,0,0,0,3.3333333333333335,68.96551724137932,0.0,0.0,2,7,5,1
M Ntini,11,18,2,0,0,0,11.0,61.111111111111114,0.0,0.0,0,2,2,1
DT Patil,13,13,1,0,0,0,13.0,100.0,0.0,0.0,0,2,2,1
A Kumble,35,45,3,0,0,0,17.5,77.77777777777779,0.0,0.0,2,13,6,1
S Anirudha,136,109,9,7,1,0,17.0,124.77064220183487,0.08333333333333333,0.0,6,6,6,1
MM Patel,39,40,5,0,0,0,7.8,97.5,0.0,0.0,1,11,9,1
CK Kapugedera,16,22,0,0,0,0,5.333333333333333,72.72727272727273,0.0,0.0,1,2,3,1
A Chopra,53,70,7,0,0,0,10.6,75.71428571428571,0.0,0.0,4,2,5,1
T Taibu,31,26,3,0,0,0,10.333333333333334,119.23076923076923,0.0,0.0,3,0,3,1
J Arunkumar,23,22,5,0,0,0,7.666666666666667,104.54545454545455,0.0,0.0,0,3,3,1
PP Ojha,16,41,0,0,0,0,1.7777777777777777,39.02439024390244,0.0,0.0,4,15,6,1
SP Goswami,293,293,32,3,1,0,15.421052631578947,100.0,0.047619047619047616,0.0,7,14,9,1
SR Tendulkar,2334,1900,296,29,7,0,34.83582089552239,122.84210526315789,0.08974358974358974,0.0,48,30,10,1
U Kaul,0,1,0,0,0,0,0.0,0.0,0.0,0.0,0,1,1,1
TM Dilshan,1153,977,140,24,3,0,28.825,118.014329580348,0.06,0.0,33,17,11,1
A Mishra,381,410,31,5,0,0,13.607142857142858,92.92682926829269,0.0,0.0,10,45,13,1
AD Mascarenhas,79,77,5,1,0,0,8.777777777777779,102.59740259740259,0.0,0.0,3,8,8,1
NK Patel,121,117,14,1,1,0,30.25,103.41880341880344,0.16666666666666666,0.0,3,3,6,1
LA Pomersbach,302,236,25,13,0,0,30.2,127.96610169491525,0.0,0.0,9,7,8,1
Iqbal Abdulla,88,79,9,1,0,0,88.0,111.39240506329114,0.0,0.0,3,10,7,1
Younis Khan,3,7,0,0,0,0,3.0,42.857142857142854,0.0,0.0,0,1,1,1
PM Sarvesh Kumar,1,2,0,0,0,0,0.0,50.0,0.0,0.0,0,1,1,1
DP Vijaykumar,1,1,0,0,0,0,0.0,100.0,0.0,0.0,0,1,1,1
Shoaib Akhtar,2,7,0,0,0,0,2.0,28.57142857142857,0.0,0.0,0,1,1,1
Abdur Razzak,0,2,0,0,0,0,0.0,0.0,0.0,0.0,0,1,1,1
H Das,2,5,0,0,0,0,2.0,40.0,0.0,0.0,0,1,1,1
DR Smith,2385,1715,245,117,16,0,29.8125,139.067055393586,0.18181818181818182,0.0,46,42,11,1
SD Chitnis,99,88,10,2,0,0,14.142857142857142,112.5,0.0,0.0,4,4,6,1
CRD Fernando,4,3,0,0,0,0,0.0,133.33333333333331,0.0,0.0,0,2,2,1
VS Yeligati,2,2,0,0,0,0,2.0,100.0,0.0,0.0,0,1,1,1
L Balaji,36,46,2,1,0,0,5.142857142857143,78.26086956521739,0.0,0.0,5,8,8,1
A Mukund,19,22,1,0,0,0,9.5,86.36363636363636,0.0,0.0,0,2,1,1
RR Powar,67,63,6,1,0,0,33.5,106.34920634920636,0.0,0.0,3,6,6,1
JP Duminy,2029,1600,126,79,6,0,42.270833333333336,126.8125,0.08,0.0,30,45,12,1
A Flintoff,62,50,5,2,0,0,31.0,124.0,0.0,0.0,1,2,3,1
T Thushara,12,18,0,0,0,0,6.0,66.66666666666666,0.0,0.0,1,3,4,1
JD Ryder,604,447,69,19,3,0,22.37037037037037,135.12304250559285,0.10344827586206896,0.0,10,19,9,1
KP Pietersen,1001,725,91,40,1,0,37.074074074074076,138.06896551724137,0.027777777777777776,0.0,15,21,11,1
T Henderson,11,16,0,1,0,0,11.0,68.75,0.0,0.0,0,2,2,1
Kamran Khan,3,5,0,0,0,0,3.0,60.0,0.0,0.0,0,1,1,1
RS Bopara,531,446,39,16,3,0,31.235294117647058,119.05829596412556,0.13636363636363635,0.0,10,12,8,1
CH Gayle,4997,3271,408,359,22,2,39.976,152.7667380006114,0.15602836879432624,0.014184397163120567,64,77,13,1
MC Henriques,1000,775,87,28,2,0,27.77777777777778,129.03225806451613,0.037037037037037035,0.0,31,23,13,1
R Bishnoi,19,17,1,2,0,0,6.333333333333333,111.76470588235294,0.0,0.0,1,2,3,1
FH Edwards,4,5,0,0,0,0,4.0,80.0,0.0,0.0,2,0,2,1
KV Sharma,351,282,20,17,0,0,14.625,124.46808510638299,0.0,0.0,12,27,13,1
PC Valthaty,505,412,61,20,2,0,22.954545454545453,122.57281553398059,0.08695652173913043,0.0,10,13,10,1
RJ Quiney,103,97,12,3,1,0,14.714285714285714,106.18556701030928,0.14285714285714285,0.0,3,4,5,1
AS Raut,194,167,13,7,0,0,21.555555555555557,116.1676646706587,0.0,0.0,4,12,7,1
Yashpal Singh,47,66,5,0,0,0,11.75,71.21212121212122,0.0,0.0,1,3,3,1
M Manhas,514,463,43,10,0,0,22.347826086956523,111.01511879049677,0.0,0.0,11,27,10,1
AA Bilakhia,69,82,5,0,0,0,13.8,84.14634146341463,0.0,0.0,3,4,4,1
AN Ghosh,7,8,1,0,0,0,3.5,87.5,0.0,0.0,0,2,2,1
BAW Mendis,3,6,0,0,0,0,1.5,50.0,0.0,0.0,0,3,2,1
DL Vettori,121,104,11,2,0,0,17.285714285714285,116.34615384615385,0.0,0.0,4,12,7,1
MN van Wyk,167,128,19,1,1,0,55.666666666666664,130.46875,0.2,0.0,0,5,4,1
RE van der Merwe,159,139,11,8,0,0,14.454545454545455,114.38848920863309,0.0,0.0,6,9,7,1
TL Suman,676,564,55,26,1,0,22.533333333333335,119.8581560283688,0.02564102564102564,0.0,18,21,10,1
Shoaib Ahmed,1,6,0,0,0,0,0.5,16.666666666666664,0.0,0.0,0,3,2,1
GR Napier,15,16,1,0,0,0,15.0,93.75,0.0,0.0,1,0,1,1
KP Appanna,2,3,0,0,0,0,2.0,66.66666666666666,0.0,0.0,1,2,3,1
LA Carseldine,81,67,11,0,0,0,27.0,120.89552238805969,0.0,0.0,3,2,4,1
NV Ojha,1554,1295,121,79,2,0,21.583333333333332,120.0,0.02127659574468085,0.0,42,52,14,1
SM Harwood,9,11,0,0,0,0,0.0,81.81818181818183,0.0,0.0,1,1,2,1
M Vijay,2619,2116,247,91,9,2,28.161290322580644,123.77126654064273,0.08571428571428572,0.01904761904761905,49,56,14,1
SB Jakati,28,29,3,0,0,0,28.0,96.55172413793103,0.0,0.0,1,4,3,1
DA Warner,6567,4615,663,236,45,1,41.563291139240505,142.29685807150597,0.24456521739130435,0.005434782608695652,82,102,19,1
RJ Harris,117,111,6,3,0,0,9.75,105.40540540540539,0.0,0.0,5,16,8,1
D du Preez,10,13,0,0,0,0,10.0,76.92307692307693,0.0,0.0,0,1,1,1
M Morkel,126,90,11,5,0,0,12.6,140.0,0.0,0.0,1,19,10,1
AD Mathews,724,568,44,29,0,0,25.857142857142858,127.46478873239437,0.0,0.0,11,30,9,1
J Botha,409,352,39,5,0,0,20.45,116.19318181818181,0.0,0.0,12,16,11,1
C Nanda,0,1,0,0,0,0,0.0,0.0,0.0,0.0,0,1,1,1
SL Malinga,88,96,6,5,0,0,8.0,91.66666666666666,0.0,0.0,5,15,9,1
Mashrafe Mortaza,2,2,0,0,0,0,0.0,100.0,0.0,0.0,0,1,1,1
A Singh,2,10,0,0,0,0,0.5,20.0,0.0,0.0,0,5,4,1
GJ Bailey,663,533,59,19,1,0,25.5,124.39024390243902,0.027777777777777776,0.0,16,20,8,1
AB McDonald,123,96,9,4,0,0,24.6,128.125,0.0,0.0,4,5,6,1
Y Nagar,285,249,20,9,0,0,20.357142857142858,114.45783132530121,0.0,0.0,7,13,9,1
SS Shaikh,6,7,1,0,0,0,0.0,85.71428571428571,0.0,0.0,1,0,1,1
R Ashwin,800,661,61,28,1,0,14.035087719298245,121.02874432677761,0.011235955056179775,0.0,34,55,14,1
Mohammad Ashraful,2,9,0,0,0,0,2.0,22.22222222222222,0.0,0.0,0,1,1,1
CA Pujara,390,382,50,4,1,0,21.666666666666668,102.09424083769633,0.045454545454545456,0.0,12,10,9,1
OA Shah,506,377,34,23,3,0,42.166666666666664,134.21750663129976,0.13636363636363635,0.0,8,14,9,1
Anirudh Singh,63,66,6,1,0,0,15.75,95.45454545454545,0.0,0.0,1,3,4,1
Jaskaran Singh,8,11,0,0,0,0,8.0,72.72727272727273,0.0,0.0,1,3,3,1
AP Tare,339,268,40,11,1,0,14.125,126.49253731343283,0.037037037037037035,0.0,11,16,10,1
AT Rayudu,4348,3366,359,173,15,0,29.37837837837838,129.17409387997623,0.08108108108108109,0.0,103,82,18,1
R Sathish,270,223,22,6,0,0,16.875,121.0762331838565,0.0,0.0,11,13,9,1
R McLaren,159,167,14,1,0,0,19.875,95.20958083832335,0.0,0.0,5,8,8,1
AA Jhunjhunwala,217,207,19,5,0,0,18.083333333333332,104.83091787439614,0.0,0.0,4,11,7,1
P Dogra,127,137,4,5,0,0,15.875,92.7007299270073,0.0,0.0,5,7,7,1
A Uniyal,4,7,0,0,0,0,4.0,57.14285714285714,0.0,0.0,0,2,2,1
MS Bisla,798,678,93,23,3,0,22.166666666666668,117.69911504424779,0.07692307692307693,0.0,16,23,11,1
YA Abdulla,0,0,0,0,0,0,0.0,0.0,0.0,0.0,0,1,1,1
EJG Morgan,1406,1114,112,64,4,0,23.83050847457627,126.21184919210053,0.05405405405405406,0.0,32,42,15,1
JM Kemp,26,24,1,1,0,0,13.0,108.33333333333333,0.0,0.0,1,1,2,1
S Tyagi,3,4,0,0,0,0,0.0,75.0,0.0,0.0,0,1,1,1
RS Gavaskar,2,8,0,0,0,0,2.0,25.0,0.0,0.0,0,1,1,1
SE Bond,1,2,0,0,0,0,1.0,50.0,0.0,0.0,0,1,1,1
KA Pollard,3437,2274,221,224,7,0,28.641666666666666,151.1433597185576,0.041666666666666664,0.0,90,78,16,1
S Ladda,0,9,0,0,0,0,0.0,0.0,0.0,0.0,0,2,2,1
DP Nannes,4,13,0,0,0,0,4.0,30.76923076923077,0.0,0.0,0,2,2,1
MJ Lumb,278,188,45,6,1,0,27.8,147.87234042553192,0.08333333333333333,0.0,7,5,7,1
DR Martyn,19,24,1,0,0,0,19.0,79.16666666666666,0.0,0.0,0,1,1,1
S Narwal,37,27,6,0,0,0,12.333333333333334,137.03703703703704,0.0,0.0,1,3,3,1
AB Barath,42,41,5,1,0,0,21.0,102.4390243902439,0.0,0.0,2,1,3,1
Bipul Sharma,187,121,11,9,0,0,31.166666666666668,154.54545454545453,0.0,0.0,8,9,10,1
FY Fazal,183,168,22,1,0,0,20.333333333333332,108.92857142857142,0.0,0.0,5,6,7,1
AC Voges,181,137,15,3,0,0,45.25,132.1167883211679,0.0,0.0,3,4,6,1
MD Mishra,237,204,24,8,0,0,15.8,116.1764705882353,0.0,0.0,7,10,7,1
UT Yadav,208,198,16,9,0,0,10.4,105.05050505050507,0.0,0.0,7,41,15,1
J Theron,10,12,1,0,0,0,5.0,83.33333333333334,0.0,0.0,1,3,4,1
SJ Srivastava,5,5,0,0,0,0,5.0,100.0,0.0,0.0,1,3,3,1
R Sharma,66,72,5,3,0,0,6.0,91.66666666666666,0.0,0.0,3,16,8,1
Mandeep Singh,1706,1362,176,38,3,0,21.325,125.25697503671071,0.030927835051546393,0.0,39,58,16,1
KM Jadhav,1208,965,102,40,2,0,23.686274509803923,125.18134715025906,0.024691358024691357,0.0,26,55,14,1
SW Tait,23,26,1,1,0,0,7.666666666666667,88.46153846153845,0.0,0.0,1,4,5,1
KB Arun Karthik,51,46,4,1,0,0,10.2,110.86956521739131,0.0,0.0,3,5,7,1
KAJ Roach,10,9,1,0,0,0,10.0,111.11111111111111,0.0,0.0,0,1,1,1
PD Collingwood,203,153,9,13,1,0,50.75,132.6797385620915,0.14285714285714285,0.0,3,4,6,1
CK Langeveldt,8,9,0,1,0,0,4.0,88.88888888888889,0.0,0.0,0,2,2,1
VS Malik,7,6,1,0,0,0,7.0,116.66666666666667,0.0,0.0,0,2,2,1
A Mithun,34,24,4,1,0,0,6.8,141.66666666666669,0.0,0.0,2,4,4,1
AP Dole,34,22,3,1,0,0,17.0,154.54545454545453,0.0,0.0,1,1,2,1
AN Ahmed,36,25,4,1,0,0,36.0,144.0,0.0,0.0,2,4,5,1
RS Sodhi,4,2,1,0,0,0,0.0,200.0,0.0,0.0,1,0,1,1
DE Bollinger,21,22,1,1,0,0,21.0,95.45454545454545,0.0,0.0,0,4,3,1
S Sriram,31,35,3,0,0,0,15.5,88.57142857142857,0.0,0.0,1,1,2,1
B Sumanth,35,37,3,0,0,0,35.0,94.5945945945946,0.0,0.0,3,1,4,1
C Madan,15,18,3,0,0,0,15.0,83.33333333333334,0.0,0.0,1,0,1,1
AG Paunikar,49,57,9,0,0,0,9.8,85.96491228070175,0.0,0.0,2,3,4,1
MR Marsh,665,511,48,38,3,0,21.451612903225808,130.13698630136986,0.08333333333333333,0.0,12,24,13,1
AJ Finch,2092,1580,214,78,12,0,25.51219512195122,132.40506329113924,0.13333333333333333,0.0,35,55,14,1
STR Binny,880,671,66,35,0,0,20.46511627906977,131.14754098360655,0.0,0.0,27,39,12,1
Harmeet Singh,18,12,3,0,0,0,9.0,150.0,0.0,0.0,1,3,4,1
IR Jaggi,76,95,6,0,0,0,15.2,80.0,0.0,0.0,1,6,5,1
DT Christian,460,392,23,19,0,0,17.037037037037038,117.34693877551021,0.0,0.0,15,26,12,1
RV Gomez,50,48,5,1,0,0,10.0,104.16666666666667,0.0,0.0,3,6,7,1
MA Agarwal,2669,1972,265,98,10,1,23.412280701754387,135.3448275862069,0.08264462809917356,0.008264462809917356,48,73,15,1
AUK Pathan,39,23,5,2,0,0,7.8,169.56521739130434,0.0,0.0,3,4,5,1
UBT Chand,300,293,32,9,1,0,15.0,102.3890784982935,0.05,0.0,6,14,9,1
DJ Jacobs,92,92,10,4,0,0,13.142857142857142,100.0,0.0,0.0,4,3,6,1
Sunny Singh,43,30,6,1,0,0,10.75,143.33333333333334,0.0,0.0,2,3,5,1
NJ Rimmington,1,1,0,0,0,0,0.0,100.0,0.0,0.0,0,1,1,1
AL Menaria,401,354,24,18,0,0,19.095238095238095,113.27683615819208,0.0,0.0,9,14,9,1
WD Parnell,65,77,4,1,0,0,6.5,84.4155844155844,0.0,0.0,2,11,8,1
JJ van der Wath,18,16,1,1,0,0,9.0,112.5,0.0,0.0,0,3,3,1
R Ninan,3,6,0,0,0,0,3.0,50.0,0.0,0.0,0,1,1,1
S Aravind,59,54,7,0,0,0,19.666666666666668,109.25925925925925,0.0,0.0,0,10,8,1
MS Wade,183,172,23,2,0,0,14.076923076923077,106.3953488372093,0.0,0.0,10,4,8,1
TD Paine,10,24,0,0,0,0,5.0,41.66666666666667,0.0,0.0,0,2,2,1
SB Wagh,2,3,0,0,0,0,1.0,66.66666666666666,0.0,0.0,0,2,1,1
AC Thomas,20,19,1,1,0,0,10.0,105.26315789473684,0.0,0.0,0,4,4,1
JEC Franklin,327,295,25,9,1,0,29.727272727272727,110.84745762711864,0.0625,0.0,10,6,7,1
Shakib Al Hasan,795,628,73,21,1,0,20.384615384615383,126.5923566878981,0.019230769230769232,0.0,26,26,13,1
DH Yagnik,170,130,23,2,0,0,18.88888888888889,130.76923076923077,0.0,0.0,4,13,8,1
S Randiv,2,4,0,0,0,0,2.0,50.0,0.0,0.0,0,1,1,1
BJ Haddin,18,11,2,1,0,0,18.0,163.63636363636365,0.0,0.0,0,1,1,1
NLTC Perera,424,301,23,26,0,0,19.272727272727273,140.86378737541528,0.0,0.0,11,19,11,1
NL McCullum,26,21,0,1,0,0,26.0,123.80952380952381,0.0,0.0,0,2,2,1
JE Taylor,3,3,0,0,0,0,0.0,100.0,0.0,0.0,0,2,1,1
J Syed Mohammad,29,26,4,0,0,0,14.5,111.53846153846155,0.0,0.0,2,3,4,1
RN ten Doeschate,326,229,26,15,0,0,23.285714285714285,142.35807860262008,0.0,0.0,13,8,8,1
TR Birt,75,57,9,2,0,0,15.0,131.57894736842107,0.0,0.0,2,3,4,1
AG Murtaza,10,14,1,0,0,0,10.0,71.42857142857143,0.0,0.0,0,3,3,1
Harpreet Singh,123,116,10,3,0,0,20.5,106.03448275862068,0.0,0.0,2,6,6,1
M Klinger,73,76,9,0,0,0,18.25,96.05263157894737,0.0,0.0,2,2,3,1
AC Blizzard,120,88,21,2,1,0,17.142857142857142,136.36363636363635,0.14285714285714285,0.0,3,4,6,1
I Malhotra,7,4,1,0,0,0,0.0,175.0,0.0,0.0,0,1,1,1
L Ablish,0,2,0,0,0,0,0.0,0.0,0.0,0.0,0,1,1,1
CA Ingram,205,178,22,5,0,0,17.083333333333332,115.1685393258427,0.0,0.0,7,8,8,1
S Nadeem,39,85,2,0,0,0,2.7857142857142856,45.88235294117647,0.0,0.0,0,20,9,1
P Parameswaran,1,2,0,0,0,0,0.0,50.0,0.0,0.0,0,2,2,1
CJ Ferguson,98,116,9,0,0,0,16.333333333333332,84.48275862068965,0.0,0.0,4,4,5,1
VR Aaron,50,72,2,2,0,0,12.5,69.44444444444444,0.0,0.0,1,11,7,1
AA Chavan,12,11,2,0,0,0,12.0,109.09090909090908,0.0,0.0,0,3,3,1
ND Doshi,0,13,0,0,0,0,0.0,0.0,0.0,0.0,0,1,1,1
B Kumar,306,317,30,3,0,0,9.5625,96.52996845425868,0.0,0.0,9,56,16,1
Y Gnaneswara Rao,19,17,3,0,0,0,19.0,111.76470588235294,0.0,0.0,0,1,1,1
S Rana,91,79,9,1,0,0,22.75,115.18987341772151,0.0,0.0,2,6,6,1
BA Bhatt,6,7,0,1,0,0,0.0,85.71428571428571,0.0,0.0,1,1,2,1
F du Plessis,4571,3307,422,166,29,0,38.411764705882355,138.2219534321137,0.21014492753623187,0.0,74,64,15,1
RE Levi,83,69,10,4,1,0,13.833333333333334,120.28985507246377,0.16666666666666666,0.0,4,2,5,1
GJ Maxwell,2772,1720,233,160,16,0,25.666666666666668,161.16279069767444,0.125,0.0,59,69,16,1
SPD Smith,2495,1920,226,60,6,1,35.642857142857146,129.94791666666669,0.06451612903225806,0.010752688172043012,41,52,12,1
MN Samuels,161,163,9,7,0,0,14.636363636363637,98.77300613496932,0.0,0.0,5,9,8,1
SA Yadav,3594,2440,385,130,20,0,32.972477064220186,147.2950819672131,0.14814814814814814,0.0,68,67,17,1
KK Cooper,116,67,9,8,0,0,12.88888888888889,173.13432835820893,0.0,0.0,5,7,6,1
JP Faulkner,527,384,36,23,0,0,20.26923076923077,137.23958333333331,0.0,0.0,21,24,11,1
HV Patel,249,200,16,15,0,0,10.375,124.50000000000001,0.0,0.0,11,26,13,1
DAJ Bracewell,12,9,1,0,0,0,0.0,133.33333333333331,0.0,0.0,0,1,1,1
DJ Harris,111,99,11,5,0,0,37.0,112.12121212121211,0.0,0.0,0,4,4,1
Ankit Sharma,87,67,7,4,0,0,12.428571428571429,129.8507462686567,0.0,0.0,0,10,6,1
SP Narine,1534,888,164,97,7,1,18.261904761904763,172.74774774774775,0.0660377358490566,0.009433962264150943,48,58,14,1
GB Hogg,22,22,1,0,0,0,11.0,100.0,0.0,0.0,1,3,4,1
RR Bhatkal,0,2,0,0,0,0,0.0,0.0,0.0,0.0,0,1,1,1
CJ McKay,8,15,0,0,0,0,8.0,53.333333333333336,0.0,0.0,0,1,1,1
N Saini,140,139,16,0,1,0,14.0,100.71942446043165,0.1,0.0,6,4,6,1
DA Miller,2924,2050,207,134,5,0,37.0126582278481,142.6341463414634,0.04065040650406504,0.0,61,62,16,1
Azhar Mahmood,388,294,39,13,2,0,20.42105263157895,131.97278911564624,0.09523809523809523,0.0,11,10,9,1
P Negi,365,281,27,16,0,0,16.59090909090909,129.8932384341637,0.0,0.0,9,26,13,1
RJ Peterson,32,28,3,1,0,0,10.666666666666666,114.28571428571428,0.0,0.0,4,1,5,1
KMDN Kulasekara,5,2,1,0,0,0,0.0,250.0,0.0,0.0,0,1,1,1
A Ashish Reddy,280,191,16,15,0,0,18.666666666666668,146.59685863874344,0.0,0.0,10,13,8,1
V Pratap Singh,0,1,0,0,0,0,0.0,0.0,0.0,0.0,0,1,1,1
BB Samantray,125,110,13,2,1,0,25.0,113.63636363636364,0.125,0.0,6,2,5,1
MJ Clarke,98,91,12,0,0,0,16.333333333333332,107.6923076923077,0.0,0.0,0,6,5,1
Gurkeerat Singh,511,411,55,11,2,0,21.291666666666668,124.33090024330899,0.0625,0.0,11,21,11,1
AP Majumdar,87,74,7,2,0,0,21.75,117.56756756756756,0.0,0.0,0,4,3,1
PA Reddy,164,160,15,2,0,0,16.4,102.49999999999999,0.0,0.0,6,4,6,1
K Upadhyay,12,9,0,1,0,0,0.0,133.33333333333331,0.0,0.0,0,2,2,1
P Awana,5,14,0,0,0,0,2.5,35.714285714285715,0.0,0.0,0,5,5,1
AD Russell,2488,1408,171,209,5,0,30.341463414634145,176.70454545454547,0.04807692307692308,0.0,46,58,14,1
A Chandila,4,7,0,0,0,0,0.0,57.14285714285714,0.0,0.0,0,2,2,1
CA Lynn,1329,934,132,66,8,0,34.973684210526315,142.2912205567452,0.19047619047619047,0.0,22,20,9,1
Sunny Gupta,0,1,0,0,0,0,0.0,0.0,0.0,0.0,0,1,1,1
MC Juneja,125,125,11,1,0,0,17.857142857142858,100.0,0.0,0.0,1,6,7,1
KK Nair,1496,1150,161,39,7,0,24.524590163934427,130.08695652173913,0.10294117647058823,0.0,33,35,12,1
GH Vihari,284,318,23,1,0,0,14.947368421052632,89.30817610062893,0.0,0.0,11,12,8,1
MDKJ Perera,14,12,3,0,0,0,7.0,116.66666666666667,0.0,0.0,1,1,2,1
R Shukla,19,23,2,0,0,0,19.0,82.6086956521739,0.0,0.0,2,2,4,1
B Laughlin,5,13,0,0,0,0,2.5,38.46153846153847,0.0,0.0,0,4,3,1
AS Rajpoot,26,40,2,1,0,0,6.5,65.0,0.0,0.0,0,7,5,1
M Vohra,1083,816,104,43,3,0,23.04255319148936,132.72058823529412,0.058823529411764705,0.0,20,31,13,1
JD Unadkat,197,161,16,7,0,0,15.153846153846153,122.36024844720497,0.0,0.0,8,19,10,1
Mohammed Shami,74,77,6,2,0,0,5.6923076923076925,96.1038961038961,0.0,0.0,5,18,11,1
BMAJ Mendis,23,27,0,0,0,0,7.666666666666667,85.18518518518519,0.0,0.0,0,3,3,1
R Rampaul,51,48,3,2,0,0,10.2,106.25,0.0,0.0,1,6,6,1
CH Morris,618,394,41,35,0,0,22.071428571428573,156.85279187817258,0.0,0.0,15,34,14,1
SV Samson,4419,3141,352,206,18,2,31.79136690647482,140.68767908309457,0.1111111111111111,0.012345679012345678,81,81,16,1
SMSM Senanayake,10,17,0,0,0,0,10.0,58.82352941176471,0.0,0.0,1,3,3,1
BJ Rohrer,193,137,21,5,0,0,27.571428571428573,140.87591240875912,0.0,0.0,3,5,6,1
KL Rahul,4689,3439,400,187,26,0,45.52427184466019,136.34777551613843,0.21311475409836064,0.0,53,69,14,1
Q de Kock,3160,2315,316,123,19,1,31.91919191919192,136.50107991360693,0.17757009345794392,0.009345794392523364,62,45,15,1
R Dhawan,210,184,18,7,0,0,21.0,114.13043478260869,0.0,0.0,8,14,12,1
MG Johnson,167,157,10,7,0,0,12.846153846153847,106.36942675159236,0.0,0.0,12,16,8,1
LJ Wright,106,60,16,3,0,0,26.5,176.66666666666666,0.0,0.0,1,4,4,1
IC Pandey,0,2,0,0,0,0,0.0,0.0,0.0,0.0,0,1,1,1
CM Gautam,169,141,17,6,0,0,18.77777777777778,119.8581560283688,0.0,0.0,3,10,8,1
X Thalaivan Sargunam,10,17,0,0,0,0,10.0,58.82352941176471,0.0,0.0,0,1,1,1
DJG Sammy,295,232,15,18,1,0,19.666666666666668,127.15517241379311,0.05,0.0,9,11,8,1
KW Richardson,36,39,2,1,0,0,12.0,92.3076923076923,0.0,0.0,0,4,3,1
MM Sharma,124,129,9,4,0,0,7.75,96.12403100775194,0.0,0.0,6,22,11,1
UA Birla,7,14,1,0,0,0,7.0,50.0,0.0,0.0,0,1,1,1
Parvez Rasool,17,19,1,0,0,0,8.5,89.47368421052632,0.0,0.0,0,4,4,1
Sandeep Sharma,54,68,4,0,0,0,10.8,79.41176470588235,0.0,0.0,5,20,11,1
S Kaul,20,36,1,0,0,0,6.666666666666667,55.55555555555556,0.0,0.0,3,6,6,1
Sachin Baby,144,117,11,5,0,0,16.0,123.07692307692308,0.0,0.0,3,8,7,1
PV Tambe,18,38,1,0,0,0,18.0,47.368421052631575,0.0,0.0,0,6,3,1
NM Coulter-Nile,82,71,7,4,0,0,8.2,115.49295774647888,0.0,0.0,5,11,10,1
CJ Anderson,538,418,40,31,1,0,24.454545454545453,128.70813397129186,0.034482758620689655,0.0,10,19,10,1
NJ Maddinson,20,21,4,0,0,0,6.666666666666667,95.23809523809523,0.0,0.0,2,1,3,1
AR Patel,1653,1244,107,79,3,0,22.33783783783784,132.87781350482314,0.026785714285714284,0.0,41,71,15,1
JJ Bumrah,68,77,5,1,0,0,11.333333333333334,88.31168831168831,0.0,0.0,4,22,13,1
JDS Neesham,92,92,6,2,0,0,11.5,100.0,0.0,0.0,5,5,8,1
TG Southee,120,107,8,4,0,0,10.909090909090908,112.14953271028037,0.0,0.0,5,14,12,1
MA Starc,105,104,11,0,0,0,13.125,100.96153846153845,0.0,0.0,5,11,7,1
BR Dunk,40,33,7,0,0,0,13.333333333333334,121.21212121212122,0.0,0.0,2,1,3,1
RR Rossouw,473,306,45,25,1,0,23.65,154.5751633986928,0.045454545454545456,0.0,7,15,10,1
Shivam Sharma,5,3,1,0,0,0,5.0,166.66666666666669,0.0,0.0,1,1,2,1
YS Chahal,37,84,0,0,0,0,6.166666666666667,44.047619047619044,0.0,0.0,0,17,9,1
LMP Simmons,1079,839,109,44,10,0,41.5,128.60548271752086,0.3448275862068966,0.0,19,10,9,1
VH Zol,29,26,3,1,0,0,14.5,111.53846153846155,0.0,0.0,0,2,2,1
BCJ Cutting,238,137,15,19,0,0,23.8,173.72262773722628,0.0,0.0,9,8,9,1
Imran Tahir,33,36,5,0,0,0,8.25,91.66666666666666,0.0,0.0,1,7,6,1
BE Hendricks,1,3,0,0,0,0,1.0,33.33333333333333,0.0,0.0,0,2,2,1
S Gopal,180,167,19,2,0,0,15.0,107.78443113772455,0.0,0.0,3,19,10,1
M de Lange,1,2,0,0,0,0,1.0,50.0,0.0,0.0,1,0,1,1
R Tewatia,1013,732,84,47,1,0,25.325,138.38797814207652,0.015384615384615385,0.0,26,39,12,1
JO Holder,259,208,13,18,0,0,12.333333333333334,124.51923076923077,0.0,0.0,9,18,12,1
Karanveer Singh,12,17,1,0,0,0,12.0,70.58823529411765,0.0,0.0,0,4,4,1
SS Iyer,3131,2426,272,113,14,0,32.27835051546392,129.06018136850784,0.12280701754385964,0.0,60,54,15,1
DJ Hooda,1466,1119,96,61,7,0,19.81081081081081,131.00983020554068,0.07291666666666667,0.0,45,51,14,1
Anureet Singh,36,43,2,1,0,0,9.0,83.72093023255815,0.0,0.0,0,8,6,1
KS Williamson,2132,1672,187,64,12,0,36.758620689655174,127.51196172248804,0.15789473684210525,0.0,38,38,14,1
SA Abbott,22,17,1,2,0,0,11.0,129.41176470588235,0.0,0.0,1,2,3,1
J Suchith,70,57,6,3,0,0,17.5,122.80701754385966,0.0,0.0,2,7,7,1
RG More,2,2,0,0,0,0,0.0,100.0,0.0,0.0,0,1,1,1
HH Pandya,2534,1716,189,137,4,0,29.46511627906977,147.66899766899766,0.03125,0.0,76,52,16,1
D Wiese,148,99,12,7,0,0,29.6,149.4949494949495,0.0,0.0,2,9,8,1
SN Khan,585,442,63,14,1,0,22.5,132.35294117647058,0.027777777777777776,0.0,13,23,13,1
MJ McClenaghan,85,68,5,7,0,0,7.7272727272727275,125.0,0.0,0.0,8,12,11,1
DJ Muthuswami,1,3,0,0,0,0,1.0,33.33333333333333,0.0,0.0,0,1,1,1
PJ Cummins,515,335,33,34,0,0,20.6,153.73134328358208,0.0,0.0,12,27,13,1
SN Thakur,307,219,27,13,1,0,13.347826086956522,140.18264840182647,0.02857142857142857,0.0,15,20,13,1
JC Buttler,3583,2384,356,161,14,4,38.94565217391305,150.29362416107384,0.1320754716981132,0.03773584905660377,53,53,15,1
CR Brathwaite,181,108,10,16,0,0,13.923076923076923,167.59259259259258,0.0,0.0,4,10,9,1
MP Stoinis,1866,1295,150,91,7,0,28.70769230769231,144.0926640926641,0.07954545454545454,0.0,43,45,13,1
Ishan Kishan,2644,1921,255,119,11,0,29.054945054945055,137.63664757938574,0.1111111111111111,0.0,47,52,15,1
C Munro,177,139,19,8,0,0,19.666666666666668,127.33812949640289,0.0,0.0,5,6,6,1
P Sahu,19,13,1,1,0,0,0.0,146.15384615384613,0.0,0.0,0,2,2,1
KH Pandya,1647,1210,144,61,1,0,23.197183098591548,136.11570247933884,0.009345794392523364,0.0,56,51,13,1
AD Nath,90,98,7,2,0,0,9.0,91.83673469387756,0.0,0.0,4,6,8,1
MJ Guptill,271,196,24,15,0,0,22.583333333333332,138.26530612244898,0.0,0.0,5,8,8,1
KJ Abbott,13,8,0,1,0,0,13.0,162.5,0.0,0.0,0,3,3,1
TM Head,772,439,76,40,3,1,38.6,175.85421412300684,0.12,0.04,13,12,15,1
M Ashwin,35,50,2,1,0,0,4.375,70.0,0.0,0.0,2,10,8,1
NS Naik,31,49,2,0,0,0,7.75,63.26530612244898,0.0,0.0,1,3,3,1
RR Pant,3297,2184,298,154,12,0,36.23076923076923,150.96153846153845,0.10909090909090909,0.0,55,55,13,1
SW Billings,503,378,40,20,3,0,19.346153846153847,133.06878306878306,0.1111111111111111,0.0,11,16,14,1
KC Cariappa,24,21,0,2,0,0,8.0,114.28571428571428,0.0,0.0,1,4,4,1
PSP Handscomb,6,12,0,0,0,0,6.0,50.0,0.0,0.0,0,1,1,1
Swapnil Singh,51,44,3,3,0,0,10.2,115.90909090909092,0.0,0.0,5,4,7,1
J Yadav,40,36,2,1,0,0,20.0,111.11111111111111,0.0,0.0,0,4,3,1
UT Khawaja,127,99,14,3,0,0,25.4,128.2828282828283,0.0,0.0,3,3,5,1
HM Amla,577,398,60,21,2,1,44.38461538461539,144.9748743718593,0.125,0.0625,7,9,8,1
F Behardien,14,13,2,0,0,0,7.0,107.6923076923077,0.0,0.0,0,3,2,1
BB Sran,10,13,0,0,0,0,10.0,76.92307692307693,0.0,0.0,2,5,4,1
A Zampa,15,24,1,0,0,0,3.0,62.5,0.0,0.0,1,4,5,1
N Rana,2636,1920,234,132,15,0,28.652173913043477,137.29166666666666,0.1485148514851485,0.0,50,51,14,1
S Kaushik,0,1,0,0,0,0,0.0,0.0,0.0,0.0,0,1,1,1
ER Dwivedi,24,13,2,2,0,0,12.0,184.6153846153846,0.0,0.0,0,2,2,1
CJ Jordan,81,74,3,3,0,0,9.0,109.45945945945945,0.0,0.0,3,9,8,1
TS Mills,8,13,0,1,0,0,2.0,61.53846153846154,0.0,0.0,1,4,5,1
A Choudhary,25,20,1,1,0,0,25.0,125.0,0.0,0.0,0,3,3,1
BA Stokes,935,689,81,32,2,0,24.605263157894736,135.70391872278665,0.046511627906976744,0.0,20,23,12,1
JJ Roy,614,435,75,21,3,0,32.31578947368421,141.14942528735634,0.14285714285714285,0.0,7,14,9,1
Vishnu Vinod,56,56,3,3,0,0,9.333333333333334,100.0,0.0,0.0,3,3,4,1
Basil Thampi,32,33,1,1,0,0,32.0,96.96969696969697,0.0,0.0,2,5,6,1
CR Woakes,78,77,7,2,0,0,15.6,101.29870129870129,0.0,0.0,4,8,8,1
RA Tripathi,2236,1578,223,84,7,0,27.95,141.6983523447402,0.07526881720430108,0.0,41,52,13,1
DL Chahar,80,57,2,6,0,0,11.428571428571429,140.35087719298244,0.0,0.0,6,6,7,1
V Shankar,1115,843,80,45,1,0,25.930232558139537,132.26571767497035,0.017241379310344827,0.0,25,33,12,1
Rashid Khan,545,329,39,38,0,0,14.72972972972973,165.6534954407295,0.0,0.0,21,37,12,1
RD Chahar,129,124,13,5,0,0,8.6,104.03225806451613,0.0,0.0,6,16,10,1
LH Ferguson,68,45,6,2,0,0,22.666666666666668,151.11111111111111,0.0,0.0,1,6,6,1
C de Grandhomme,303,220,18,18,0,0,21.642857142857142,137.72727272727272,0.0,0.0,8,13,9,1
AF Milne,23,29,0,1,0,0,5.75,79.3103448275862,0.0,0.0,0,6,5,1
S Badree,13,23,0,0,0,0,2.6,56.52173913043478,0.0,0.0,0,5,4,1
Mohammad Nabi,221,146,18,12,0,0,13.8125,151.36986301369865,0.0,0.0,6,13,9,1
AJ Tye,91,71,6,5,0,0,11.375,128.16901408450704,0.0,0.0,3,10,9,1
K Rabada,206,189,16,8,0,0,13.733333333333333,108.994708994709,0.0,0.0,6,22,10,1
Kuldeep Yadav,183,212,16,3,0,0,20.333333333333332,86.32075471698113,0.0,0.0,6,26,12,1
Washington Sundar,378,318,32,9,0,0,14.538461538461538,118.86792452830188,0.0,0.0,11,27,11,1
DM Bravo,6,5,1,0,0,0,0.0,120.0,0.0,0.0,1,0,1,1
AR Bawne,12,12,1,0,0,0,0.0,100.0,0.0,0.0,0,1,1,1
SP Jackson,61,57,5,1,0,0,10.166666666666666,107.01754385964912,0.0,0.0,3,5,7,1
Ankit Soni,7,7,0,1,0,0,3.5,100.0,0.0,0.0,1,2,3,1
TA Boult,83,78,5,3,0,0,11.857142857142858,106.41025641025641,0.0,0.0,7,15,9,1
E Lewis,654,469,62,36,3,0,27.25,139.4456289978678,0.11538461538461539,0.0,13,13,11,1
MA Wood,12,8,1,1,0,0,6.0,150.0,0.0,0.0,2,1,3,1
RK Singh,893,618,67,46,1,0,30.79310344827586,144.49838187702267,0.025,0.0,19,21,10,1
DJM Short,115,98,11,5,0,0,16.428571428571427,117.34693877551021,0.0,0.0,3,4,6,1
K Gowtham,247,145,15,17,0,0,13.722222222222221,170.34482758620692,0.0,0.0,8,19,10,1
TK Curran,127,105,10,3,0,0,25.4,120.95238095238095,0.0,0.0,4,6,6,1
M Markande,48,38,5,1,0,0,16.0,126.3157894736842,0.0,0.0,2,8,8,1
B Stanlake,5,2,1,0,0,0,0.0,250.0,0.0,0.0,1,0,1,1
Mujeeb Ur Rahman,12,13,2,0,0,0,4.0,92.3076923076923,0.0,0.0,1,5,4,1
A Dananjaya,4,5,0,0,0,0,0.0,80.0,0.0,0.0,0,1,1,1
Shubman Gill,3216,2354,310,95,14,3,38.74698795180723,136.61852166525063,0.1414141414141414,0.030303030303030304,57,42,12,1
Shivam Mavi,51,55,4,2,0,0,5.666666666666667,92.72727272727272,0.0,0.0,1,10,8,1
Mohammed Siraj,109,116,10,4,0,0,12.11111111111111,93.96551724137932,0.0,0.0,3,17,8,1
H Klaasen,993,586,56,64,4,1,38.19230769230769,169.45392491467578,0.125,0.03125,14,18,10,1
RK Bhui,10,26,0,0,0,0,2.5,38.46153846153847,0.0,0.0,0,4,4,1
JC Archer,199,127,11,14,0,0,15.307692307692308,156.69291338582678,0.0,0.0,6,17,8,1
PP Shaw,1892,1270,238,61,13,0,24.894736842105264,148.9763779527559,0.16455696202531644,0.0,41,38,10,1
LE Plunkett,1,3,0,0,0,0,1.0,33.33333333333333,0.0,0.0,1,1,2,1
Mustafizur Rahman,13,23,0,1,0,0,13.0,56.52173913043478,0.0,0.0,0,6,5,1
AD Hales,148,117,13,6,0,0,24.666666666666668,126.49572649572649,0.0,0.0,4,2,4,1
MK Lomror,527,359,33,30,0,0,18.17241379310345,146.7966573816156,0.0,0.0,14,21,11,1
DR Shorey,13,17,0,1,0,0,6.5,76.47058823529412,0.0,0.0,1,1,2,1
MM Ali,1162,804,95,67,6,0,23.714285714285715,144.5273631840796,0.10526315789473684,0.0,24,33,12,1
M Prasidh Krishna,9,24,0,0,0,0,4.5,37.5,0.0,0.0,1,6,5,1
P Chopra,8,6,2,0,0,0,8.0,133.33333333333331,0.0,0.0,1,0,1,1
JPR Scantlebury-Searles,8,6,0,1,0,0,8.0,133.33333333333331,0.0,0.0,2,0,2,1
Abhishek Sharma,1377,875,128,73,6,0,25.5,157.37142857142857,0.09836065573770492,0.0,27,34,11,1
IS Sodhi,7,17,0,0,0,0,3.5,41.17647058823529,0.0,0.0,0,2,2,1
SO Hetmyer,1243,797,76,82,1,0,31.871794871794872,155.9598494353827,0.015384615384615385,0.0,34,31,12,1
S Dube,1502,1008,86,101,6,0,30.653061224489797,149.0079365079365,0.09836065573770492,0.0,24,37,12,1
Navdeep Saini,33,36,3,0,0,0,8.25,91.66666666666666,0.0,0.0,2,5,6,1
JM Bairstow,1589,1083,166,69,6,1,35.31111111111111,146.72206832871652,0.12,0.02,20,30,12,1
KMA Paul,18,22,1,1,0,0,4.5,81.81818181818183,0.0,0.0,3,2,3,1
Rasikh Salam,40,39,5,0,0,0,8.0,102.56410256410255,0.0,0.0,1,5,4,1
N Pooran,1769,1076,113,127,7,0,32.163636363636364,164.40520446096653,0.09722222222222222,0.0,32,40,11,1
P Ray Barman,19,24,2,0,0,0,19.0,79.16666666666666,0.0,0.0,0,1,1,1
SM Curran,883,641,74,37,3,0,25.228571428571428,137.7535101404056,0.0625,0.0,19,29,11,1
GC Viljoen,3,5,0,0,0,0,1.5,60.0,0.0,0.0,1,2,2,1
Avesh Khan,41,24,3,3,0,0,41.0,170.83333333333331,0.0,0.0,2,7,7,1
S Lamichhane,0,1,0,0,0,0,0.0,0.0,0.0,0.0,0,1,1,1
HF Gurney,1,5,0,0,0,0,0.0,20.0,0.0,0.0,0,1,1,1
SD Lad,15,13,1,1,0,0,15.0,115.38461538461537,0.0,0.0,1,0,1,1
AS Joseph,27,31,3,0,0,0,27.0,87.09677419354838,0.0,0.0,3,2,5,1
R Parag,1173,858,84,60,3,0,26.066666666666666,136.71328671328672,0.05172413793103448,0.0,28,30,11,1
MJ Santner,70,69,4,3,0,0,11.666666666666666,101.44927536231884,0.0,0.0,4,7,6,1
JL Denly,0,1,0,0,0,0,0.0,0.0,0.0,0.0,0,1,1,1
LS Livingstone,939,566,66,66,5,0,29.34375,165.90106007067138,0.1282051282051282,0.0,14,25,11,1
KK Ahmed,1,7,0,0,0,0,0.2,14.285714285714285,0.0,0.0,0,5,5,1
AJ Turner,24,27,0,2,0,0,4.8,88.88888888888889,0.0,0.0,3,3,5,1
Harpreet Brar,233,182,19,9,0,0,21.181818181818183,128.02197802197801,0.0,0.0,8,16,10,1
SE Rutherford,106,100,3,8,0,0,15.142857142857142,106.0,0.0,0.0,7,2,6,1
Y Prithvi Raj,0,1,0,0,0,0,0.0,0.0,0.0,0.0,0,1,1,1
P Simran Singh,756,509,78,41,2,1,22.90909090909091,148.52652259332024,0.058823529411764705,0.029411764705882353,12,22,10,1
JL Pattinson,15,13,2,0,0,0,15.0,115.38461538461537,0.0,0.0,0,2,2,1
A Nortje,49,48,6,0,0,0,9.8,102.08333333333333,0.0,0.0,3,10,8,1
T Banton,18,20,1,1,0,0,9.0,90.0,0.0,0.0,0,2,1,1
D Padikkal,1559,1242,170,42,9,0,25.557377049180328,125.52334943639292,0.140625,0.0,35,29,12,1
YBK Jaiswal,1607,1050,199,64,8,1,32.795918367346935,153.04761904761907,0.15384615384615385,0.019230769230769232,27,25,10,1
RD Gaikwad,2380,1725,217,91,14,0,43.27272727272727,137.97101449275362,0.2153846153846154,0.0,34,31,11,1
TU Deshpande,21,13,2,1,0,0,21.0,161.53846153846155,0.0,0.0,2,2,4,1
Abdul Samad,579,391,37,36,0,0,19.3,148.08184143222508,0.0,0.0,11,28,11,1
PK Garg,273,238,16,9,0,0,15.166666666666666,114.70588235294117,0.0,0.0,7,12,10,1
JR Philippe,78,76,9,1,0,0,19.5,102.63157894736842,0.0,0.0,1,4,4,1
Kartik Tyagi,13,15,1,0,0,0,3.25,86.66666666666667,0.0,0.0,1,5,4,1
KL Nagarkoti,22,33,1,0,0,0,5.5,66.66666666666666,0.0,0.0,3,4,5,1
CV Varun,25,45,2,0,0,0,12.5,55.55555555555556,0.0,0.0,1,9,5,1
I Udana,15,11,1,1,0,0,5.0,136.36363636363635,0.0,0.0,0,4,3,1
Ravi Bishnoi,32,49,2,0,0,0,4.571428571428571,65.3061224489796,0.0,0.0,3,11,7,1
Shahbaz Ahmed,536,429,28,25,0,0,19.85185185185185,124.94172494172496,0.0,0.0,17,20,10,1
AT Carey,32,27,0,1,0,0,16.0,118.5185185185185,0.0,0.0,2,1,3,1
N Jagadeesan,162,146,21,2,0,0,18.0,110.95890410958904,0.0,0.0,2,8,6,1
T Natarajan,3,5,0,0,0,0,0.0,60.0,0.0,0.0,0,2,2,1
P Dubey,23,32,2,0,0,0,23.0,71.875,0.0,0.0,0,2,2,1
SS Cottrell,0,2,0,0,0,0,0.0,0.0,0.0,0.0,0,1,1,1
Arshdeep Singh,29,39,4,0,0,0,5.8,74.35897435897436,0.0,0.0,0,11,6,1
DR Sams,44,44,1,3,0,0,4.888888888888889,100.0,0.0,0.0,5,8,9,1
M Jansen,66,62,5,2,0,0,9.428571428571429,106.4516129032258,0.0,0.0,2,10,7,1
RM Patidar,799,491,51,54,7,0,34.73913043478261,162.72912423625255,0.2916666666666667,0.0,12,12,9,1
KA Jamieson,65,51,5,3,0,0,21.666666666666668,127.45098039215685,0.0,0.0,4,3,5,1
M Shahrukh Khan,553,385,35,37,1,0,22.12,143.63636363636363,0.02702702702702703,0.0,16,21,11,1
JA Richardson,17,26,2,0,0,0,5.666666666666667,65.38461538461539,0.0,0.0,1,2,3,1
Lalit Yadav,305,282,27,7,0,0,20.333333333333332,108.15602836879432,0.0,0.0,8,13,9,1
Virat Singh,15,25,1,0,0,0,7.5,60.0,0.0,0.0,0,2,2,1
FA Allen,14,19,1,0,0,0,7.0,73.68421052631578,0.0,0.0,0,3,3,1
C Sakariya,20,30,3,0,0,0,4.0,66.66666666666666,0.0,0.0,1,6,6,1
DJ Malan,26,25,1,1,0,0,26.0,104.0,0.0,0.0,0,1,1,1
KS Bharat,199,160,12,8,0,0,28.428571428571427,124.37499999999999,0.0,0.0,4,4,6,1
PWH de Silva,72,73,7,1,0,0,7.2,98.63013698630137,0.0,0.0,4,10,7,1
VR Iyer,1326,950,121,61,8,1,31.571428571428573,139.57894736842104,0.16326530612244897,0.02040816326530612,28,21,10,1
GD Phillips,65,55,3,6,0,0,9.285714285714286,118.18181818181819,0.0,0.0,2,6,6,1
GHS Garton,2,4,0,0,0,0,2.0,50.0,0.0,0.0,1,1,2,1
AK Markram,995,765,73,35,3,0,30.151515151515152,130.0653594771242,0.07142857142857142,0.0,17,25,11,1
K Yadav,0,4,0,0,0,0,0.0,0.0,0.0,0.0,0,1,1,1
T Shamsi,2,4,0,0,0,0,0.0,50.0,0.0,0.0,0,1,1,1
NT Ellis,19,25,0,1,0,0,4.75,76.0,0.0,0.0,1,4,4,1
RV Patel,80,72,6,2,0,0,20.0,111.11111111111111,0.0,0.0,3,4,4,1
TL Seifert,26,22,4,0,0,0,8.666666666666666,118.18181818181819,0.0,0.0,1,2,3,1
Anmolpreet Singh,139,115,19,3,0,0,15.444444444444445,120.8695652173913,0.0,0.0,2,7,5,1
Anuj Rawat,318,258,26,14,0,0,22.714285714285715,123.25581395348837,0.0,0.0,9,12,9,1
TH David,659,381,38,46,0,0,29.954545454545453,172.96587926509187,0.0,0.0,14,21,9,1
DP Conway,924,638,100,30,6,0,48.63157894736842,144.82758620689654,0.2727272727272727,0.0,11,11,9,1
Tilak Varma,1156,777,90,58,4,0,41.285714285714285,148.77734877734878,0.10526315789473684,0.0,14,24,10,1
R Powell,360,241,21,28,0,0,18.94736842105263,149.37759336099586,0.0,0.0,8,14,11,1
PBB Rajapaksa,277,185,22,15,1,0,23.083333333333332,149.72972972972974,0.07692307692307693,0.0,7,6,7,1
RA Bawa,11,14,1,0,0,0,5.5,78.57142857142857,0.0,0.0,1,1,2,1
OF Smith,51,44,1,5,0,0,17.0,115.90909090909092,0.0,0.0,3,3,6,1
A Badoni,634,466,46,24,1,0,25.36,136.05150214592274,0.02857142857142857,0.0,16,19,10,1
PVD Chameera,43,27,3,3,0,0,14.333333333333334,159.25925925925927,0.0,0.0,2,5,5,1
A Manohar,231,174,21,10,0,0,16.5,132.75862068965517,0.0,0.0,9,6,7,1
R Shepherd,115,61,7,10,0,0,23.0,188.52459016393445,0.0,0.0,3,6,6,1
DJ Willey,53,60,7,0,0,0,26.5,88.33333333333333,0.0,0.0,3,2,2,1
D Pretorius,44,28,3,3,0,0,11.0,157.14285714285714,0.0,0.0,1,4,4,1
JM Sharma,730,478,53,45,0,0,22.8125,152.71966527196653,0.0,0.0,13,23,10,1
VG Arora,9,16,0,0,0,0,4.5,56.25,0.0,0.0,2,5,5,1
Mukesh Choudhary,6,6,1,0,0,0,0.0,100.0,0.0,0.0,0,2,2,1
Umran Malik,23,15,1,2,0,0,23.0,153.33333333333334,0.0,0.0,0,5,5,1
D Brevis,230,172,17,16,0,0,23.0,133.72093023255815,0.0,0.0,1,9,8,1
B Sai Sudharsan,1034,735,95,32,3,1,49.23809523809524,140.68027210884352,0.12,0.04,13,12,10,1
Ramandeep Singh,170,99,8,13,0,0,28.333333333333332,171.7171717171717,0.0,0.0,7,6,10,1
HE van der Dussen,22,22,2,0,0,0,11.0,100.0,0.0,0.0,1,2,3,1
SS Prabhudessai,126,103,11,4,0,0,14.0,122.33009708737863,0.0,0.0,4,6,6,1
Akash Deep,19,12,2,1,0,0,9.5,158.33333333333331,0.0,0.0,0,3,3,1
JR Hazlewood,19,28,1,0,0,0,0.0,67.85714285714286,0.0,0.0,1,5,5,1
KR Sen,0,3,0,0,0,0,0.0,0.0,0.0,0.0,0,1,1,1
Aman Hakim Khan,115,102,8,6,1,0,12.777777777777779,112.74509803921569,0.1,0.0,3,7,7,1
HR Shokeen,66,63,9,0,0,0,22.0,104.76190476190477,0.0,0.0,2,3,3,1
Yash Dayal,0,1,0,0,0,0,0.0,0.0,0.0,0.0,1,0,1,1
DJ Mitchell,351,265,28,10,2,0,27.0,132.45283018867923,0.13333333333333333,0.0,8,7,10,1
Shashank Singh,423,255,33,25,0,0,38.45454545454545,165.8823529411765,0.0,0.0,5,14,10,1
B Indrajith,21,30,2,0,0,0,7.0,70.0,0.0,0.0,1,2,3,1
Harshit Rana,2,3,0,0,0,0,1.0,66.66666666666666,0.0,0.0,1,2,3,1
Mohsin Khan,25,24,2,1,0,0,12.5,104.16666666666667,0.0,0.0,2,3,4,1
Simarjeet Singh,7,8,0,0,0,0,7.0,87.5,0.0,0.0,0,3,3,1
M Theekshana,7,6,0,1,0,0,7.0,116.66666666666667,0.0,0.0,0,2,2,1
AS Roy,26,23,3,0,0,0,8.666666666666666,113.04347826086956,0.0,0.0,1,5,6,1
Fazalhaq Farooqi,3,13,0,0,0,0,0.0,23.076923076923077,0.0,0.0,0,2,2,1
K Kartikeya,9,11,1,0,0,0,4.5,81.81818181818183,0.0,0.0,0,2,2,1
RP Meredith,0,3,0,0,0,0,0.0,0.0,0.0,0.0,0,2,2,1
KS Sharma,16,25,1,0,0,0,5.333333333333333,64.0,0.0,0.0,1,2,3,1
T Stubbs,405,229,26,26,1,0,45.0,176.85589519650654,0.058823529411764705,0.0,7,10,9,1
R Sanjay Yadav,0,2,0,0,0,0,0.0,0.0,0.0,0.0,0,1,1,1
A Tomar,4,8,1,0,0,0,4.0,50.0,0.0,0.0,0,1,1,1
PN Mankad,97,72,13,2,0,0,32.333333333333336,134.72222222222223,0.0,0.0,4,1,3,1
OC McCoy,8,5,0,1,0,0,0.0,160.0,0.0,0.0,0,1,1,1
Sikandar Raza,182,134,12,8,1,0,26.0,135.82089552238804,0.1111111111111111,0.0,6,3,7,1
Rahmanullah Gurbaz,289,209,24,19,2,0,22.23076923076923,138.2775119617225,0.15384615384615385,0.0,7,6,8,1
KR Mayers,379,258,38,22,4,0,29.153846153846153,146.89922480620154,0.3076923076923077,0.0,6,7,8,1
Mukesh Kumar,10,18,0,0,0,0,10.0,55.55555555555556,0.0,0.0,0,5,5,1
HC Brook,190,153,23,4,0,0,21.11111111111111,124.18300653594771,0.0,0.0,3,8,8,1
AU Rashid,22,16,2,1,0,0,11.0,137.5,0.0,0.0,0,2,2,1
C Green,707,455,62,32,1,0,41.588235294117645,155.3846153846154,0.03571428571428571,0.0,15,13,9,1
N Wadhera,350,246,32,18,1,0,23.333333333333332,142.27642276422765,0.0625,0.0,4,12,8,1
Arshad Khan,96,63,5,6,0,0,32.0,152.38095238095238,0.0,0.0,1,5,4,1
Abishek Porel,360,235,37,15,2,0,25.714285714285715,153.19148936170214,0.125,0.0,5,11,10,1
Dhruv Jurel,347,228,29,16,0,0,26.692307692307693,152.19298245614036,0.0,0.0,12,10,10,1
MG Bracewell,58,44,6,1,0,0,29.0,131.8181818181818,0.0,0.0,2,2,4,1
MW Short,117,90,15,4,0,0,19.5,130.0,0.0,0.0,2,4,5,1
Mohit Rathee,1,2,0,0,0,0,0.0,50.0,0.0,0.0,0,1,1,1
YV Dhull,16,23,1,0,0,0,5.333333333333333,69.56521739130434,0.0,0.0,0,3,3,1
Yudhvir Singh,22,16,1,2,0,0,5.5,137.5,0.0,0.0,1,3,4,1
Atharva Taide,247,164,27,8,1,0,30.875,150.609756097561,0.1111111111111111,0.0,3,6,7,1
Liton Das,4,4,1,0,0,0,4.0,100.0,0.0,0.0,0,1,1,1
PD Salt,653,364,74,34,5,0,34.36842105263158,179.3956043956044,0.23809523809523808,0.0,14,7,11,1
Vijaykumar Vyshak,14,12,0,1,0,0,7.0,116.66666666666667,0.0,0.0,1,3,4,1
Abdul Basith,1,1,0,0,0,0,0.0,100.0,0.0,0.0,0,1,1,1
Arjun Tendulkar,13,9,0,1,0,0,13.0,144.44444444444443,0.0,0.0,0,1,1,1
JP Behrendorff,6,9,0,0,0,0,0.0,66.66666666666666,0.0,0.0,0,2,1,1
AJ Hosein,16,10,1,1,0,0,0.0,160.0,0.0,0.0,1,0,1,1
Naveen-ul-Haq,18,22,2,0,0,0,18.0,81.81818181818183,0.0,0.0,1,3,4,1
Noor Ahmad,13,18,2,0,0,0,3.25,72.22222222222221,0.0,0.0,1,4,5,1
JE Root,10,15,1,0,0,0,10.0,66.66666666666666,0.0,0.0,0,1,1,1
KM Asif,0,2,0,0,0,0,0.0,0.0,0.0,0.0,0,1,1,1
MD Shanaka,26,26,2,1,0,0,13.0,100.0,0.0,0.0,2,1,3,1
Sanvir Singh,25,20,2,1,0,0,12.5,125.0,0.0,0.0,1,4,4,1
Vivrant Sharma,69,45,9,2,1,0,69.0,153.33333333333334,1.0,0.0,0,1,1,1
DG Nalkande,12,12,0,1,0,0,6.0,100.0,0.0,0.0,0,2,2,1
R Ravindra,222,137,22,12,1,0,24.666666666666668,162.04379562043795,0.1,0.0,5,5,8,1
SD Hope,183,122,12,12,0,0,26.142857142857142,150.0,0.0,0.0,6,3,7,1
Sumit Kumar,18,21,2,1,0,0,9.0,85.71428571428571,0.0,0.0,1,2,3,1
Azmatullah Omarzai,42,33,2,2,0,0,10.5,127.27272727272727,0.0,0.0,2,2,4,1
Naman Dhir,140,77,12,10,0,0,23.333333333333332,181.8181818181818,0.0,0.0,1,6,5,1
G Coetzee,14,20,0,1,0,0,3.5,70.0,0.0,0.0,0,5,4,1
SZ Mulani,1,1,0,0,0,0,0.0,100.0,0.0,0.0,0,1,1,1
Sameer Rizvi,51,43,4,2,0,0,12.75,118.6046511627907,0.0,0.0,2,3,5,1
SH Johnson,6,6,1,0,0,0,0.0,100.0,0.0,0.0,0,3,3,1
Akash Madhwal,4,4,0,0,0,0,0.0,100.0,0.0,0.0,0,1,1,1
SB Dubey,33,19,3,2,0,0,16.5,173.6842105263158,0.0,0.0,1,2,3,1
Mayank Dagar,0,1,0,0,0,0,0.0,0.0,0.0,0.0,0,1,1,1
RJW Topley,3,6,0,0,0,0,0.0,50.0,0.0,0.0,0,1,1,1
A Raghuvanshi,163,102,16,8,1,0,23.285714285714285,159.80392156862746,0.14285714285714285,0.0,5,2,6,1
Ashutosh Sharma,189,108,10,15,1,0,27.0,175.0,0.1111111111111111,0.0,2,7,6,1
Nithish Kumar Reddy,303,211,15,21,1,0,33.666666666666664,143.60189573459715,0.09090909090909091,0.0,6,5,7,1
Saurav Chauhan,18,15,1,1,0,0,6.0,120.0,0.0,0.0,0,3,3,1
Kumar Kushagra,3,7,0,0,0,0,1.0,42.857142857142854,0.0,0.0,0,3,3,1
BR Sharath,2,5,0,0,0,0,2.0,40.0,0.0,0.0,0,1,1,1
WG Jacks,230,128,16,18,1,0,38.333333333333336,179.6875,0.125,0.0,5,3,6,1
J Fraser-McGurk,330,138,32,28,4,0,41.25,239.1304347826087,0.4444444444444444,0.0,6,3,7,1
Tanush Kotian,24,31,3,0,0,0,24.0,77.41935483870968,0.0,0.0,1,0,1,1
KA Maharaj,1,2,0,0,0,0,1.0,50.0,0.0,0.0,1,0,1,1
Arshad Khan (2),5,4,1,0,0,0,5.0,125.0,0.0,0.0,0,1,1,1
R Sai Kishore,13,5,0,2,0,0,13.0,260.0,0.0,0.0,0,1,1,1
L Wood,9,3,0,1,0,0,0.0,300.0,0.0,0.0,0,1,1,1
LB Williams,1,2,0,0,0,0,0.0,50.0,0.0,0.0,0,1,1,1
AA Kulkarni,9,8,2,0,0,0,4.5,112.5,0.0,0.0,1,1,2,1
MJ Suthar,1,2,0,0,0,0,1.0,50.0,0.0,0.0,0,1,1,1
RJ Gleeson,2,1,0,0,0,0,0.0,200.0,0.0,0.0,1,0,1,1
Gulbadin Naib,19,15,1,1,0,0,19.0,126.66666666666666,0.0,0.0,1,0,1,1
D Ferreira,8,11,0,0,0,0,4.0,72.72727272727273,0.0,0.0,0,2,2,1
A Kamboj,2,2,0,0,0,0,0.0,100.0,0.0,0.0,0,1,1,1
T Kohler-Cadmore,48,53,7,1,0,0,16.0,90.56603773584906,0.0,0.0,1,2,3,1
Shivam Singh,2,3,0,0,0,0,0.0,66.66666666666666,0.0,0.0,0,1,1,1
V Viyaskanth,7,5,0,0,0,0,0.0,140.0,0.0,0.0,0,1,1,1
