Player,T.Over,T.Run.Given,T.Wic,T.Mdn,T.ECN,Avg.Over,Avg.Run.Given,Avg.Wic,Avg.Mdn,Avg.ECN,T.Win,T.Loss,Unique.Opponents,Venues
P Kumar,420.8,3342,102,0,7.941386138613618,3.5364145658264388,28.084033613445378,0.8571428571428571,0.0,0.0667343372992741,58,61,12,1
Z Khan,367.0,2860,119,0,7.792915531335006,3.7070707070707756,28.88888888888889,1.202020202020202,0.0,0.0787163184983334,50,49,14,1
AA Noffke,4.0,41,1,0,10.250000000000005,3.9999999999999982,41.0,1.0,0.0,10.250000000000005,0,1,1,1
JH Kallis,291.8,2348,74,0,8.045688178183944,3.2790262172284446,26.382022471910112,0.8314606741573034,0.0,0.09040099076611173,44,45,11,1
SB Joshi,9.2,82,1,0,8.945454545454544,2.291666666666667,20.5,0.25,0.0,2.236363636363636,1,3,4,1
CL White,7.0,86,1,0,12.28571428571428,1.1666666666666672,14.333333333333334,0.16666666666666666,0.0,2.0476190476190466,1,5,5,1
AB Dinda,255.0,2103,82,0,8.2470588235296,3.399999999999923,28.04,1.0933333333333333,0.0,0.109960784313728,27,48,11,1
I Sharma,388.7,3255,96,0,8.374785591766525,3.533333333333417,29.59090909090909,0.8727272727272727,0.0,0.07613441447060477,47,63,17,1
AB Agarkar,130.7,1174,33,0,8.984693877550932,3.111111111111142,27.952380952380953,0.7857142857142857,0.0,0.2139212827988317,16,26,9,1
SC Ganguly,46.2,370,12,0,8.014440433213016,2.3083333333333274,18.5,0.6,0.0,0.4007220216606508,8,12,7,1
LR Shukla,52.7,458,17,0,8.696202531645604,1.9506172839506095,16.962962962962962,0.6296296296296297,0.0,0.32208157524613346,13,14,9,1
B Lee,148.0,1126,30,0,7.608108108108092,3.8947368421052713,29.63157894736842,0.7894736842105263,0.0,0.20021337126600242,20,18,10,1
S Sreesanth,150.5,1221,43,0,8.11295681063122,3.4204545454545494,27.75,0.9772727272727273,0.0,0.18438538205980046,20,24,9,1
JR Hopes,60.0,562,14,0,9.366666666666715,2.9999999999999845,28.1,0.7,0.0,0.46833333333333577,8,12,9,1
IK Pathan,340.7,2711,99,0,7.957925636007739,3.3729372937294104,26.84158415841584,0.9801980198019802,0.0,0.0787913429307697,46,55,11,1
K Goel,11.0,94,0,0,8.54545454545455,1.8333333333333324,15.666666666666666,0.0,0.0,1.424242424242425,1,5,3,1
PP Chawla,642.0,5179,201,0,8.066978193146497,3.3612565445025844,27.115183246073297,1.0523560209424083,0.0,0.042235487922232966,99,92,18,1
WA Mota,12.2,98,4,0,8.05479452054795,1.7380952380952368,14.0,0.5714285714285714,0.0,1.1506849315068501,4,3,5,1
JDP Oram,39.7,362,13,0,9.126050420168072,2.8333333333333317,25.857142857142858,0.9285714285714286,0.0,0.6518607442977195,8,6,8,1
MS Gony,148.8,1317,39,0,8.848824188129884,3.3825757575757636,29.931818181818183,0.8863636363636364,0.0,0.20110964063931555,22,22,11,1
M Muralitharan,255.0,1765,67,0,6.921568627451137,3.8636363636362763,26.742424242424242,1.0151515151515151,0.0,0.10487225193107784,35,31,10,1
P Amarnath,22.0,241,7,0,10.954545454545446,3.6666666666666696,40.166666666666664,1.1666666666666667,0.0,1.8257575757575744,6,0,5,1
Joginder Sharma,43.8,421,13,0,9.604562737642604,2.9222222222222167,28.066666666666666,0.8666666666666667,0.0,0.6403041825095069,6,9,7,1
GD McGrath,54.2,366,14,0,6.756923076923106,3.8690476190476026,26.142857142857142,1.0,0.0,0.4826373626373647,8,6,7,1
B Geeves,8.0,91,2,0,11.374999999999993,4.000000000000003,45.5,1.0,0.0,5.6874999999999964,2,0,2,1
MF Maharoof,70.8,532,33,0,7.510588235294136,3.541666666666658,26.6,1.65,0.0,0.37552941176470683,11,9,6,1
R Bhatia,273.0,2059,82,0,7.54212454212465,2.999999999999957,22.626373626373628,0.9010989010989011,0.0,0.08288048947389726,48,43,12,1
DL Vettori,129.5,894,34,0,6.903474903474831,3.808823529411805,26.294117647058822,1.0,0.0,0.20304337951396562,18,16,10,1
MM Patel,227.7,1733,82,0,7.612005856515514,3.613756613756547,27.50793650793651,1.3015873015873016,0.0,0.12082548978596054,37,26,11,1
SR Watson,340.3,2742,107,0,8.056807051909804,3.241269841269877,26.114285714285714,1.019047619047619,0.0,0.07673149573247431,56,49,14,1
SK Trivedi,252.5,1944,73,0,7.69900990099027,3.3666666666665916,25.92,0.9733333333333334,0.0,0.10265346534653694,45,30,10,1
SK Warne,199.0,1465,60,0,7.361809045226226,3.685185185185137,27.12962962962963,1.1111111111111112,0.0,0.13632979713381901,31,23,9,1
YK Pathan,191.2,1443,46,0,7.548387096774278,2.331300813008104,17.597560975609756,0.5609756097560976,0.0,0.09205350118017412,47,35,12,1
D Salunkhe,8.0,80,1,0,9.999999999999993,1.600000000000001,16.0,0.2,0.0,1.9999999999999987,3,2,4,1
R Vinay Kumar,356.3,3041,127,0,8.534144059868904,3.426282051282105,29.240384615384617,1.2211538461538463,0.0,0.08205907749873946,53,51,12,1
B Akhil,31.5,246,7,0,7.809523809523788,2.4230769230769296,18.923076923076923,0.5384615384615384,0.0,0.600732600732599,8,5,5,1
A Nehra,319.5,2537,121,0,7.940532081377118,3.630681818181834,28.829545454545453,1.375,0.0,0.09023331910655816,43,45,13,1
SM Pollock,46.0,307,13,0,6.673913043478278,3.53846153846153,23.615384615384617,1.0,0.0,0.513377926421406,6,7,7,1
DS Kulkarni,299.0,2513,91,0,8.404682274247518,3.2499999999999893,27.315217391304348,0.9891304347826086,0.0,0.09135524211138607,42,50,12,1
ST Jayasuriya,49.0,396,16,0,8.08163265306125,2.333333333333326,18.857142857142858,0.7619047619047619,0.0,0.3848396501457738,10,11,7,1
Harbhajan Singh,570.0,4101,161,0,7.1947368421051365,3.5625000000000626,25.63125,1.00625,0.0,0.0449671052631571,92,68,15,1
AM Nayar,38.2,323,9,0,8.462882096069869,2.008771929824561,17.0,0.47368421052631576,0.0,0.44541484716157204,8,11,7,1
M Kartik,192.3,1418,39,0,7.372616984402164,3.4969696969696566,25.78181818181818,0.7090909090909091,0.0,0.1340475815345848,24,31,11,1
Mohammad Hafeez,10.2,71,2,0,6.983606557377051,2.541666666666666,17.75,0.5,0.0,1.7459016393442628,1,3,4,1
DJ Hussey,52.8,485,10,0,9.179810725552088,2.032051282051274,18.653846153846153,0.38461538461538464,0.0,0.3530696432904649,13,13,8,1
WPUJC Vaas,47.3,364,22,0,7.690140845070444,3.6410256410256308,28.0,1.6923076923076923,0.0,0.5915492957746495,5,8,6,1
RP Singh,298.0,2417,100,0,8.110738255033587,3.6341463414634014,29.475609756097562,1.2195121951219512,0.0,0.09891144213455594,36,46,11,1
SB Styris,36.0,278,9,0,7.722222222222216,3.272727272727275,25.272727272727273,0.8181818181818182,0.0,0.7020202020202014,3,8,6,1
SB Bangar,25.0,221,6,0,8.839999999999986,2.777777777777782,24.555555555555557,0.6666666666666666,0.0,0.9822222222222207,2,7,7,1
A Symonds,88.0,694,23,0,7.886363636363608,2.933333333333344,23.133333333333333,0.7666666666666667,0.0,0.26287878787878693,15,15,8,1
PP Ojha,316.8,2399,99,0,7.571804313519175,3.520370370370382,26.655555555555555,1.1,0.0,0.08413115903910194,44,46,10,1
Pankaj Singh,50.2,472,11,0,9.408637873754186,2.9509803921568527,27.764705882352942,0.6470588235294118,0.0,0.5534492866914227,8,9,8,1
Mohammad Asif,32.2,307,9,0,9.544041450777177,4.020833333333344,38.375,1.125,0.0,1.1930051813471472,4,4,6,1
VY Mahesh,57.7,511,22,0,8.861271676300621,3.3921568627450815,30.058823529411764,1.2941176470588236,0.0,0.5212512750765071,7,10,8,1
Shahid Afridi,30.2,237,9,0,7.856353591160201,3.016666666666674,23.7,0.9,0.0,0.7856353591160201,2,8,6,1
DJ Bravo,521.5,4436,207,0,8.506232023010204,3.300632911392538,28.075949367088608,1.3101265822784811,0.0,0.05383691153803927,93,65,16,1
VS Yeligati,5.0,61,0,0,12.2,2.5,30.5,0.0,0.0,6.1,0,2,2,1
MA Khote,5.0,52,2,0,10.4,2.5,26.0,1.0,0.0,5.2,0,2,2,1
D Kalyankrishna,8.0,88,2,0,10.999999999999993,2.6666666666666683,29.333333333333332,0.6666666666666666,0.0,3.6666666666666643,1,2,3,1
VRV Singh,60.7,549,16,0,9.049450549450597,3.3703703703703525,30.5,0.8888888888888888,0.0,0.5027472527472554,12,6,7,1
Sohail Tanvir,41.3,275,24,0,6.65322580645162,3.7575757575757534,25.0,2.1818181818181817,0.0,0.60483870967742,10,1,6,1
A Kumble,161.7,1089,49,0,6.736082474226824,3.849206349206338,25.928571428571427,1.1666666666666667,0.0,0.1603829160530196,20,22,7,1
DNT Zoysa,11.3,100,2,0,8.823529411764712,3.7777777777777755,33.333333333333336,0.6666666666666666,0.0,2.9411764705882373,1,2,2,1
SD Chitnis,6.0,62,2,0,10.33333333333333,3.000000000000001,31.0,1.0,0.0,5.166666666666665,0,2,2,1
Yuvraj Singh,145.0,1091,39,0,7.524137931034458,1.9863013698630203,14.945205479452055,0.5342465753424658,0.0,0.10307038261691039,31,42,12,1
Shoaib Malik,8.7,87,2,0,10.038461538461535,1.7333333333333338,17.4,0.4,0.0,2.0076923076923068,2,3,4,1
DW Steyn,364.8,2583,105,0,7.079945180447567,3.840350877193051,27.189473684210526,1.105263157894737,0.0,0.07452573874155333,39,56,11,1
JA Morkel,289.3,2409,96,0,8.326036866359507,3.3256704980842673,27.689655172413794,1.103448275862069,0.0,0.09570157317654605,46,41,12,1
CRD Fernando,39.7,306,19,0,7.714285714285719,3.966666666666664,30.6,1.9,0.0,0.7714285714285719,6,4,7,1
V Kohli,42.8,371,5,0,8.661478599221804,1.6474358974358947,14.26923076923077,0.19230769230769232,0.0,0.3331337922777617,12,14,9,1
V Sehwag,22.8,236,6,0,10.335766423357654,1.5222222222222237,15.733333333333333,0.4,0.0,0.6890510948905103,6,9,8,1
Gagandeep Singh,14.0,142,3,0,10.142857142857155,3.499999999999996,35.5,0.75,0.0,2.5357142857142887,4,0,3,1
Y Venugopal Rao,36.0,338,7,0,9.388888888888882,1.8000000000000014,16.9,0.35,0.0,0.4694444444444441,7,13,9,1
Umar Gul,23.5,198,14,0,8.425531914893607,3.9166666666666714,33.0,2.3333333333333335,0.0,1.4042553191489346,3,3,4,1
PJ Sangwan,143.7,1267,44,0,8.819025522041729,3.420634920634934,30.166666666666668,1.0476190476190477,0.0,0.20997679814385067,19,23,11,1
M Ntini,35.3,257,8,0,7.273584905660369,3.92592592592593,28.555555555555557,0.8888888888888888,0.0,0.80817610062893,2,7,6,1
DP Vijaykumar,25.7,205,4,0,7.987012987012974,2.8518518518518565,22.77777777777778,0.4444444444444444,0.0,0.8874458874458859,1,8,7,1
DB Ravi Teja,3.0,28,1,0,9.333333333333336,1.4999999999999996,14.0,0.5,0.0,4.666666666666668,0,2,2,1
LPC Silva,1.0,21,0,0,21.000000000000004,0.9999999999999999,21.0,0.0,0.0,21.000000000000004,0,1,1,1
DJ Thornely,7.0,40,3,0,5.714285714285712,1.7500000000000009,10.0,0.75,0.0,1.428571428571428,4,0,4,1
RR Raje,23.3,214,7,0,9.17142857142856,2.333333333333336,21.4,0.7,0.0,0.917142857142856,7,3,6,1
SK Raina,151.3,1139,30,0,7.5264317180616676,2.193236714975847,16.507246376811594,0.43478260869565216,0.0,0.10907872055161837,43,26,11,1
S Vidyut,2.0,22,1,0,11.0,2.0,22.0,1.0,0.0,11.0,0,1,1,1
L Balaji,252.7,2083,85,0,8.244063324538443,3.461187214611795,28.534246575342465,1.1643835616438356,0.0,0.1129323743087458,40,33,11,1
CK Kapugedera,2.8,49,0,0,17.29411764705883,0.9444444444444442,16.333333333333332,0.0,0.0,5.764705882352943,2,1,3,1
DR Smith,90.5,825,27,0,9.116022099447475,1.9673913043478344,17.934782608695652,0.5869565217391305,0.0,0.19817439346624946,20,26,9,1
AD Mascarenhas,51.3,365,19,0,7.110389610389636,3.9487179487179342,28.076923076923077,1.4615384615384615,0.0,0.5469530469530489,5,8,8,1
A Mishra,565.3,4193,183,0,7.416863207547024,3.489711934156447,25.882716049382715,1.1296296296296295,0.0,0.04578310621942608,78,84,16,1
Shoaib Akhtar,7.0,54,5,0,7.71428571428571,2.3333333333333344,18.0,1.6666666666666667,0.0,2.57142857142857,2,1,3,1
Iqbal Abdulla,153.3,1125,45,0,7.33695652173913,3.1944444444444446,23.4375,0.9375,0.0,0.15285326086956522,27,21,13,1
RR Powar,71.2,538,15,0,7.559718969555052,2.737179487179481,20.692307692307693,0.5769230769230769,0.0,0.29075842190596357,15,11,7,1
PM Sarvesh Kumar,5.0,42,1,0,8.4,2.5,21.0,0.5,0.0,4.2,0,2,2,1
Abdur Razzak,2.2,29,0,0,13.384615384615385,2.1666666666666665,29.0,0.0,0.0,13.384615384615385,0,1,1,1
RA Jadeja,639.0,4917,169,0,7.694835680751242,3.028436018957319,23.303317535545023,0.8009478672985783,0.0,0.036468415548584085,122,89,17,1
TM Dilshan,45.2,368,5,0,8.147601476014778,1.8066666666666626,14.72,0.2,0.0,0.3259040590405911,14,11,11,1
RG Sharma,56.5,462,16,0,8.176991150442516,1.7656249999999918,14.4375,0.5,0.0,0.25553097345132864,15,17,8,1
A Nel,3.0,31,1,0,10.333333333333336,2.999999999999999,31.0,1.0,0.0,10.333333333333336,0,1,1,1
BAW Mendis,40.8,306,9,0,7.493877551020415,4.0833333333333295,30.6,0.9,0.0,0.7493877551020416,3,7,6,1
T Thushara,22.8,164,10,0,7.18248175182481,3.8055555555555594,27.333333333333332,1.6666666666666667,0.0,1.1970802919708017,3,3,5,1
A Flintoff,11.0,106,2,0,9.63636363636364,3.6666666666666647,35.333333333333336,0.6666666666666666,0.0,3.2121212121212133,1,2,3,1
SL Malinga,474.3,3486,188,0,7.349262122276586,3.8879781420766584,28.57377049180328,1.540983606557377,0.0,0.06023985346128349,74,48,13,1
Kamran Khan,27.8,248,14,0,8.910179640718544,3.092592592592599,27.555555555555557,1.5555555555555556,0.0,0.9900199600798383,2,7,6,1
T Henderson,6.0,41,1,0,6.833333333333331,3.000000000000001,20.5,0.5,0.0,3.4166666666666656,0,2,2,1
JD Ryder,39.3,314,11,0,7.983050847457631,2.458333333333332,19.625,0.6875,0.0,0.4989406779661019,7,9,9,1
DP Nannes,108.3,815,38,0,7.523076923076861,3.7356321839080766,28.103448275862068,1.3103448275862069,0.0,0.25941644562334004,18,11,9,1
AM Salvi,25.0,205,7,0,8.199999999999987,3.571428571428577,29.285714285714285,1.0,0.0,1.1714285714285695,4,3,6,1
YA Abdulla,35.0,311,15,0,8.885714285714275,3.1818181818181857,28.272727272727273,1.3636363636363635,0.0,0.8077922077922068,6,5,6,1
VS Malik,34.5,268,6,0,7.768115942028975,2.6538461538461577,20.615384615384617,0.46153846153846156,0.0,0.597547380156075,7,6,8,1
FH Edwards,23.5,160,6,0,6.808510638297864,3.9166666666666714,26.666666666666668,1.0,0.0,1.1347517730496441,4,2,6,1
Harmeet Singh,92.2,747,31,0,8.104882459312801,3.291666666666682,26.678571428571427,1.1071428571428572,0.0,0.2894600878326,15,13,8,1
CH Gayle,92.8,755,19,0,8.132854578096909,2.4429824561403626,19.86842105263158,0.5,0.0,0.2140224888972871,18,20,12,1
MC Henriques,158.5,1302,46,0,8.214511041009478,2.6416666666666617,21.7,0.7666666666666667,0.0,0.13690851735015797,35,25,13,1
KP Pietersen,29.0,218,9,0,7.517241379310327,2.230769230769236,16.76923076923077,0.6923076923076923,0.0,0.5782493368700252,5,8,7,1
LRPL Taylor,2.0,24,0,0,12.0,1.0,12.0,0.0,0.0,6.0,0,2,2,1
RS Bopara,34.3,301,13,0,8.766990291262122,2.452380952380956,21.5,0.9285714285714286,0.0,0.6262135922330087,7,7,6,1
MK Tiwary,7.0,83,1,0,11.85714285714285,1.1666666666666672,13.833333333333334,0.16666666666666666,0.0,1.9761904761904752,3,3,6,1
Anureet Singh,69.8,636,21,0,9.10739856801912,3.174242424242415,28.90909090909091,0.9545454545454546,0.0,0.41397266218268725,4,18,8,1
RR Bose,2.0,24,0,0,12.0,2.0,24.0,0.0,0.0,12.0,1,0,1,1
KP Appanna,36.0,291,11,0,8.083333333333327,2.7692307692307714,22.384615384615383,0.8461538461538461,0.0,0.6217948717948713,6,7,7,1
Shoaib Ahmed,17.0,154,5,0,9.058823529411773,2.428571428571426,22.0,0.7142857142857143,0.0,1.2941176470588247,2,5,5,1
BJ Hodge,39.0,310,18,0,7.948717948717952,1.9499999999999993,15.5,0.9,0.0,0.3974358974358976,7,13,9,1
SR Tendulkar,6.0,59,0,0,9.83333333333333,1.5000000000000004,14.75,0.0,0.0,2.4583333333333326,1,3,4,1
RE van der Merwe,73.8,515,25,0,6.975169300225742,3.5158730158730114,24.523809523809526,1.1904761904761905,0.0,0.3321509190583687,11,10,8,1
JP Duminy,113.0,847,23,0,7.49557522123887,2.306122448979613,17.285714285714285,0.46938775510204084,0.0,0.15297092288242592,17,32,11,1
S Tyagi,35.3,304,6,0,8.603773584905651,2.5238095238095264,21.714285714285715,0.42857142857142855,0.0,0.6145552560646894,9,5,7,1
GR Napier,4.0,28,1,0,7.0000000000000036,3.9999999999999982,28.0,1.0,0.0,7.0000000000000036,1,0,1,1
SM Harwood,10.0,74,3,0,7.400000000000001,3.3333333333333326,24.666666666666668,1.0,0.0,2.4666666666666672,2,1,3,1
AS Raut,5.0,45,0,0,9.0,1.0,9.0,0.0,0.0,1.8,2,3,4,1
SB Jakati,181.2,1474,50,0,8.136154553817917,3.1783625730993874,25.859649122807017,0.8771929824561403,0.0,0.14273955357575294,39,18,12,1
D du Preez,7.2,56,4,0,7.813953488372089,3.5833333333333353,28.0,2.0,0.0,3.9069767441860446,1,1,2,1
RJ Harris,138.8,1085,47,0,7.815126050420121,3.752252252252275,29.324324324324323,1.2702702702702702,0.0,0.2112196229843276,19,18,10,1
TL Suman,25.3,198,7,0,7.815789473684197,2.3030303030303068,18.0,0.6363636363636364,0.0,0.7105263157894725,3,8,6,1
A Singh,79.0,639,31,0,8.088607594936702,3.4347826086956545,27.782608695652176,1.3478260869565217,0.0,0.35167859108420446,12,11,9,1
M Morkel,273.7,2136,88,0,7.805115712545786,3.909523809523755,30.514285714285716,1.2571428571428571,0.0,0.11150165303636837,36,34,13,1
LA Carseldine,1.0,6,1,0,6.000000000000001,0.9999999999999999,6.0,1.0,0.0,6.000000000000001,1,0,1,1
A Mithun,49.5,477,8,0,9.636363636363669,3.09374999999999,29.8125,0.5,0.0,0.6022727272727293,9,7,8,1
C Nanda,8.0,58,2,0,7.249999999999996,2.6666666666666683,19.333333333333332,0.6666666666666666,0.0,2.416666666666665,1,2,3,1
SS Sarkar,4.2,34,1,0,8.160000000000004,2.0833333333333326,17.0,0.5,0.0,4.080000000000002,1,1,2,1
AD Mathews,132.0,1095,28,0,8.295454545454469,3.000000000000028,24.886363636363637,0.6363636363636364,0.0,0.18853305785123792,14,30,9,1
AM Rahane,1.0,5,1,0,5.000000000000001,0.9999999999999999,5.0,1.0,0.0,5.000000000000001,1,0,1,1
J Botha,115.7,818,27,0,7.072046109510019,3.401960784313758,24.058823529411764,0.7941176470588235,0.0,0.2080013561620594,17,17,11,1
Mashrafe Mortaza,4.3,59,1,0,13.615384615384619,4.333333333333332,59.0,1.0,0.0,13.615384615384619,0,1,1,1
AB McDonald,31.0,263,14,0,8.483870967741913,3.100000000000008,26.3,1.4,0.0,0.8483870967741913,5,5,7,1
Y Nagar,11.7,125,4,0,10.71428571428572,1.4583333333333324,15.625,0.5,0.0,1.339285714285715,2,6,5,1
CK Langeveldt,26.2,199,13,0,7.60509554140126,3.738095238095245,28.428571428571427,1.8571428571428572,0.0,1.08644222020018,5,2,6,1
R Ashwin,754.7,5435,198,0,7.201855123675217,3.6282051282049745,26.129807692307693,0.9519230769230769,0.0,0.03462430347920777,115,93,17,1
RA Shaikh,1.0,11,0,0,11.000000000000002,0.9999999999999999,11.0,0.0,0.0,11.000000000000002,0,1,1,1
Jaskaran Singh,17.7,174,6,0,9.849056603773592,2.523809523809522,24.857142857142858,0.8571428571428571,0.0,1.4070080862533703,2,5,5,1
SW Tait,80.3,668,26,0,8.315352697095426,3.82539682539683,31.80952380952381,1.2380952380952381,0.0,0.39596917605216314,10,11,9,1
A Uniyal,6.0,67,3,0,11.166666666666663,3.000000000000001,33.5,1.5,0.0,5.583333333333331,0,2,2,1
AA Jhunjhunwala,14.2,130,1,0,9.176470588235304,1.416666666666665,13.0,0.1,0.0,0.9176470588235304,2,8,5,1
R McLaren,59.5,558,14,0,9.37815126050425,3.3055555555555385,31.0,0.7777777777777778,0.0,0.5210084033613472,10,8,8,1
AG Murtaza,44.0,322,12,0,7.3181818181818326,3.6666666666666594,26.833333333333332,1.0,0.0,0.6098484848484861,7,5,6,1
R Sathish,23.2,233,6,0,10.057553956834521,1.6547619047619067,16.642857142857142,0.42857142857142855,0.0,0.7183967112024658,4,10,9,1
RS Gavaskar,1.0,8,0,0,8.000000000000002,0.9999999999999999,8.0,0.0,0.0,8.000000000000002,1,0,1,1
JM Kemp,7.3,58,3,0,7.909090909090905,1.4666666666666675,11.6,0.6,0.0,1.581818181818181,3,2,4,1
S Ladda,23.2,225,5,0,9.712230215827327,2.574074074074077,25.0,0.5555555555555556,0.0,1.0791366906474809,4,5,6,1
Bipul Sharma,71.0,581,22,0,8.183098591549316,2.53571428571428,20.75,0.7857142857142857,0.0,0.2922535211267613,15,13,12,1
SE Bond,31.0,225,9,0,7.258064516129013,3.87500000000001,28.125,1.125,0.0,0.9072580645161267,4,4,5,1
KA Pollard,249.3,2200,81,0,8.823529411764898,2.3302180685357747,20.560747663551403,0.7570093457943925,0.0,0.08246289169873737,63,44,15,1
S Narwal,17.7,203,6,0,11.490566037735858,2.9444444444444424,33.833333333333336,1.0,0.0,1.915094339622643,3,3,5,1
UT Yadav,513.3,4442,163,0,8.653246753246368,3.492063492063648,30.217687074829932,1.1088435374149659,0.0,0.058865624171744,74,73,18,1
SJ Srivastava,47.2,444,15,0,9.413427561837482,3.3690476190476097,31.714285714285715,1.0714285714285714,0.0,0.6723876829883916,6,8,9,1
AC Voges,9.0,76,1,0,8.444444444444443,1.285714285714286,10.857142857142858,0.14285714285714285,0.0,1.206349206349206,4,3,6,1
R Sharma,154.7,1100,42,0,7.112068965517245,3.515151515151514,25.0,0.9545454545454546,0.0,0.16163793103448285,13,31,10,1
J Theron,37.2,311,13,0,8.367713004484303,3.7166666666666677,31.1,1.3,0.0,0.8367713004484303,4,6,8,1
NLTC Perera,116.8,1031,37,0,8.824536376604765,3.2453703703704018,28.63888888888889,1.0277777777777777,0.0,0.2451260104612435,14,22,11,1
KAJ Roach,8.2,80,0,0,9.795918367346934,4.083333333333336,40.0,0.0,0.0,4.897959183673467,0,2,2,1
PD Collingwood,14.8,101,5,0,6.808988764044953,2.472222222222219,16.833333333333332,0.8333333333333334,0.0,1.1348314606741587,2,4,5,1
C Ganapathy,1.0,13,0,0,13.000000000000002,0.9999999999999999,13.0,0.0,0.0,13.000000000000002,1,0,1,1
MB Parmar,3.0,33,0,0,11.000000000000004,2.999999999999999,33.0,0.0,0.0,11.000000000000004,1,0,1,1
SB Wagh,17.0,147,5,0,8.64705882352942,2.124999999999998,18.375,0.625,0.0,1.0808823529411775,4,4,6,1
DE Bollinger,96.3,716,43,0,7.432525951557051,3.5679012345679215,26.51851851851852,1.5925925925925926,0.0,0.27527873894655747,20,7,9,1
JD Unadkat,355.3,3219,109,0,9.05909943714808,3.416666666666719,30.951923076923077,1.0480769230769231,0.0,0.08710672535719308,49,55,17,1
AP Dole,11.2,114,5,0,10.208955223880603,3.72222222222222,38.0,1.6666666666666667,0.0,3.4029850746268675,2,1,3,1
AN Ahmed,58.2,515,15,0,8.85386819484245,3.4215686274509634,30.294117647058822,0.8823529411764706,0.0,0.520815776167203,11,6,9,1
FY Fazal,2.0,20,1,0,10.0,1.0,10.0,0.5,0.0,5.0,1,1,2,1
MR Marsh,93.8,803,37,0,8.557726465364077,2.7598039215686416,23.61764705882353,1.088235294117647,0.0,0.2516978372165905,14,20,12,1
L Ablish,7.0,76,5,0,10.857142857142852,2.3333333333333344,25.333333333333332,1.6666666666666667,0.0,3.6190476190476173,2,1,3,1
S Sriram,3.0,49,0,0,16.33333333333334,1.4999999999999996,24.5,0.0,0.0,8.16666666666667,1,1,2,1
AJ Finch,7.2,67,1,0,9.34883720930232,1.433333333333334,13.4,0.2,0.0,1.8697674418604642,1,4,4,1
STR Binny,99.2,763,28,0,7.694117647058775,1.5740740740740842,12.11111111111111,0.4444444444444444,0.0,0.12212885154061548,36,27,13,1
ND Doshi,9.3,79,2,0,8.464285714285714,2.3333333333333335,19.75,0.5,0.0,2.1160714285714284,1,3,4,1
TG Southee,201.7,1774,57,0,8.796694214876153,3.734567901234517,32.851851851851855,1.0555555555555556,0.0,0.16290174471992877,30,24,17,1
S Randiv,29.0,223,8,0,7.689655172413775,3.6250000000000084,27.875,1.0,0.0,0.9612068965517219,6,2,7,1
AL Menaria,18.3,144,3,0,7.854545454545458,1.527777777777777,12.0,0.25,0.0,0.6545454545454549,4,8,8,1
DT Christian,147.7,1218,40,0,8.248306997742645,3.0136054421768774,24.857142857142858,0.8163265306122449,0.0,0.16833279587229888,23,26,13,1
AUK Pathan,6.5,63,0,0,9.692307692307688,2.1666666666666674,21.0,0.0,0.0,3.2307692307692295,1,2,3,1
RV Gomez,16.0,130,6,0,8.125000000000012,1.7777777777777752,14.444444444444445,0.6666666666666666,0.0,0.9027777777777791,5,4,8,1
JEC Franklin,25.5,225,9,0,8.82352941176469,1.7000000000000028,15.0,0.6,0.0,0.5882352941176461,12,3,8,1
AC Thomas,52.8,416,16,0,7.873817034700346,3.5222222222222084,27.733333333333334,1.0666666666666667,0.0,0.5249211356466897,3,12,9,1
WD Parnell,121.5,968,40,0,7.967078189300328,3.6818181818182203,29.333333333333332,1.2121212121212122,0.0,0.24142661179697963,12,21,14,1
M Manhas,7.0,42,0,0,5.999999999999997,2.3333333333333344,14.0,0.0,0.0,1.9999999999999991,1,2,3,1
NJ Rimmington,3.0,20,0,0,6.666666666666669,2.999999999999999,20.0,0.0,0.0,6.666666666666669,0,1,1,1
RN ten Doeschate,13.0,94,3,0,7.230769230769238,1.2999999999999987,9.4,0.3,0.0,0.7230769230769238,8,2,6,1
S Nadeem,236.5,1800,54,0,7.610993657505437,3.378571428571361,25.714285714285715,0.7714285714285715,0.0,0.10872848082150625,33,37,12,1
BA Bhatt,49.5,408,13,0,8.242424242424269,3.299999999999989,27.2,0.8666666666666667,0.0,0.5494949494949513,8,7,8,1
JJ van der Wath,12.3,134,3,0,10.864864864864874,4.111111111111108,44.666666666666664,1.0,0.0,3.6216216216216246,0,3,3,1
S Aravind,126.8,1057,48,0,8.333771353482167,3.337719298245651,27.81578947368421,1.263157894736842,0.0,0.219309772460057,18,20,12,1
R Ninan,6.0,65,3,0,10.83333333333333,3.000000000000001,32.5,1.5,0.0,5.416666666666665,0,2,2,1
Shakib Al Hasan,247.3,1864,71,0,7.536388140161888,3.5333333333332573,26.62857142857143,1.0142857142857142,0.0,0.1076626877165984,39,31,13,1
PC Valthaty,25.2,207,7,0,8.225165562913894,2.5166666666666706,20.7,0.7,0.0,0.8225165562913894,4,6,7,1
S Dhawan,8.0,72,4,0,8.999999999999995,1.3333333333333341,12.0,0.6666666666666666,0.0,1.4999999999999991,2,4,5,1
J Syed Mohammad,32.0,286,10,0,8.937499999999977,2.9090909090909167,26.0,0.9090909090909091,0.0,0.8124999999999979,7,4,6,1
VR Aaron,167.0,1527,46,0,9.143712574850342,3.3399999999999848,30.54,0.92,0.0,0.18287425149700684,24,26,13,1
NL McCullum,5.0,35,0,0,7.0,2.5,17.5,0.0,0.0,3.5,0,2,2,1
JE Taylor,19.7,167,6,0,8.491525423728813,3.9333333333333336,33.4,1.2,0.0,1.6983050847457626,0,5,4,1
KMDN Kulasekara,17.0,122,6,0,7.1764705882353015,3.3999999999999964,24.4,1.2,0.0,1.4352941176470604,3,2,3,1
P Parameswaran,25.8,226,9,0,8.748387096774179,3.2291666666666723,28.25,1.125,0.0,1.0935483870967724,5,3,6,1
I Malhotra,1.0,23,0,0,23.000000000000004,0.9999999999999999,23.0,0.0,0.0,23.000000000000004,0,1,1,1
B Chipli,1.0,20,0,0,20.000000000000004,0.9999999999999999,20.0,0.0,0.0,20.000000000000004,0,1,1,1
B Kumar,653.7,5051,195,0,7.7271800101989845,3.7140151515151003,28.698863636363637,1.1079545454545454,0.0,0.04390443187613059,77,99,17,1
AA Kazi,2.0,21,1,0,10.5,2.0,21.0,1.0,0.0,10.5,1,0,1,1
Anand Rajan,25.0,206,10,0,8.239999999999988,3.125000000000005,25.75,1.25,0.0,1.0299999999999985,4,4,6,1
P Prasanth,1.0,18,0,0,18.000000000000004,0.9999999999999999,18.0,0.0,0.0,18.000000000000004,1,0,1,1
Y Gnaneswara Rao,1.0,7,0,0,7.000000000000001,0.9999999999999999,7.0,0.0,0.0,7.000000000000001,1,0,1,1
AA Chavan,41.3,339,8,0,8.201612903225817,3.1794871794871757,26.076923076923077,0.6153846153846154,0.0,0.6308933002481397,6,7,6,1
S Rana,2.7,18,0,0,6.750000000000002,0.8888888888888887,6.0,0.0,0.0,2.2500000000000004,1,2,2,1
JP Faulkner,207.2,1849,76,0,8.92518101367672,3.452777777777727,30.816666666666666,1.2666666666666666,0.0,0.148753016894612,32,28,11,1
SS Mundhe,1.0,6,1,0,6.000000000000001,0.9999999999999999,6.0,1.0,0.0,6.000000000000001,0,1,1,1
RW Price,3.0,33,0,0,11.000000000000004,2.999999999999999,33.0,0.0,0.0,11.000000000000004,1,0,1,1
GJ Maxwell,157.3,1311,41,0,8.33262711864408,1.9915611814345964,16.59493670886076,0.5189873417721519,0.0,0.1054762926410643,38,41,16,1
M de Lange,18.3,171,6,0,9.327272727272732,3.666666666666665,34.2,1.2,0.0,1.8654545454545464,3,2,3,1
MN Samuels,35.7,285,10,0,7.990654205607469,3.2424242424242453,25.90909090909091,0.9090909090909091,0.0,0.726423109600679,5,6,8,1
KK Cooper,96.2,789,36,0,8.204506065857839,3.8466666666666884,31.56,1.44,0.0,0.32818024263431356,12,13,8,1
DAJ Bracewell,4.0,32,3,0,8.000000000000004,3.9999999999999982,32.0,3.0,0.0,8.000000000000004,0,1,1,1
HV Patel,363.0,3215,151,0,8.856749311294612,3.5242718446602552,31.21359223300971,1.4660194174757282,0.0,0.08598785739120983,52,51,16,1
Ankit Sharma,61.2,453,12,0,7.405994550408759,2.912698412698397,21.571428571428573,0.5714285714285714,0.0,0.3526664071623219,4,17,9,1
DJ Harris,3.0,26,0,0,8.66666666666667,1.4999999999999996,13.0,0.0,0.0,4.333333333333335,0,2,2,1
TP Sudhindra,11.8,137,1,0,11.577464788732403,3.9444444444444415,45.666666666666664,0.3333333333333333,0.0,3.8591549295774676,0,3,3,1
F du Plessis,1.0,16,0,0,16.000000000000004,0.9999999999999999,16.0,0.0,0.0,16.000000000000004,1,0,1,1
SP Narine,680.8,4672,200,0,6.8621787025705325,3.890476190476104,26.697142857142858,1.1428571428571428,0.0,0.039212449728974474,98,77,17,1
GB Hogg,76.5,585,25,0,7.647058823529413,3.6428571428571423,27.857142857142858,1.1904761904761905,0.0,0.36414565826330536,8,13,9,1
RR Bhatkal,2.0,35,0,0,17.5,2.0,35.0,0.0,0.0,17.5,0,1,1,1
P Awana,125.2,1046,43,0,8.356857523302173,3.7929292929293346,31.696969696969695,1.303030303030303,0.0,0.25323810676673253,19,14,9,1
V Pratap Singh,34.0,300,12,0,8.82352941176469,3.777777777777784,33.333333333333336,1.3333333333333333,0.0,0.9803921568627434,3,6,8,1
CJ McKay,7.0,60,1,0,8.571428571428568,3.5000000000000018,30.0,0.5,0.0,4.285714285714284,1,1,2,1
AD Russell,284.5,2691,125,0,9.458699472759314,2.540178571428548,24.026785714285715,1.1160714285714286,0.0,0.08445267386392244,57,55,16,1
A Ashish Reddy,44.0,400,19,0,9.090909090909108,2.1999999999999957,20.0,0.95,0.0,0.45454545454545536,7,13,8,1
Azhar Mahmood,90.3,707,31,0,7.826568265682624,3.9275362318840745,30.73913043478261,1.3478260869565217,0.0,0.34028557676880977,12,11,9,1
A Chandila,39.0,245,11,0,6.282051282051285,3.2499999999999987,20.416666666666668,0.9166666666666666,0.0,0.5235042735042738,7,5,7,1
P Negi,119.3,954,38,0,7.994413407821148,2.84126984126987,22.714285714285715,0.9047619047619048,0.0,0.190343176376694,14,28,13,1
LJ Wright,11.8,125,2,0,10.563380281690149,1.9722222222222208,20.833333333333332,0.3333333333333333,0.0,1.7605633802816916,1,5,5,1
RJ Peterson,8.0,70,3,0,8.749999999999995,2.0000000000000013,17.5,0.75,0.0,2.1874999999999987,3,1,4,1
R Shukla,20.5,217,7,0,10.585365853658534,2.9285714285714297,31.0,1.0,0.0,1.512195121951219,3,4,6,1
MJ Clarke,11.0,72,3,0,6.5454545454545485,2.199999999999999,14.4,0.6,0.0,1.3090909090909097,0,5,4,1
BW Hilfenhaus,62.5,497,23,0,7.952000000000044,3.6764705882352735,29.235294117647058,1.3529411764705883,0.0,0.4677647058823555,12,5,7,1
SPD Smith,0.3,5,0,0,15.0,0.3333333333333333,5.0,0.0,0.0,15.0,0,1,1,1
K Upadhyay,9.0,81,0,0,8.999999999999998,3.0000000000000004,27.0,0.0,0.0,2.9999999999999996,0,3,3,1
Sunny Gupta,3.0,47,0,0,15.666666666666671,2.999999999999999,47.0,0.0,0.0,15.666666666666671,0,1,1,1
MG Johnson,207.3,1740,66,0,8.39228295819948,3.8395061728394495,32.22222222222222,1.2222222222222223,0.0,0.15541264737406446,31,23,11,1
JJ Bumrah,518.0,3840,182,0,7.413127413127101,3.894736842105427,28.872180451127818,1.368421052631579,0.0,0.055737800098700004,69,64,15,1
S Badree,43.0,329,11,0,7.651162790697687,3.5833333333333273,27.416666666666668,0.9166666666666666,0.0,0.6375968992248072,4,8,8,1
AS Rajpoot,89.8,844,24,0,9.395176252319072,3.0977011494253,29.103448275862068,0.8275862068965517,0.0,0.3239715949075542,10,19,10,1
B Laughlin,28.2,284,10,0,10.08284023668637,3.1296296296296364,31.555555555555557,1.1111111111111112,0.0,1.1203155818540411,3,6,6,1
GH Vihari,7.0,48,1,0,6.857142857142854,1.1666666666666672,8.0,0.16666666666666666,0.0,1.1428571428571423,2,4,3,1
Mohammed Shami,407.0,3486,144,0,8.565110565110327,3.7000000000001028,31.69090909090909,1.309090909090909,0.0,0.07786464150100297,55,55,13,1
BMAJ Mendis,5.0,36,1,0,7.2,2.5,18.0,0.5,0.0,3.6,0,2,2,1
CH Morris,288.5,2377,107,0,8.239168110918605,3.5617283950617016,29.34567901234568,1.3209876543209877,0.0,0.10171812482615562,40,41,14,1
S Kaul,202.5,1772,63,0,8.750617283950737,3.681818181818131,32.21818181818182,1.1454545454545455,0.0,0.15910213243546795,25,30,14,1
R Dhawan,110.8,922,27,0,8.318796992481131,3.0787037037037304,25.61111111111111,0.75,0.0,0.23107769423558697,19,17,13,1
MM Sharma,376.7,3278,147,0,8.702654867256456,3.393393393393464,29.53153153153153,1.3243243243243243,0.0,0.07840229610140952,60,51,16,1
R Rampaul,45.0,319,17,0,7.088888888888905,3.7499999999999916,26.583333333333332,1.4166666666666667,0.0,0.590740740740742,4,8,7,1
KV Sharma,249.2,2130,82,0,8.548494983277779,3.0386178861787956,25.975609756097562,1.0,0.0,0.10424993882046071,41,41,14,1
SMSM Senanayake,32.0,211,9,0,6.593749999999982,4.000000000000011,26.375,1.125,0.0,0.8242187499999978,4,4,7,1
JO Holder,166.3,1489,59,0,8.95190380761527,3.6159420289854913,32.369565217391305,1.2826086956521738,0.0,0.19460660451337544,24,22,13,1
IC Pandey,77.3,609,19,0,7.874999999999999,3.2222222222222228,25.375,0.7916666666666666,0.0,0.32812499999999994,18,6,7,1
Sandeep Sharma,472.3,3758,153,0,7.956245589272797,3.7486772486773976,29.825396825396826,1.2142857142857142,0.0,0.06314480626406982,58,68,16,1
YS Chahal,588.3,4681,213,0,7.956373937676975,3.700209643605907,29.440251572327043,1.3396226415094339,0.0,0.05004008765834576,77,82,16,1
DJG Sammy,39.7,354,14,0,8.924369747899165,2.087719298245613,18.63157894736842,0.7368421052631579,0.0,0.46970367094206134,9,10,8,1
KW Richardson,55.8,479,21,0,8.57910447761198,3.7222222222222054,31.933333333333334,1.4,0.0,0.5719402985074653,7,8,10,1
P Suyal,16.7,154,2,0,9.24000000000001,3.3333333333333295,30.8,0.4,0.0,1.848000000000002,2,3,4,1
PV Tambe,110.0,866,28,0,7.8727272727272055,3.333333333333362,26.242424242424242,0.8484848484848485,0.0,0.23856749311294562,19,14,8,1
BJ Rohrer,1.0,12,0,0,12.000000000000002,0.9999999999999999,12.0,0.0,0.0,12.000000000000002,0,1,1,1
Parvez Rasool,33.0,273,4,0,8.272727272727256,3.0000000000000067,24.818181818181817,0.36363636363636365,0.0,0.7520661157024778,5,6,7,1
MG Neser,4.2,62,0,0,14.880000000000006,4.166666666666665,62.0,0.0,0.0,14.880000000000006,1,0,1,1
NM Coulter-Nile,144.3,1125,52,0,7.794457274826762,3.7982456140351015,29.605263157894736,1.368421052631579,0.0,0.20511729670596743,22,16,13,1
AC Gilchrist,0.2,0,1,0,0.0,0.16666666666666666,0.0,1.0,0.0,0.0,1,0,1,1
CJ Anderson,49.5,525,14,0,10.606060606060641,2.2499999999999925,23.863636363636363,0.6363636363636364,0.0,0.4820936639118473,9,13,10,1
MA Starc,139.0,1175,59,0,8.453237410071893,3.564102564102585,30.128205128205128,1.5128205128205128,0.0,0.2167496771813306,22,17,10,1
JDS Neesham,36.0,342,8,0,9.499999999999993,2.7692307692307714,26.307692307692307,0.6153846153846154,0.0,0.7307692307692302,6,7,9,1
AR Patel,517.5,3824,131,0,7.389371980676016,3.49662162162177,25.83783783783784,0.8851351351351351,0.0,0.04992818905862173,69,79,15,1
M Vijay,6.0,49,0,0,8.166666666666664,1.5000000000000004,12.25,0.0,0.0,2.041666666666666,0,4,3,1
R Tewatia,140.8,1117,36,0,7.931360946745522,2.7083333333333472,21.48076923076923,0.6923076923076923,0.0,0.1525261720527985,24,28,11,1
SA Yadav,1.0,8,0,0,8.000000000000002,0.9999999999999999,8.0,0.0,0.0,8.000000000000002,1,0,1,1
Shivam Sharma,19.0,165,4,0,8.684210526315791,3.7999999999999994,33.0,0.8,0.0,1.7368421052631582,3,2,5,1
Imran Tahir,219.5,1729,86,0,7.876993166287151,3.720338983050784,29.305084745762713,1.4576271186440677,0.0,0.13350835875062966,31,28,11,1
V Shankar,40.5,344,12,0,8.493827160493835,1.8409090909090893,15.636363636363637,0.5454545454545454,0.0,0.38608305274971977,10,12,8,1
LMP Simmons,3.0,34,1,0,11.333333333333337,2.999999999999999,34.0,1.0,0.0,11.333333333333337,0,1,1,1
BCJ Cutting,46.8,430,12,0,9.181494661921732,2.754901960784306,25.294117647058822,0.7058823529411765,0.0,0.5400879212895137,12,5,9,1
K Santokie,8.0,91,3,0,11.374999999999993,4.000000000000003,45.5,1.5,0.0,5.6874999999999964,2,0,2,1
S Gopal,165.3,1358,53,0,8.213709677419388,3.241830065359464,26.627450980392158,1.0392156862745099,0.0,0.16105313092979193,21,30,12,1
BE Hendricks,25.2,239,11,0,9.496688741721838,3.595238095238101,34.142857142857146,1.5714285714285714,0.0,1.3566698202459768,3,4,7,1
PJ Cummins,220.0,1976,66,0,8.981818181818337,3.793103448275797,34.06896551724138,1.1379310344827587,0.0,0.15485893416928168,27,31,14,1
JW Hastings,9.8,66,3,0,6.711864406779662,3.2777777777777772,22.0,1.0,0.0,2.2372881355932206,1,2,3,1
Karanveer Singh,34.0,323,14,0,9.499999999999984,3.777777777777784,35.888888888888886,1.5555555555555556,0.0,1.0555555555555538,3,6,6,1
DJ Muthuswami,14.0,108,4,0,7.714285714285723,2.333333333333331,18.0,0.6666666666666666,0.0,1.2857142857142871,3,3,6,1
TA Boult,390.5,3286,128,0,8.41485275288072,3.791262135922422,31.902912621359224,1.2427184466019416,0.0,0.08169759954253125,59,44,13,1
SA Abbott,9.0,104,1,0,11.555555555555554,3.0000000000000004,34.666666666666664,0.3333333333333333,0.0,3.851851851851851,1,2,3,1
KC Cariappa,36.3,349,8,0,9.605504587155957,3.303030303030305,31.727272727272727,0.7272727272727273,0.0,0.8732276897414507,4,7,5,1
DJ Hooda,62.2,535,10,0,8.605898123324444,1.8838383838383734,16.21212121212121,0.30303030303030304,0.0,0.26078479161589224,15,18,11,1
J Suchith,70.0,604,20,0,8.628571428571453,3.3333333333333237,28.761904761904763,0.9523809523809523,0.0,0.4108843537414978,12,9,9,1
RG More,5.8,63,1,0,10.799999999999997,2.9166666666666674,31.5,0.5,0.0,5.399999999999999,0,2,2,1
D Wiese,49.5,447,17,0,9.03030303030306,3.299999999999989,29.8,1.1333333333333333,0.0,0.602020202020204,6,9,7,1
MJ McClenaghan,213.8,1839,75,0,8.6001558846455,3.8184523809523196,32.839285714285715,1.3392857142857142,0.0,0.15357421222581252,34,22,11,1
HH Pandya,237.2,2196,70,0,9.259311314125274,2.550179211469483,23.612903225806452,0.7526881720430108,0.0,0.09956248724865886,56,37,16,1
SN Thakur,312.7,2908,100,0,9.300639658848597,3.3985507246376874,31.608695652173914,1.0869565217391304,0.0,0.10109390933531084,52,40,14,1
GS Sandhu,8.0,86,1,0,10.749999999999993,4.000000000000003,43.0,0.5,0.0,5.3749999999999964,1,1,2,1
Gurkeerat Singh,13.0,97,5,0,7.461538461538469,2.1666666666666647,16.166666666666668,0.8333333333333334,0.0,1.2435897435897447,1,5,5,1
J Yadav,65.3,447,9,0,6.841836734693913,3.26666666666665,22.35,0.45,0.0,0.3420918367346956,13,7,9,1
BB Sran,81.0,767,20,0,9.469135802469122,3.375000000000005,31.958333333333332,0.8333333333333334,0.0,0.3945473251028801,16,8,9,1
M Ashwin,145.5,1182,35,0,8.12371134020616,3.3068181818181923,26.863636363636363,0.7954545454545454,0.0,0.18462980318650365,15,29,13,1
C Munro,2.0,15,0,0,7.5,1.0,7.5,0.0,0.0,3.75,2,0,2,1
CR Brathwaite,42.8,384,16,0,8.964980544747096,2.677083333333329,24.0,1.0,0.0,0.5603112840466935,6,10,9,1
MP Stoinis,134.0,1300,45,0,9.701492537313353,2.1612903225806632,20.967741935483872,0.7258064516129032,0.0,0.15647568608569923,31,31,14,1
P Sahu,17.5,152,3,0,8.685714285714292,3.4999999999999973,30.4,0.6,0.0,1.7371428571428584,1,4,5,1
Mustafizur Rahman,217.7,1792,70,0,8.232771822358485,3.818713450292334,31.43859649122807,1.2280701754385965,0.0,0.14443459337471026,25,32,15,1
AF Milne,34.7,339,9,0,9.77884615384614,3.4666666666666712,33.9,0.9,0.0,0.9778846153846141,3,7,7,1
Kuldeep Yadav,291.3,2413,90,0,8.282608695652225,3.5528455284552622,29.426829268292682,1.0975609756097562,0.0,0.10100742311771006,42,40,15,1
KH Pandya,354.2,2644,80,0,7.46541176470577,3.0270655270655724,22.5982905982906,0.6837606837606838,0.0,0.06380693815987838,69,48,15,1
KJ Abbott,16.2,182,2,0,11.257731958762903,3.2333333333333285,36.4,0.4,0.0,2.251546391752581,1,4,4,1
T Shamsi,20.0,185,3,0,9.249999999999998,4.000000000000001,37.0,0.6,0.0,1.8499999999999996,1,4,5,1
S Kaushik,34.2,304,6,0,8.897560975609743,3.4166666666666723,30.4,0.6,0.0,0.8897560975609743,2,8,6,1
SM Boland,7.0,56,3,0,7.999999999999996,3.5000000000000018,28.0,1.5,0.0,3.999999999999998,1,1,2,1
Swapnil Singh,27.2,241,7,0,8.87116564417176,1.9404761904761945,17.214285714285715,0.5,0.0,0.6336546888694115,9,5,9,1
CJ Jordan,113.2,1111,36,0,9.817378497790779,3.32843137254905,32.6764705882353,1.0588235294117647,0.0,0.28874642640561116,18,16,14,1
A Zampa,69.8,562,30,0,8.047732696897398,3.4916666666666565,28.1,1.5,0.0,0.4023866348448699,11,9,10,1
Sachin Baby,1.7,8,3,0,4.8,0.8333333333333334,4.0,1.5,0.0,2.4,2,0,2,1
N Rana,30.0,253,10,0,8.433333333333312,1.250000000000003,10.541666666666666,0.4166666666666667,0.0,0.35138888888888803,13,11,11,1
DL Chahar,279.0,2243,79,0,8.039426523297584,3.4444444444444042,27.691358024691358,0.9753086419753086,0.0,0.09925217929997017,48,33,12,1
KS Williamson,3.0,31,0,0,10.333333333333336,1.4999999999999996,15.5,0.0,0.0,5.166666666666668,0,2,2,1
TS Mills,34.8,349,11,0,10.019138755980848,3.483333333333338,34.9,1.1,0.0,1.0019138755980848,1,9,9,1
A Choudhary,17.0,144,5,0,8.470588235294127,3.3999999999999964,28.8,1.0,0.0,1.6941176470588253,0,5,5,1
TM Head,9.7,113,3,0,11.689655172413794,1.611111111111111,18.833333333333332,0.5,0.0,1.9482758620689655,2,4,4,1
Rashid Khan,478.7,3340,157,0,6.977715877437042,3.955922865013935,27.60330578512397,1.2975206611570247,0.0,0.05766707336724828,65,56,14,1
BA Stokes,115.5,1023,31,0,8.857142857142772,3.039473684210555,26.92105263157895,0.8157894736842105,0.0,0.23308270676691506,18,20,11,1
CR Woakes,73.5,674,31,0,9.170068027210897,3.499999999999995,32.095238095238095,1.4761904761904763,0.0,0.43666990605766176,12,9,11,1
T Natarajan,223.0,2001,76,0,8.973094170403746,3.6557377049179682,32.80327868852459,1.2459016393442623,0.0,0.1470999044328483,31,30,14,1
RD Chahar,277.5,2165,76,0,7.801801801801898,3.6038961038960595,28.116883116883116,0.987012987012987,0.0,0.10132210132210256,42,35,13,1
B Stanlake,24.0,200,7,0,8.333333333333321,4.000000000000005,33.333333333333336,1.1666666666666667,0.0,1.3888888888888868,4,2,6,1
Tejas Baroka,3.5,33,0,0,9.428571428571432,3.4999999999999987,33.0,0.0,0.0,9.428571428571432,0,1,1,1
Basil Thampi,87.0,862,26,0,9.908045977011462,3.4800000000000115,34.48,1.04,0.0,0.3963218390804585,8,17,10,1
C de Grandhomme,36.3,323,7,0,8.889908256880728,1.9122807017543872,17.0,0.3684210526315789,0.0,0.4678899082568804,11,8,8,1
AJ Tye,114.5,1005,48,0,8.777292576419132,3.8166666666667024,33.5,1.6,0.0,0.2925764192139711,13,17,10,1
LH Ferguson,161.2,1451,57,0,9.0031023784902,3.5814814814814717,32.24444444444445,1.2666666666666666,0.0,0.20006894174422665,28,17,12,1
Mohammad Nabi,69.5,527,15,0,7.582733812949663,3.0217391304347734,22.91304347826087,0.6521739130434783,0.0,0.3296840788238984,10,13,10,1
Mohammed Siraj,327.7,2894,96,0,8.832146490335646,3.5232974910394512,31.118279569892472,1.032258064516129,0.0,0.09496931710038328,44,49,13,1
K Rabada,306.7,2652,126,0,8.647826086956524,3.833333333333332,33.15,1.575,0.0,0.10809782608695655,39,41,13,1
Washington Sundar,176.0,1335,39,0,7.5852272727273276,3.0344827586206677,23.017241379310345,0.6724137931034483,0.0,0.13077978056426426,30,28,13,1
SS Agarwal,4.0,42,1,0,10.500000000000005,3.9999999999999982,42.0,1.0,0.0,10.500000000000005,0,1,1,1
NB Singh,4.0,18,1,0,4.500000000000002,1.9999999999999991,9.0,0.5,0.0,2.250000000000001,1,1,2,1
RA Tripathi,1.0,12,0,0,12.000000000000002,0.9999999999999999,12.0,0.0,0.0,12.000000000000002,0,1,1,1
Ankit Soni,18.2,145,4,0,7.981651376146793,3.0277777777777763,24.166666666666668,0.6666666666666666,0.0,1.3302752293577988,3,3,6,1
MJ Henry,17.0,183,3,0,10.764705882352953,2.8333333333333304,30.5,0.5,0.0,1.7941176470588254,5,1,4,1
Avesh Khan,223.2,2010,81,0,9.00672143390606,3.599462365591334,32.41935483870968,1.3064516129032258,0.0,0.14526970054687194,36,26,13,1
MA Wood,20.2,192,11,0,9.520661157024792,4.033333333333334,38.4,2.2,0.0,1.9041322314049585,3,2,5,1
M Markande,120.2,1081,37,0,8.995839112343875,3.247747747747781,29.216216216216218,1.0,0.0,0.24313078682010472,17,20,13,1
Mujeeb Ur Rahman,72.3,598,20,0,8.267281105990799,3.8070175438596423,31.473684210526315,1.0526315789473684,0.0,0.43512005821004207,9,10,8,1
K Khejroliya,20.5,221,5,0,10.780487804878046,2.9285714285714297,31.571428571428573,0.7142857142857143,0.0,1.5400696864111494,3,4,6,1
K Gowtham,98.0,825,22,0,8.418367346938725,2.800000000000017,23.571428571428573,0.6285714285714286,0.0,0.24052478134110641,14,21,10,1
DJM Short,3.0,23,1,0,7.666666666666669,1.4999999999999996,11.5,0.5,0.0,3.8333333333333344,1,1,2,1
TK Curran,40.2,432,13,0,10.75518672199171,3.089743589743587,33.23076923076923,1.0,0.0,0.8273220555378238,6,7,7,1
A Dananjaya,4.0,47,0,0,11.750000000000005,3.9999999999999982,47.0,0.0,0.0,11.750000000000005,0,1,1,1
Shivam Mavi,109.2,958,33,0,8.775572519083896,3.411458333333362,29.9375,1.03125,0.0,0.27423664122137176,19,13,11,1
JC Archer,158.8,1210,49,0,7.618048268625408,3.9708333333333257,30.25,1.225,0.0,0.1904512067156352,17,23,10,1
LE Plunkett,25.0,228,4,0,9.119999999999985,3.571428571428577,32.57142857142857,0.5714285714285714,0.0,1.3028571428571407,3,4,6,1
IS Sodhi,30.2,204,9,0,6.762430939226502,3.770833333333343,25.5,1.125,0.0,0.8453038674033128,3,5,6,1
MK Lomror,15.0,127,2,0,8.466666666666677,1.3636363636363618,11.545454545454545,0.18181818181818182,0.0,0.7696969696969707,5,6,7,1
L Ngidi,54.3,460,28,0,8.466257668711693,3.8809523809523645,32.857142857142854,2.0,0.0,0.6047326906222638,10,4,7,1
KM Asif,22.5,232,7,0,10.311111111111101,3.2142857142857175,33.142857142857146,1.0,0.0,1.4730158730158716,3,4,6,1
DJ Willey,36.0,277,7,0,7.694444444444438,3.272727272727275,25.181818181818183,0.6363636363636364,0.0,0.699494949494949,6,5,7,1
M Prasidh Krishna,194.7,1741,54,0,8.94349315068504,3.8169934640522416,34.13725490196079,1.0588235294117647,0.0,0.17536261079774587,25,26,11,1
MM Ali,126.5,900,40,0,7.1146245059287745,2.4326923076923346,17.307692307692307,0.7692307692307693,0.0,0.13681970203709182,20,32,12,1
JPR Scantlebury-Searles,7.0,89,2,0,12.714285714285708,2.3333333333333344,29.666666666666668,0.6666666666666666,0.0,4.238095238095236,3,0,3,1
S Lamichhane,35.0,297,14,0,8.485714285714275,3.8888888888888937,33.0,1.5555555555555556,0.0,0.9428571428571417,5,4,6,1
CJ Dala,3.0,34,0,0,11.333333333333337,2.999999999999999,34.0,0.0,0.0,11.333333333333337,0,1,1,1
KK Ahmed,213.5,1918,78,0,8.983606557377193,3.7456140350876597,33.64912280701754,1.368421052631579,0.0,0.1576071325855648,23,34,12,1
Navdeep Saini,110.2,968,26,0,8.786686838123979,3.5537634408602456,31.225806451612904,0.8387096774193549,0.0,0.28344151090722514,15,16,9,1
S Dube,18.7,190,6,0,10.178571428571432,1.3333333333333328,13.571428571428571,0.42857142857142855,0.0,0.7270408163265308,4,10,9,1
Rasikh Salam,32.8,341,9,0,10.385786802030434,2.9848484848484915,31.0,0.8181818181818182,0.0,0.9441624365482213,6,5,8,1
KMA Paul,28.0,239,10,0,8.535714285714267,3.5000000000000075,29.875,1.25,0.0,1.0669642857142834,5,3,5,1
SM Curran,198.0,1924,62,0,9.71717171717184,3.4137931034482323,33.172413793103445,1.0689655172413792,0.0,0.16753744339951449,27,31,12,1
CV Varun,266.0,2042,85,0,7.676691729323444,3.7999999999999328,29.17142857142857,1.2142857142857142,0.0,0.10966702470462063,38,32,12,1
GC Viljoen,23.0,229,8,0,9.956521739130425,3.8333333333333375,38.166666666666664,1.3333333333333333,0.0,1.6594202898550707,2,4,4,1
Mandeep Singh,2.0,26,0,0,13.0,1.0,13.0,0.0,0.0,6.5,1,1,2,1
P Ray Barman,4.0,56,0,0,14.000000000000007,3.9999999999999982,56.0,0.0,0.0,14.000000000000007,0,1,1,1
MJ Santner,61.2,428,16,0,6.997275204359711,3.3981481481481297,23.77777777777778,0.8888888888888888,0.0,0.38873751135331724,10,8,9,1
JP Behrendorff,61.0,563,22,0,9.22950819672136,3.5882352941176276,33.11764705882353,1.2941176470588236,0.0,0.5429122468659624,10,7,9,1
SC Kuggeleijn,8.0,71,2,0,8.874999999999995,4.000000000000003,35.5,1.0,0.0,4.437499999999997,2,0,2,1
AS Joseph,72.5,707,22,0,9.75172413793105,3.2954545454545396,32.13636363636363,1.0,0.0,0.44326018808777506,14,8,10,1
HF Gurney,27.2,239,7,0,8.79754601226992,3.39583333333334,29.875,0.875,0.0,1.09969325153374,3,5,6,1
S Midhun,2.0,29,0,0,14.5,2.0,29.0,0.0,0.0,14.5,0,1,1,1
R Parag,29.2,307,5,0,10.52571428571426,1.3888888888888922,14.619047619047619,0.23809523809523808,0.0,0.5012244897959172,9,12,9,1
LS Livingstone,43.0,395,11,0,9.186046511627922,1.9545454545454513,17.954545454545453,0.5,0.0,0.4175475687103601,9,13,10,1
SN Khan,0.3,6,0,0,18.0,0.3333333333333333,6.0,0.0,0.0,18.0,0,1,1,1
Abhishek Sharma,45.2,396,11,0,8.767527675276773,1.7371794871794832,15.23076923076923,0.4230769230769231,0.0,0.3372126028952605,12,14,11,1
Arshdeep Singh,228.2,2097,84,0,9.1906501095692,3.510256410256345,32.261538461538464,1.2923076923076924,0.0,0.14139461707029538,28,37,10,1
SE Rutherford,6.8,60,1,0,8.780487804878044,1.1388888888888895,10.0,0.16666666666666666,0.0,1.4634146341463408,5,1,5,1
Harpreet Brar,113.2,907,25,0,8.014727540500663,2.9017094017094283,23.256410256410255,0.6410256410256411,0.0,0.20550583437181189,17,22,10,1
Y Prithvi Raj,5.0,57,1,0,11.4,2.5,28.5,0.5,0.0,5.7,0,2,2,1
O Thomas,10.3,85,5,0,8.225806451612906,2.5833333333333326,21.25,1.25,0.0,2.0564516129032264,2,2,4,1
AS Roy,22.7,191,6,0,8.426470588235286,2.518518518518521,21.22222222222222,0.6666666666666666,0.0,0.9362745098039207,4,5,7,1
S Sandeep Warrier,28.3,257,8,0,9.070588235294098,2.8333333333333397,25.7,0.8,0.0,0.9070588235294098,5,5,6,1
JL Pattinson,35.5,321,11,0,9.042253521126751,3.5500000000000034,32.1,1.1,0.0,0.9042253521126751,6,4,7,1
SS Cottrell,20.0,177,6,0,8.849999999999998,3.333333333333334,29.5,1.0,0.0,1.4749999999999996,1,5,6,1
Ravi Bishnoi,236.0,1861,68,0,7.88559322033914,3.630769230769159,28.630769230769232,1.0461538461538462,0.0,0.1213168187744483,34,31,10,1
A Nortje,177.0,1614,62,0,9.118644067796678,3.8478260869564926,35.08695652173913,1.3478260869565217,0.0,0.19823139277818866,22,24,10,1
I Udana,29.0,286,8,0,9.862068965517219,2.9000000000000066,28.6,0.8,0.0,0.9862068965517219,6,4,7,1
TU Deshpande,130.0,1275,46,0,9.807692307692207,3.611111111111148,35.416666666666664,1.2777777777777777,0.0,0.27243589743589464,18,18,12,1
KL Nagarkoti,30.0,287,5,0,9.566666666666643,2.727272727272734,26.09090909090909,0.45454545454545453,0.0,0.8696969696969675,7,4,7,1
Kartik Tyagi,71.7,720,16,0,10.046511627906998,3.583333333333326,36.0,0.8,0.0,0.5023255813953499,7,13,8,1
DR Sams,60.3,528,15,0,8.751381215469658,3.7708333333333135,33.0,0.9375,0.0,0.5469613259668537,6,10,11,1
Shahbaz Ahmed,89.8,850,21,0,9.46196660482371,2.1388888888888977,20.238095238095237,0.5,0.0,0.2252849191624693,24,18,10,1
Abdul Samad,9.0,113,2,0,12.555555555555554,1.8000000000000003,22.6,0.4,0.0,2.5111111111111106,2,3,5,1
JR Hazlewood,100.8,830,36,0,8.231404958677631,3.734567901234593,30.74074074074074,1.3333333333333333,0.0,0.30486685032139377,13,14,10,1
DA Warner,0.2,2,0,0,12.0,0.16666666666666666,2.0,0.0,0.0,12.0,1,0,1,1
CJ Green,2.8,24,0,0,8.47058823529412,2.8333333333333326,24.0,0.0,0.0,8.47058823529412,0,1,1,1
P Dubey,11.0,91,1,0,8.272727272727277,2.7499999999999987,22.75,0.25,0.0,2.0681818181818192,1,3,3,1
Monu Kumar,2.2,20,0,0,9.230769230769232,2.1666666666666665,20.0,0.0,0.0,9.230769230769232,1,0,1,1
KA Jamieson,28.5,271,9,0,9.50877192982454,3.1666666666666736,30.11111111111111,1.0,0.0,1.0565302144249489,6,3,7,1
M Jansen,76.3,732,22,0,9.589519650655024,3.634920634920634,34.857142857142854,1.0476190476190477,0.0,0.4566437928883345,10,11,8,1
C Sakariya,71.8,610,20,0,8.491879350348045,3.7807017543859573,32.10526315789474,1.0526315789473684,0.0,0.4469410184393708,7,12,9,1
JA Richardson,15.0,162,3,0,10.800000000000015,3.749999999999995,40.5,0.75,0.0,2.7000000000000037,1,3,4,1
RP Meredith,65.0,621,21,0,9.553846153846203,3.611111111111092,34.5,1.1666666666666667,0.0,0.5307692307692335,10,8,8,1
LI Meriwala,3.2,32,1,0,10.10526315789474,3.1666666666666656,32.0,1.0,0.0,10.10526315789474,1,0,1,1
Lalit Yadav,48.2,430,11,0,8.927335640138436,2.535087719298238,22.63157894736842,0.5789473684210527,0.0,0.4698597705336019,9,10,8,1
Jalaj S Saxena,3.0,27,0,0,9.000000000000004,2.999999999999999,27.0,0.0,0.0,9.000000000000004,0,1,1,1
FA Allen,15.0,136,2,0,9.066666666666679,3.749999999999995,34.0,0.5,0.0,2.2666666666666697,2,2,4,1
PWH de Silva,92.0,758,36,0,8.23913043478257,3.5384615384615548,29.153846153846153,1.3846153846153846,0.0,0.3168896321070219,13,13,9,1
Umran Malik,82.8,785,31,0,9.476861167001994,3.1858974358974423,30.192307692307693,1.1923076923076923,0.0,0.36449466026930744,11,15,9,1
Akash Singh,23.0,227,5,0,9.869565217391294,3.285714285714289,32.42857142857143,0.7142857142857143,0.0,1.4099378881987563,4,3,6,1
GD Phillips,5.0,40,2,0,8.0,1.25,10.0,0.5,0.0,2.0,1,3,4,1
AK Markram,20.3,173,2,0,8.508196721311473,1.4523809523809528,12.357142857142858,0.14285714285714285,0.0,0.6077283372365337,3,11,8,1
GHS Garton,15.3,136,3,0,8.869565217391317,3.0666666666666624,27.2,0.6,0.0,1.7739130434782635,3,2,5,1
VR Iyer,13.7,145,3,0,10.609756097560988,1.5185185185185168,16.11111111111111,0.3333333333333333,0.0,1.1788617886178876,3,6,5,1
K Yadav,9.0,85,2,0,9.444444444444443,3.0000000000000004,28.333333333333332,0.6666666666666666,0.0,3.1481481481481475,1,2,3,1
NT Ellis,59.5,514,19,0,8.638655462184918,3.718749999999981,32.125,1.1875,0.0,0.5399159663865574,8,8,6,1
RV Patel,3.0,22,0,0,7.333333333333336,2.999999999999999,22.0,0.0,0.0,7.333333333333336,0,1,1,1
IC Porel,4.0,42,1,0,10.500000000000005,3.9999999999999982,42.0,1.0,0.0,10.500000000000005,0,1,1,1
AU Rashid,10.0,91,2,0,9.100000000000001,3.3333333333333326,30.333333333333332,0.6666666666666666,0.0,3.0333333333333337,0,3,2,1
OF Smith,15.2,179,7,0,11.802197802197817,2.5277777777777746,29.833333333333332,1.1666666666666667,0.0,1.9670329670329696,3,3,6,1
Akash Deep,28.0,324,8,0,11.571428571428546,3.5000000000000075,40.5,1.0,0.0,1.4464285714285683,4,4,5,1
PVD Chameera,47.3,442,11,0,9.33802816901411,3.6410256410256308,34.0,0.8461538461538461,0.0,0.7183098591549316,6,7,8,1
Mohsin Khan,81.0,698,27,0,8.617283950617272,3.5217391304347876,30.347826086956523,1.173913043478261,0.0,0.3746645195920553,12,11,8,1
R Shepherd,21.0,260,6,0,12.380952380952374,2.6250000000000013,32.5,0.75,0.0,1.5476190476190468,3,5,6,1
Mukesh Choudhary,46.7,452,16,0,9.685714285714312,3.3333333333333246,32.285714285714285,1.1428571428571428,0.0,0.6918367346938794,4,10,8,1
D Pretorius,25.0,242,7,0,9.679999999999986,3.571428571428577,34.57142857142857,1.0,0.0,1.3828571428571408,3,4,5,1
VG Arora,65.5,598,20,0,9.129770992366458,3.2749999999999835,29.9,1.0,0.0,0.4564885496183229,14,6,9,1
YBK Jaiswal,0.2,6,0,0,36.0,0.16666666666666666,6.0,0.0,0.0,36.0,0,1,1,1
Tilak Varma,3.7,28,0,0,7.636363636363639,0.9166666666666663,7.0,0.0,0.0,1.9090909090909098,1,3,4,1
DG Nalkande,14.2,150,6,0,10.58823529411766,2.3611111111111085,25.0,1.0,0.0,1.7647058823529431,2,4,4,1
M Theekshana,104.0,814,25,0,7.826923076923019,3.85185185185188,30.14814814814815,0.9259259259259259,0.0,0.2898860398860377,14,13,10,1
D Brevis,0.5,8,1,0,16.0,0.5,8.0,1.0,0.0,16.0,0,1,1,1
R Powell,3.2,35,1,0,11.052631578947372,1.5833333333333328,17.5,0.5,0.0,5.526315789473686,1,1,2,1
KR Sen,40.5,396,14,0,9.777777777777786,3.374999999999997,33.0,1.1666666666666667,0.0,0.8148148148148154,6,6,8,1
Yash Dayal,97.2,933,31,0,9.602058319039395,3.4702380952381158,33.32142857142857,1.1071428571428572,0.0,0.34293065425140695,19,9,9,1
Shashank Singh,3.0,25,1,0,8.333333333333336,0.9999999999999997,8.333333333333334,0.3333333333333333,0.0,2.7777777777777786,1,2,3,1
Aman Hakim Khan,1.0,13,0,0,13.000000000000002,0.9999999999999999,13.0,0.0,0.0,13.000000000000002,0,1,1,1
OC McCoy,27.2,255,11,0,9.386503067484643,3.39583333333334,31.875,1.375,0.0,1.1733128834355804,5,3,7,1
HR Shokeen,34.3,320,5,0,9.320388349514548,2.641025641025645,24.615384615384617,0.38461538461538464,0.0,0.7169529499626576,7,6,8,1
A Badoni,4.2,37,2,0,8.880000000000003,0.833333333333333,7.4,0.4,0.0,1.7760000000000005,2,3,4,1
DJ Mitchell,8.0,97,1,0,12.124999999999991,2.0000000000000013,24.25,0.25,0.0,3.031249999999998,2,2,3,1
Harshit Rana,64.5,590,27,0,9.147286821705476,3.3947368421052446,31.05263157894737,1.4210526315789473,0.0,0.48143614851081457,12,7,9,1
SS Iyer,1.0,7,0,0,7.000000000000001,0.9999999999999999,7.0,0.0,0.0,7.000000000000001,0,1,1,1
K Kartikeya,39.0,334,10,0,8.564102564102567,3.2499999999999987,27.833333333333332,0.8333333333333334,0.0,0.7136752136752139,8,4,7,1
Simarjeet Singh,30.2,265,10,0,8.78453038674031,3.016666666666674,26.5,1.0,0.0,0.8784530386740309,4,6,8,1
Fazalhaq Farooqi,25.3,229,6,0,9.039473684210511,3.619047619047625,32.714285714285715,0.8571428571428571,0.0,1.2913533834586446,1,6,6,1
R Sai Kishore,31.0,259,13,0,8.354838709677397,3.100000000000008,25.9,1.3,0.0,0.8354838709677397,6,4,8,1
Ramandeep Singh,6.7,64,6,0,9.599999999999996,1.6666666666666674,16.0,1.5,0.0,2.399999999999999,2,2,4,1
PH Solanki,6.0,39,2,0,6.499999999999998,3.000000000000001,19.5,1.0,0.0,3.249999999999999,0,2,2,1
M Pathirana,75.3,617,38,0,8.19026548672567,3.7666666666666644,30.85,1.9,0.0,0.4095132743362835,10,10,9,1
R Sanjay Yadav,2.0,23,0,0,11.5,2.0,23.0,0.0,0.0,11.5,0,1,1,1
J Little,38.0,341,13,0,8.973684210526315,3.4545454545454546,31.0,1.1818181818181819,0.0,0.8157894736842105,8,3,7,1
RS Hangargekar,6.2,60,3,0,9.729729729729726,3.0833333333333344,30.0,1.5,0.0,4.864864864864863,1,1,2,1
Sikandar Raza,14.2,146,3,0,10.305882352941188,2.0238095238095215,20.857142857142858,0.42857142857142855,0.0,1.4722689075630269,6,1,6,1
Mukesh Kumar,67.2,707,31,0,10.526054590570764,3.358333333333319,35.35,1.55,0.0,0.5263027295285382,11,9,10,1
KR Mayers,7.3,59,0,0,8.045454545454541,1.222222222222223,9.833333333333334,0.0,0.0,1.3409090909090902,4,2,5,1
NA Saini,2.5,35,0,0,14.000000000000002,2.4999999999999996,35.0,0.0,0.0,14.000000000000002,1,0,1,1
RJW Topley,17.0,182,5,0,10.705882352941188,3.3999999999999964,36.4,1.0,0.0,2.1411764705882375,1,4,4,1
MG Bracewell,11.0,95,6,0,8.63636363636364,2.199999999999999,19.0,1.2,0.0,1.727272727272728,3,2,5,1
Arshad Khan,22.3,282,6,0,12.626865671641779,2.4814814814814836,31.333333333333332,0.6666666666666666,0.0,1.4029850746268644,4,5,6,1
C Green,73.3,675,20,0,9.204545454545467,2.5287356321839045,23.275862068965516,0.6896551724137931,0.0,0.3173981191222575,16,13,9,1
Yash Thakur,67.8,702,27,0,10.348894348894389,3.5701754385964777,36.94736842105263,1.4210526315789473,0.0,0.5446786499418099,9,10,10,1
Suyash Sharma,43.2,381,11,0,8.826254826254841,3.320512820512815,29.307692307692307,0.8461538461538461,0.0,0.6789426789426801,7,6,9,1
SSB Magala,6.0,52,1,0,8.666666666666664,3.000000000000001,26.0,0.5,0.0,4.333333333333332,1,1,2,1
Mohit Rathee,2.0,29,0,0,14.5,2.0,29.0,0.0,0.0,14.5,0,1,1,1
MW Short,4.0,25,0,0,6.250000000000003,1.3333333333333328,8.333333333333334,0.0,0.0,2.0833333333333344,2,1,3,1
Vijaykumar Vyshak,38.7,396,17,0,10.241379310344831,3.5151515151515142,36.0,1.5454545454545454,0.0,0.931034482758621,4,7,8,1
Yudhvir Singh,12.0,125,4,0,10.416666666666675,2.399999999999998,25.0,0.8,0.0,2.083333333333335,2,3,5,1
Arjun Tendulkar,12.3,117,4,0,9.486486486486495,2.4666666666666646,23.4,0.8,0.0,1.897297297297299,2,3,5,1
D Jansen,4.0,53,1,0,13.250000000000005,3.9999999999999982,53.0,1.0,0.0,13.250000000000005,1,0,1,1
Noor Ahmad,82.2,672,24,0,8.178498985801202,3.5724637681159486,29.217391304347824,1.0434782608695652,0.0,0.3555869124261392,13,10,10,1
Naveen-ul-Haq,65.3,602,26,0,9.214285714285761,3.8431372549019414,35.411764705882355,1.5294117647058822,0.0,0.5420168067226918,9,8,9,1
Mayank Dagar,22.8,205,2,0,8.978102189781012,2.8541666666666696,25.625,0.25,0.0,1.1222627737226265,1,7,7,1
Gurnoor Brar,3.3,42,0,0,12.600000000000005,3.333333333333332,42.0,0.0,0.0,12.600000000000005,0,1,1,1
AJ Hosein,4.0,41,1,0,10.250000000000005,3.9999999999999982,41.0,1.0,0.0,10.250000000000005,1,0,1,1
Akash Madhwal,44.8,431,22,0,9.613382899628274,3.4487179487179414,33.15384615384615,1.6923076923076923,0.0,0.739490992279098,8,5,9,1
R Goyal,4.0,34,0,0,8.500000000000004,3.9999999999999982,34.0,0.0,0.0,8.500000000000004,0,1,1,1
T Stubbs,4.0,29,4,0,7.2500000000000036,1.3333333333333328,9.666666666666666,1.3333333333333333,0.0,2.416666666666668,2,1,3,1
Vivrant Sharma,3.2,37,0,0,11.684210526315793,1.5833333333333328,18.5,0.0,0.0,5.8421052631578965,1,1,2,1
JE Root,2.0,15,0,0,7.5,2.0,15.0,0.0,0.0,7.5,1,0,1,1
Nithish Kumar Reddy,18.5,208,4,0,11.243243243243247,2.055555555555555,23.11111111111111,0.4444444444444444,0.0,1.2492492492492497,4,5,7,1
H Sharma,5.0,62,0,0,12.4,2.5,31.0,0.0,0.0,6.2,0,2,2,1
Sumit Kumar,3.3,38,0,0,11.400000000000004,1.666666666666666,19.0,0.0,0.0,5.700000000000002,0,2,2,1
N Burger,17.0,152,7,0,8.941176470588244,3.3999999999999964,30.4,1.4,0.0,1.788235294117649,4,1,5,1
L Wood,6.2,94,1,0,15.243243243243239,3.0833333333333344,47.0,0.5,0.0,7.621621621621619,0,2,2,1
SZ Mulani,5.0,57,0,0,11.4,2.5,28.5,0.0,0.0,5.7,0,2,2,1
Naman Dhir,4.7,55,0,0,11.785714285714286,1.5555555555555554,18.333333333333332,0.0,0.0,3.928571428571429,0,3,3,1
G Coetzee,33.7,357,13,0,10.603960396039584,3.366666666666673,35.7,1.3,0.0,1.0603960396039585,3,7,9,1
Azmatullah Omarzai,21.0,194,4,0,9.238095238095234,3.0000000000000013,27.714285714285715,0.5714285714285714,0.0,1.319727891156462,3,4,6,1
SH Johnson,16.0,155,4,0,9.687500000000014,3.1999999999999953,31.0,0.8,0.0,1.9375000000000029,2,3,5,1
KT Maphaka,6.0,90,1,0,14.999999999999996,3.000000000000001,45.0,0.5,0.0,7.499999999999998,0,2,2,1
M Siddharth,9.5,72,1,0,7.578947368421052,3.1666666666666665,24.0,0.3333333333333333,0.0,2.526315789473684,3,0,3,1
MP Yadav,12.3,88,8,0,7.135135135135141,3.083333333333331,22.0,2.0,0.0,1.7837837837837853,4,0,4,1
R Ravindra,2.0,7,0,0,3.5,1.0,3.5,0.0,0.0,1.75,1,1,2,1
KA Maharaj,6.0,39,2,0,6.499999999999998,3.000000000000001,19.5,1.0,0.0,3.249999999999999,1,1,2,1
WG Jacks,9.0,100,2,0,11.111111111111109,1.8000000000000003,20.0,0.4,0.0,2.222222222222222,3,2,4,1
S Joseph,4.5,51,0,0,11.333333333333336,4.499999999999999,51.0,0.0,0.0,11.333333333333336,0,1,1,1
Arshad Khan (2),2.0,25,0,0,12.5,2.0,25.0,0.0,0.0,12.5,0,1,1,1
M Shahrukh Khan,2.0,16,0,0,8.0,1.0,8.0,0.0,0.0,4.0,1,1,2,1
N Thushara,26.3,259,8,0,9.835443037974665,3.761904761904769,37.0,1.1428571428571428,0.0,1.4050632911392378,1,6,5,1
LB Williams,6.3,74,1,0,11.684210526315786,3.166666666666668,37.0,0.5,0.0,5.842105263157893,1,1,2,1
RJ Gleeson,8.0,72,1,0,8.999999999999995,4.000000000000003,36.0,0.5,0.0,4.499999999999997,1,1,1,1
MJ Suthar,2.0,26,0,0,13.0,2.0,26.0,0.0,0.0,13.0,0,1,1,1
A Kamboj,10.3,115,2,0,11.12903225806452,3.4444444444444433,38.333333333333336,0.6666666666666666,0.0,3.70967741935484,1,2,3,1
V Viyaskanth,10.0,90,1,0,9.000000000000002,3.3333333333333326,30.0,0.3333333333333333,0.0,3.0000000000000004,2,1,3,1
V Kaverappa,4.0,36,2,0,9.000000000000004,3.9999999999999982,36.0,2.0,0.0,9.000000000000004,0,1,1,1
Gulbadin Naib,1.0,12,0,0,12.000000000000002,0.9999999999999999,12.0,0.0,0.0,12.000000000000002,1,0,1,1
N Wadhera,2.0,13,0,0,6.5,2.0,13.0,0.0,0.0,6.5,0,1,1,1
Atharva Taide,0.2,4,0,0,24.0,0.16666666666666666,4.0,0.0,0.0,24.0,0,1,1,1
